Date,Cash_In,Cash_Out,Net_Cashflow,End_Balance,Transaction_Count,Lag_1,Lag_7,Rolling_Mean_7,Rolling_Std_7,Rolling_CashIn_7,Rolling_CashOut_7,Target
24-08-2023,1950,250,1700,4724.8,7,-800,-100,363.4285714,1568.86178,5665,3121,-4528
25-08-2023,554,5082,-4528,196.8,12,1700,-170,-259.1428571,2439.136625,6219,8033,1619
26-08-2023,1700,81,1619,1815.8,6,-4528,-500,43.57142857,2533.912709,7919,7614,-1260
27-08-2023,240,1500,-1260,555.8,3,1619,15,-138.5714286,2581.683292,8144,9114,840
28-08-2023,850,10,840,1395.8,2,-1260,-1000,124.2857143,2573.014362,8994,8124,-700
29-08-2023,600,1300,-700,695.8,3,840,3299,-447,2161.730865,6294,9423,755
30-08-2023,770,15,755,1450.8,3,-700,-800,-224.8571429,2198.986314,6664,8238,2050
31-08-2023,2300,250,2050,3500.8,5,755,1700,-174.8571429,2253.354716,7014,8238,-3500
01-09-2023,0,3500,-3500,0.8,1,2050,-4528,-28,1933.106222,6460,6656,34
03-09-2023,34,0,34,34.8,1,-3500,1619,-254.4285714,1796.002214,4794,6575,1110
04-09-2023,1310,200,1110,1144.8,3,34,-1260,84.14285714,1798.231578,5864,5275,1300
05-09-2023,1300,0,1300,2444.8,2,1110,840,149.8571429,1838.413304,6314,5265,-25
06-09-2023,0,25,-25,2419.8,2,1300,-700,246.2857143,1803.783497,5714,3990,130
08-09-2023,850,720,130,2549.8,3,-25,755,157,1789.820196,5794,4695,50
09-09-2023,550,500,50,2599.8,4,130,2050,-128.7142857,1585.208158,4044,4945,-10
11-09-2023,0,10,-10,2589.8,1,50,-3500,369.8571429,575.3000459,4044,1455,90
12-09-2023,180,90,90,2679.8,4,-10,34,377.8571429,570.2182122,4190,1545,-2250
13-09-2023,750,3000,-2250,429.8,3,90,1110,-102.1428571,1057.330984,3630,4345,5860
14-09-2023,6170,310,5860,6289.8,5,-2250,1300,549.2857143,2493.936695,8500,4655,940
15-09-2023,980,40,940,7229.8,3,5860,-25,687.1428571,2483.550646,9480,4670,-230
16-09-2023,0,230,-230,6999.8,2,940,130,635.7142857,2500.678955,8630,4180,21
17-09-2023,50,29,21,7020.8,3,-230,50,631.5714286,2501.834784,8130,3709,209
18-09-2023,450,241,209,7229.8,2,21,-10,662.8571429,2493.831218,8580,3940,-129
20-09-2023,0,129,-129,7100.8,3,209,90,631.5714286,2503.570308,8400,3979,551
21-09-2023,4051,3500,551,7651.8,4,-129,-2250,1031.714286,2167.54175,11701,4479,-5600
22-09-2023,0,5600,-5600,2051.8,7,551,5860,-605.4285714,2239.607768,5531,9769,1153
23-09-2023,1280,127,1153,3204.8,5,-5600,940,-575,2265.40276,5831,9856,-110
24-09-2023,0,110,-110,3094.8,1,1153,-230,-557.8571429,2268.899912,5831,9736,1060
25-09-2023,1120,60,1060,4154.8,4,-110,21,-409.4285714,2345.762481,6901,9767,-3601
26-09-2023,400,4001,-3601,553.8,4,1060,209,-953.7142857,2605.940503,6851,13527,70
27-09-2023,600,530,70,623.8,6,-3601,-129,-925.2857143,2617.49675,7451,13928,160
28-09-2023,1450,1290,160,783.8,3,70,551,-981.1428571,2584.708909,4850,11718,100
29-09-2023,600,500,100,883.8,2,160,-5600,-166.8571429,1595.719318,5450,6618,105
30-09-2023,480,375,105,988.8,6,100,1153,-316.5714286,1497.381254,4650,6866,659
01-10-2023,5250,4591,659,1647.8,6,105,-110,-206.7142857,1542.589351,9900,11347,170
02-10-2023,540,370,170,1817.8,2,659,1060,-333.8571429,1454.973245,9320,11657,571
03-10-2023,600,29,571,2388.8,3,170,-3601,262.1428571,244.8519475,9520,7685,170
04-10-2023,250,80,170,2558.8,4,571,70,276.4285714,234.4702235,9170,7235,410
05-10-2023,600,190,410,2968.8,4,170,160,312.1428571,232.8142526,8320,6135,114
06-10-2023,920,806,114,3082.8,7,410,100,314.1428571,230.7389785,8640,6441,-39
07-10-2023,2330,2369,-39,3043.8,5,114,105,293.5714286,257.3744724,10490,8435,1800
08-10-2023,1900,100,1800,4843.8,2,-39,659,456.5714286,625.4672539,7140,3944,-1960
09-10-2023,200,2160,-1960,2883.8,5,1800,170,152.2857143,1114.811003,6800,5734,-235
10-10-2023,100,335,-235,2648.8,4,-1960,571,37.14285714,1105.94491,6300,6040,-570
11-10-2023,250,820,-570,2078.8,5,-235,170,-68.57142857,1126.308699,6300,6780,1200
12-10-2023,1200,0,1200,3278.8,2,-570,410,44.28571429,1218.09369,6900,6590,600
13-10-2023,600,0,600,3878.8,1,1200,114,113.7142857,1236.441765,6580,5784,-1020
14-10-2023,0,1020,-1020,2858.8,3,600,-39,-26.42857143,1310.040439,4250,4435,-915
15-10-2023,0,915,-915,1943.8,4,-1020,1800,-414.2857143,1056.56057,2350,5250,300
16-10-2023,1300,1000,300,2243.8,2,-915,-1960,-91.42857143,825.5539266,3450,4090,709
17-10-2023,950,241,709,2952.8,2,300,-235,43.42857143,873.8805901,4300,3996,930
18-10-2023,930,0,930,3882.8,1,709,-570,257.7142857,882.2593561,4980,3176,-35
19-10-2023,0,35,-35,3847.8,2,930,1200,81.28571429,779.9764343,3780,3211,-540
20-10-2023,0,540,-540,3307.8,2,-35,600,-81.57142857,772.5988302,3180,3751,-2606
21-10-2023,830,3436,-2606,701.8,3,-540,-1020,-308.1428571,1205.14196,4010,6167,-210
22-10-2023,0,210,-210,491.8,2,-2606,-915,-207.4285714,1175.057141,4010,5462,200
23-10-2023,370,170,200,691.8,4,-210,300,-221.7142857,1168.449216,3080,4632,-93
24-10-2023,350,443,-93,598.8,7,200,709,-336.2857143,1099.249246,2480,4834,921
25-10-2023,1000,79,921,1519.8,3,-93,930,-337.5714286,1097.525225,2550,4913,-10
26-10-2023,0,10,-10,1509.8,1,921,-35,-334,1098.713945,2550,4888,36
28-10-2023,800,764,36,1545.8,5,-10,-540,-251.7142857,1102.278052,3350,5112,-20
30-10-2023,202,222,-20,1525.8,4,36,-2606,117.7142857,375.4529328,2722,1898,-30
31-10-2023,0,30,-30,1495.8,1,-20,-210,143.4285714,354.8670442,2722,1718,-145
01-11-2023,0,145,-145,1350.8,1,-30,200,94.14285714,369.362256,2352,1693,-380
02-11-2023,280,660,-380,970.8,4,-145,-93,53.14285714,407.5522169,2282,1910,-240
03-11-2023,0,240,-240,730.8,2,-380,921,-112.7142857,150.9908543,1282,2071,-519
04-11-2023,0,519,-519,211.8,2,-240,-10,-185.4285714,205.8703938,1282,2580,-20
05-11-2023,0,20,-20,191.8,1,-519,36,-193.4285714,196.7162569,482,1836,-105
06-11-2023,200,305,-105,86.8,3,-20,-20,-205.5714286,186.5894398,480,1919,539
07-11-2023,1150,611,539,625.8,5,-105,-30,-124.2857143,338.1822557,1630,2500,395
08-11-2023,445,50,395,1020.8,4,539,-145,-47.14285714,390.2509571,2075,2405,3010
09-11-2023,3150,140,3010,4030.8,3,395,-380,437.1428571,1190.754303,4945,1885,-1290
10-11-2023,10,1300,-1290,2740.8,3,3010,-240,287.1428571,1346.252506,4955,2945,3250
11-11-2023,3440,190,3250,5990.8,4,-1290,-519,825.5714286,1681.947964,8395,2616,1360
12-11-2023,4900,3540,1360,7350.8,6,3250,-20,1022.714286,1646.828236,13295,6136,-1220
13-11-2023,0,1220,-1220,6130.8,3,1360,-105,863.4285714,1819.005393,13095,7051,18841
14-11-2023,38001,19160,18841,24971.8,9,-1220,539,3478,7012.947763,49946,25600,-12511
15-11-2023,2000,14511,-12511,12460.8,7,18841,395,1634.285714,9286.521357,51501,40061,45720
16-11-2023,46720,1000,45720,58180.8,4,-12511,3010,7735.714286,19142.0239,95071,40921,-27980
17-11-2023,270,28250,-27980,30200.8,5,45720,-1290,3922.857143,23419.67138,95331,67871,-430
18-11-2023,0,430,-430,29770.8,2,-27980,3250,3397.142857,23478.52226,91891,68111,80
19-11-2023,600,520,80,29850.8,4,-430,1360,3214.285714,23502.00514,87591,65091,1455
20-11-2023,1700,245,1455,31305.8,3,80,-1220,3596.428571,23439.55147,89291,64116,2200
21-11-2023,2200,0,2200,33505.8,1,1455,18841,1219.142857,22459.10387,53490,44956,760
22-11-2023,1250,490,760,34265.8,3,2200,-12511,3115,21652.56778,52740,30935,550
23-11-2023,550,0,550,34815.8,3,760,45720,-3337.857143,10900.45712,6570,29935,1329
24-11-2023,1600,271,1329,36144.8,4,550,-27980,849.1428571,889.5093083,7900,1956,1759
25-11-2023,2200,441,1759,37903.8,3,1329,-430,1161.857143,736.4852179,10100,1967,-3931
26-11-2023,1070,5001,-3931,33972.8,3,1759,80,588.8571429,2070.544971,10570,6448,811
27-11-2023,950,139,811,34783.8,3,-3931,1455,496.8571429,2039.723627,9820,6342,731
28-11-2023,900,169,731,35514.8,4,811,2200,287,1906.509988,8520,6511,-29781
29-11-2023,2151,31932,-29781,5733.8,9,731,760,-4076,11492.1654,9421,37953,1011
01-12-2023,1500,489,1011,6744.8,4,-29781,550,-4010.142857,11524.3693,10371,38442,60
02-12-2023,600,540,60,6804.8,3,1011,1329,-4191.428571,11436.02562,9371,38711,450
03-12-2023,1450,1000,450,7254.8,2,60,1759,-4378.428571,11332.74436,8621,39270,-889
04-12-2023,900,1789,-889,6365.8,3,450,-3931,-3943.857143,11410.81739,8451,36058,-5700
05-12-2023,7560,13260,-5700,665.8,4,-889,811,-4874,11222.44575,15061,49179,-138
06-12-2023,0,138,-138,527.8,1,-5700,731,-4998.142857,11154.71143,14161,49148,62
07-12-2023,150,88,62,589.8,3,-138,-29781,-734.8571429,2263.895053,12160,17304,1555
08-12-2023,1630,75,1555,2144.8,3,62,1011,-657.1428571,2341.811153,12290,16890,50
09-12-2023,210,160,50,2194.8,3,1555,60,-658.5714286,2341.303758,11900,16510,435
10-12-2023,450,15,435,2629.8,3,50,450,-660.7142857,2340.126614,10900,15525,2270
11-12-2023,2300,30,2270,4899.8,2,435,-889,-209.4285714,2580.972546,12300,13766,161
12-12-2023,400,239,161,5060.8,2,2270,-5700,627.8571429,917.6080188,5140,745,1600
13-12-2023,2150,550,1600,6660.8,4,161,-138,876.1428571,910.9547059,7290,1157,-1460
14-12-2023,550,2010,-1460,5200.8,3,1600,62,658.7142857,1254.514476,7690,3079,-30
15-12-2023,0,30,-30,5170.8,1,-1460,1555,432.2857143,1207.956224,6060,3034,170
16-12-2023,700,530,170,5340.8,3,-30,50,449.4285714,1202.46578,6550,3404,1430
17-12-2023,1600,170,1430,6770.8,5,170,435,591.5714286,1258.002631,7700,3559,1670
18-12-2023,2970,1300,1670,8440.8,3,1430,2270,505.8571429,1139.435595,8370,4829,-565
19-12-2023,0,565,-565,7875.8,3,1670,161,402.1428571,1207.089672,7970,5155,200
20-12-2023,1100,900,200,8075.8,2,-565,1600,202.1428571,1085.387247,6920,5505,975.51
21-12-2023,1475.51,500,975.51,9051.31,3,200,-1460,550.0728571,822.231083,7845.51,3995,2385
22-12-2023,2440,55,2385,11436.31,3,975.51,-30,895.0728571,1020.921301,10285.51,4020,2474.1
23-12-2023,2730,255.9,2474.1,13910.41,3,2385,170,1224.23,1115.262818,12315.51,3745.9,-3355
24-12-2023,800,4155,-3355,10555.41,6,2474.1,1430,540.6585714,2046.093177,11515.51,7730.9,-5219
25-12-2023,701,5920,-5219,5336.41,5,-3355,1670,-443.4842857,2893.598636,9246.51,12350.9,850
26-12-2023,850,0,850,6186.41,1,-5219,-565,-241.3414286,2932.85361,10096.51,11785.9,-6055.9
27-12-2023,200,6255.9,-6055.9,130.51,6,850,200,-1135.041429,3643.102914,9196.51,17141.8,208
28-12-2023,228,20,208,338.51,2,-6055.9,975.51,-1244.685714,3579.99937,7949,16661.8,540
29-12-2023,550,10,540,878.51,2,208,2385,-1508.257143,3327.225279,6059,16616.8,-578
30-12-2023,0,578,-578,300.51,2,540,2474.1,-1944.271429,2889.579528,3329,16938.9,1759
31-12-2023,1759,0,1759,2059.51,2,-578,-3355,-1213.7,3111.428958,4288,12783.9,1175
01-01-2024,6270,5095,1175,3234.51,6,1759,-5219,-300.2714286,2642.881581,9857,11958.9,-810
02-01-2024,0,810,-810,2424.51,3,1175,850,-537.4142857,2596.535513,9007,12768.9,50
03-01-2024,70,20,50,2474.51,2,-810,-6055.9,334.8571429,914.4532845,8877,6533,-1141
04-01-2024,600,1741,-1141,1333.51,3,50,208,142.1428571,1073.890036,9249,8254,-950
06-01-2024,550,1500,-950,383.51,2,-1141,540,-70.71428571,1128.181976,9249,9744,900
08-01-2024,2100,1200,900,1283.51,4,-950,-578,140.4285714,1155.396448,11349,10366,-555.9
09-01-2024,0,555.9,-555.9,727.61,3,900,1759,-190.2714286,922.7863868,9590,10921.9,2150
10-01-2024,2790,640,2150,2877.61,5,-555.9,1175,-50.98571429,1196.265648,6110,6466.9,-1000
11-01-2024,0,1000,-1000,1877.61,1,2150,-810,-78.12857143,1218.31012,6110,6656.9,830
12-01-2024,1160,330,830,2707.61,4,-1000,50,33.3,1266.691463,7200,6966.9,-950
13-01-2024,0,950,-950,1757.61,3,830,-1141,60.58571429,1238.933036,6600,6175.9,275
14-01-2024,290,15,275,2032.61,2,-950,-950,235.5857143,1156.146286,6340,4690.9,-190
15-01-2024,0,190,-190,1842.61,2,275,900,79.87142857,1124.721721,4240,3680.9,1640
16-01-2024,1650,10,1640,3482.61,3,-190,-555.9,393.5714286,1220.036592,5890,3135,-20
17-01-2024,0,20,-20,3462.61,2,1640,2150,83.57142857,943.7721931,3100,2515,-315
18-01-2024,0,315,-315,3147.61,2,-20,-1000,181.4285714,842.8063948,3100,1830,-895.9
19-01-2024,0,895.9,-895.9,2251.71,3,-315,830,-65.12857143,873.3455496,1940,2395.9,90
20-01-2024,90,0,90,2341.71,1,-895.9,-950,83.44285714,781.3394308,2030,1445.9,230
21-01-2024,580,350,230,2571.71,3,90,275,77.01428571,779.6840609,2320,1780.9,-10
22-01-2024,0,10,-10,2561.71,1,230,-190,102.7285714,772.3438024,2320,1600.9,-390.9
24-01-2024,350,740.9,-390.9,2170.81,3,-10,1640,-187.4,380.861589,1020,2331.8,40
26-01-2024,300,260,40,2210.81,2,-390.9,-20,-178.8285714,385.8987376,1320,2571.8,-105
27-01-2024,550,655,-105,2105.81,4,40,-315,-148.8285714,381.6881393,1870,2911.8,855
28-01-2024,1720,865,855,2960.81,4,-105,-895.9,101.3,384.2136949,3590,2880.9,1950
29-01-2024,1950,0,1950,4910.81,2,855,90,367.0142857,796.7701894,5450,2880.9,213
30-01-2024,800,587,213,5123.81,4,1950,230,364.5857143,797.2831585,5670,3117.9,-4793
31-01-2024,307,5100,-4793,330.81,4,213,-10,-318.7,2121.56322,5977,8207.9,881
01-02-2024,900,19,881,1211.81,2,-4793,-390.9,-137,2168.299872,6527,7486,-312
03-02-2024,258,570,-312,899.81,5,881,40,-187.2857143,2167.592421,6485,7796,680
04-02-2024,800,120,680,1579.81,2,-312,-105,-75.14285714,2192.719881,6735,7261,-700
05-02-2024,0,700,-700,879.81,3,680,855,-297.2857143,2161.325651,5015,7096,-10
06-02-2024,0,10,-10,869.81,1,-700,1950,-577.2857143,1936.982681,3065,7106,-210
07-02-2024,0,210,-210,659.81,2,-10,213,-637.7142857,1914.688723,2265,6729,2190
08-02-2024,2600,410,2190,2849.81,4,-210,-4793,359.8571429,979.7724955,4558,2039,-100
09-02-2024,0,100,-100,2749.81,1,2190,881,219.7142857,962.8190751,3658,2120,250
10-02-2024,750,500,250,2999.81,2,-100,-312,300,934.0949274,4150,2050,155
11-02-2024,200,45,155,3154.81,3,250,680,225,919.4608928,3550,1975,10090
12-02-2024,10590,500,10090,13244.81,3,155,-700,1766.428571,3761.715826,14140,1775,-10370
13-02-2024,0,10370,-10370,2874.81,4,10090,-10,286.4285714,5968.07389,14140,12135,-2655
14-02-2024,50,2705,-2655,219.81,5,-10370,-210,-62.85714286,6072.60231,14190,14630,3004
15-02-2024,3004,0,3004,3223.81,2,-2655,2190,53.42857143,6130.451094,14594,14220,-235
16-02-2024,0,235,-235,2988.81,3,3004,-100,34.14285714,6131.226507,14594,14355,-2740.9
17-02-2024,0,2740.9,-2740.9,247.91,2,-235,250,-393.1285714,6217.287368,13844,16595.9,440
18-02-2024,440,0,440,687.91,1,-2740.9,155,-352.4142857,6222.406126,14084,16550.9,-90
19-02-2024,40,130,-90,597.91,4,440,10090,-1806.7,4253.042922,3534,16180.9,-190
20-02-2024,100,290,-190,407.91,2,-90,-10370,-352.4142857,1958.282751,3634,6100.9,-130
21-02-2024,0,130,-130,277.91,1,-190,-2655,8.3,1675.608923,3584,3525.9,3501
22-02-2024,3600,99,3501,3778.91,5,-130,3004,79.3,1827.358721,4180,3624.9,-260
23-02-2024,0,260,-260,3518.91,3,3501,-235,75.72857143,1828.099655,4180,3649.9,20165
24-02-2024,20200,35,20165,23683.91,3,-260,-2740.9,3348,7535.944953,24380,944,-19
25-02-2024,20100,20119,-19,23664.91,5,20165,440,3282.428571,7567.396357,44040,21063,-60
26-02-2024,0,60,-60,23604.91,1,-19,-90,3286.714286,7565.176264,44000,20993,-10
27-02-2024,0,10,-10,23594.91,1,-60,-190,3312.428571,7551.683098,43900,20713,10
28-02-2024,150,140,10,23604.91,3,-10,-130,3332.428571,7541.224765,44050,20723,-700
29-02-2024,0,700,-700,22904.91,2,10,3501,2732.285714,7691.242741,40450,21324,-550
01-03-2024,0,550,-550,22354.91,2,-700,-260,2690.857143,7710.803037,40450,21614,-20
02-03-2024,0,20,-20,22334.91,2,-550,20165,-192.7142857,299.1904156,20250,21599,-228
03-03-2024,200,428,-228,22106.91,8,-20,-19,-222.5714286,289.2282012,350,1908,15
04-03-2024,200,185,15,22121.91,8,-228,-60,-211.8571429,297.5244688,550,2033,-240.9
05-03-2024,0,240.9,-240.9,21881.01,1,15,-10,-244.8428571,283.903046,550,2263.9,-320
06-03-2024,300,620,-320,21561.01,6,-240.9,10,-291.9857143,261.0083679,700,2743.9,-4600
07-03-2024,0,4600,-4600,16961.01,1,-320,-700,-849.1285714,1664.752559,700,6643.9,-297
08-03-2024,0,297,-297,16664.01,4,-4600,-550,-812.9857143,1675.043801,700,6390.9,-790
09-03-2024,0,790,-790,15874.01,2,-297,-20,-922.9857143,1639.188438,700,7160.9,-535
10-03-2024,0,535,-535,15339.01,2,-790,-228,-966.8428571,1621.506298,500,7267.9,-200
11-03-2024,0,200,-200,15139.01,1,-535,15,-997.5571429,1601.724333,300,7282.9,1630
12-03-2024,1630,0,1630,16769.01,1,-200,-240.9,-730.2857143,1880.80716,1930,7042,66
13-03-2024,140,74,66,16835.01,3,1630,-320,-675.1428571,1900.39754,1770,6496,-5441
14-03-2024,200,5641,-5441,11394.01,5,66,-4600,-795.2857143,2193.813857,1970,7537,200
15-03-2024,300,100,200,11594.01,5,-5441,-297,-724.2857143,2220.507953,2270,7340,559.1
16-03-2024,800,240.9,559.1,12153.11,2,200,-790,-531.5571429,2271.808525,3070,6790.9,1831
17-03-2024,2150,319,1831,13984.11,3,559.1,-535,-193.5571429,2440.923331,5220,6574.9,240
18-03-2024,250,10,240,14224.11,2,1831,-200,-130.7,2446.38895,5470,6384.9,-2025
19-03-2024,1150,3175,-2025,12199.11,5,240,1630,-652.8428571,2397.526129,4990,9559.9,-11705
20-03-2024,920,12625,-11705,494.11,4,-2025,66,-2334.414286,4766.697921,5770,22110.9,95
21-03-2024,270,175,95,589.11,3,-11705,-5441,-1543.557143,4622.435293,5840,16644.9,4259
22-03-2024,4370,111,4259,4848.11,4,95,200,-963.7,5106.81711,9910,16655.9,-4510
23-03-2024,0,4510,-4510,338.11,2,4259,559.1,-1687.857143,5213.188162,9110,20925,5060
24-03-2024,5800,740,5060,5398.11,5,-4510,1831,-1226.571429,5696.866298,12760,21346,51
25-03-2024,100,49,51,5449.11,3,5060,240,-1253.571429,5689.199822,12610,21385,-120
26-03-2024,0,120,-120,5329.11,1,51,-2025,-981.4285714,5691.710606,11460,18330,-95
27-03-2024,0,95,-95,5234.11,4,-120,-11705,677.1428571,3186.120286,10540,5800,430
28-03-2024,5500,5070,430,5664.11,6,-95,95,725,3178.425501,15770,10695,-610
29-03-2024,170,780,-610,5054.11,5,430,4259,29.42857143,2784.500665,11570,11364,-550
30-03-2024,0,550,-550,4504.11,2,-610,-4510,595.1428571,2000.406661,11570,7404,179
31-03-2024,970,791,179,4683.11,6,-550,5060,-102.1428571,375.1743722,6740,7455,-630
01-04-2024,0,630,-630,4053.11,4,179,51,-199.4285714,415.0228336,6640,8036,-140
02-04-2024,1100,1240,-140,3913.11,6,-630,-120,-202.2857143,414.4533405,7740,9156,30
03-04-2024,30,0,30,3943.11,1,-140,-95,-184.4285714,422.4617762,7770,9061,-800
04-04-2024,0,800,-800,3143.11,3,30,430,-360.1428571,377.739076,2270,4791,-310
05-04-2024,0,310,-310,2833.11,4,-800,-610,-317.2857143,361.3284352,2100,4321,-80
06-04-2024,280,360,-80,2753.11,6,-310,-550,-250.1428571,354.4810425,2380,4131,-30
07-04-2024,1850,1880,-30,2723.11,7,-80,179,-280,319.3743885,3260,5220,-2500
08-04-2024,0,2500,-2500,223.11,1,-30,-630,-547.1428571,905.3860003,3260,7090,184
09-04-2024,1320,1136,184,407.11,7,-2500,-140,-500.8571429,937.3856248,3480,6986,496
10-04-2024,700,204,496,903.11,5,184,30,-434.2857143,996.0792663,4150,7190,-840.9
11-04-2024,230,1070.9,-840.9,62.21,4,496,-800,-440.1285714,998.6985443,4380,7460.9,1639
12-04-2024,32589,30950,1639,1701.21,5,-840.9,-310,-161.7,1274.59651,36969,38100.9,-50
13-04-2024,2300,2350,-50,1651.21,3,1639,-80,-157.4142857,1274.967386,38989,40090.9,-1650
14-04-2024,0,1650,-1650,1.21,2,-50,-30,-388.8428571,1389.838986,37139,39860.9,545
15-04-2024,950,405,545,546.21,6,-1650,-2500,46.15714286,1055.179087,38089,37765.9,470
16-04-2024,600,130,470,1016.21,2,545,184,87.01428571,1066.878188,37369,36759.9,-850
17-04-2024,3420,4270,-850,166.21,5,470,496,-105.2714286,1101.611266,40089,40825.9,-130
18-04-2024,0,130,-130,36.21,1,-850,-840.9,-3.714285714,1054.241388,39859,39885,70
19-04-2024,500,430,70,106.21,4,-130,1639,-227.8571429,777.1521577,7770,9365,1050
20-04-2024,1450,400,1050,1156.21,5,70,-50,-70.71428571,917.6256888,6920,7415,780
21-04-2024,780,0,780,1936.21,1,1050,-1650,276.4285714,637.4736222,7700,5765,2435
22-04-2024,2970,535,2435,4371.21,5,780,545,546.4285714,1042.052119,9720,5895,-360
23-04-2024,300,660,-360,4011.21,4,2435,470,427.8571429,1097.921738,9420,6425,1440
24-04-2024,1571,131,1440,5451.21,4,-360,-850,755,989.5242965,7571,2286,1200
25-04-2024,1200,0,1200,6651.21,1,1440,-130,945,916.2468736,8771,2156,520
26-04-2024,1160,640,520,7171.21,4,1200,70,1009.285714,858.5958914,9431,2366,-6853
27-04-2024,1060,7913,-6853,318.21,5,520,1050,-119.7142857,3090.698773,9041,9879,1475
28-04-2024,1600,125,1475,1793.21,7,-6853,780,-20.42857143,3135.260162,9861,10004,650
29-04-2024,650,0,650,2443.21,1,1475,2435,-275.4285714,2970.530472,7541,9469,-2255
30-04-2024,50,2305,-2255,188.21,8,650,-360,-546.1428571,3064.388326,7291,11114,1408
01-05-2024,1650,242,1408,1596.21,2,-2255,1440,-550.7142857,3060.95354,7370,11225,-1493
02-05-2024,907,2400,-1493,103.21,10,1408,1200,-935.4285714,2972.19015,7077,13625,90
03-05-2024,320,230,90,193.21,3,-1493,520,-996.8571429,2941.380143,6237,13215,830
04-05-2024,1380,550,830,1023.21,4,90,-6853,100.7142857,1444.567953,6557,5852,370
05-05-2024,800,430,370,1393.21,5,830,1475,-57.14285714,1324.769216,5757,6157,-70
06-05-2024,250,320,-70,1323.21,6,370,650,-160,1288.160057,5357,6477,-879
07-05-2024,1850,2729,-879,444.21,10,-70,-2255,36.57142857,984.3434118,7157,6901,670
08-05-2024,1060,390,670,1114.21,6,-879,1408,-68.85714286,842.2391641,6567,7049,-1064
09-05-2024,50,1114,-1064,50.21,8,670,-1493,-7.571428571,729.3873816,5710,5763,1770
10-05-2024,4000,2230,1770,1820.21,5,-1064,90,232.4285714,994.9100223,9390,7763,-890.9
11-05-2024,570,1460.9,-890.9,929.31,6,1770,830,-13.41428571,1034.470896,8580,8673.9,1265
12-05-2024,1750,485,1265,2194.31,5,-890.9,370,114.4428571,1139.713753,9530,8728.9,11400
13-05-2024,11530,130,11400,13594.31,5,1265,-70,1753.014286,4403.200563,20810,8538.9,-11300
14-05-2024,0,11300,-11300,2294.31,6,11400,-879,264.3,6636.626181,18960,17109.9,-120
15-05-2024,650,770,-120,2174.31,7,-11300,670,151.4428571,6635.294257,18550,17489.9,-60
16-05-2024,1130,1190,-60,2114.31,7,-120,-1064,294.8714286,6615.464001,19630,17565.9,-855
17-05-2024,650,1505,-855,1259.31,4,-60,1770,-80.12857143,6592.268308,16280,16840.9,-375
18-05-2024,0,375,-375,884.31,4,-855,-890.9,-6.428571429,6584.572698,15710,15755,-575
19-05-2024,100,675,-575,309.31,7,-375,1265,-269.2857143,6562.045812,14060,15945,-260
20-05-2024,0,260,-260,49.31,2,-575,11400,-1935,4138.604837,2530,16075,355
21-05-2024,1070,715,355,404.31,5,-260,-11300,-270,388.0721582,3600,5490,1631
22-05-2024,5970,4339,1631,2035.31,8,355,-120,-19.85714286,822.283493,8920,9059,-685
23-05-2024,650,1335,-685,1350.31,8,1631,-60,-109.1428571,860.4166488,8440,9204,-260
24-05-2024,600,860,-260,1090.31,4,-685,-855,-24.14285714,801.8500335,8390,8559,600
25-05-2024,1600,1000,600,1690.31,10,-260,-375,115.1428571,815.3149552,9990,9184,-520
26-05-2024,0,520,-520,1170.31,6,600,-575,123,807.7858627,9890,9029,-851
27-05-2024,0,851,-851,319.31,6,-520,-260,38.57142857,881.9672815,9890,9620,-50
28-05-2024,210,260,-50,269.31,3,-851,355,-19.28571429,870.9653101,9030,9165,-245.9
29-05-2024,450,695.9,-245.9,23.41,6,-50,1631,-287.4142857,478.9126588,3510,5521.9,738
24-08-2023,2058.278474,0,1984.952637,5584.129522,2,1074.040948,-99.03627741,-517.3575208,2485.893264,14063.44811,13123.73301,210.4762561
25-08-2023,0,94.25480813,-284.6470544,5228.084255,1,-1703.596359,1674.323883,349.3150198,1277.715417,3935.101657,4028.953843,384.5177664
26-08-2023,2914.864403,330.6685111,2833.61009,4332.9808,3,333.5976929,-1874.628081,557.2617461,904.973447,9090.576163,1161.957916,-624.1822664
27-08-2023,464.6636956,250.7616561,-74.21395595,15096.36945,1,-376.0627033,-620.0411409,-1120.049485,1984.112695,3021.16709,8846.108574,2860.739659
28-08-2023,163.2975095,418.024846,168.982667,6860.702074,2,1292.915098,478.5920263,664.8549342,2905.374115,11685.23396,4485.091564,-724.0820814
29-08-2023,2430.050759,0,2542.026876,5232.258838,2,-83.69112405,-820.0351105,-102.3322801,2796.716941,11013.74692,11107.82069,88.66862263
30-08-2023,0,684.4389338,-316.8730097,951.5699279,2,587.4876939,2562.317005,-1814.231542,2647.157982,4514.885102,17674.66983,1918.952412
31-08-2023,0,384.2113242,-697.8819784,1835.471959,6,984.5521629,-142.2450985,-127.3989781,556.2353393,2381.407565,2862.585263,-607.6354838
01-09-2023,2462.704798,565.6621082,1508.829905,37737.00369,3,1169.315602,-553.1919989,1183.778756,381.6939106,14902.82062,1165.626525,-4315.032838
02-09-2023,1163.355914,93.68486552,1452.767964,4269.648188,3,46.49846046,1261.327379,-635.1410327,2303.672127,12737.01968,13058.41393,-48.71190161
03-09-2023,784.4329481,0,-230.5107075,993.0585619,5,2208.135364,502.3282055,-292.681127,1224.262636,5781.670021,6470.574006,312.7280773
04-09-2023,3178.268182,0,2393.671138,3204.218687,5,-709.1897497,1280.953578,-193.476555,1515.228539,7170.182073,5929.967513,-815.546563
05-09-2023,0,4506.332487,-4769.258442,1185.326451,4,-755.0420536,-359.8695857,-584.504351,2469.367612,3873.30123,8303.121406,702.5923946
06-09-2023,0,1026.476228,-548.3779359,0.8,7,-388.8767001,1058.95853,-256.7112433,6615.340155,15698.32272,16186.40036,-84.66266973
07-09-2023,170.6589812,5912.309118,-5331.68402,11357.99588,5,663.7035047,-5006.956107,-744.2718765,1808.406564,1288.417058,8718.125209,1032.170249
08-09-2023,10514.21787,730.779259,9979.281735,14269.08962,3,494.7923178,-1780.332577,1785.541587,3668.39636,13964.39086,745,-9493.38401
09-09-2023,465.8678866,197.1998635,77.91784017,8342.626392,3,-674.9987483,-248.0878386,669.4868274,2537.708389,8462.361475,1255.33886,287.5072298
10-09-2023,88.44722227,10522.57045,-10903.79422,0.8,6,11675.70927,-483.9148541,391.2464509,6642.773646,18529.14551,20891.74288,-320.4429855
11-09-2023,744.308569,7540.870564,-6888.599938,0.8,5,478.0577736,1054.594047,-218.6424392,4022.033364,11734.87146,9827.24554,2176.223044
12-09-2023,692.540688,961.0486642,-926.8306747,1224.759377,4,-640.9987614,2255.071626,-406.5753274,994.588588,1767.526702,6062.022912,464.1048199
13-09-2023,1025.383272,127.2721688,900.8363372,1383.262468,3,-495.500028,1025.371967,-317.1500093,773.2540334,3406.612784,2859.209278,129.1588131
14-09-2023,227.6418632,6.759385819,738.1795488,0.8,1,143.1127842,-2400.430789,-68.75055709,1756.314773,4568.27661,3935.116544,3722.300591
15-09-2023,0,663.4432496,-1241.364395,15941.06723,2,254.1466928,-1254.002505,-1143.520219,1569.031008,572.2938905,8959.70902,-669.7011822
16-09-2023,1775.654606,6.822513765,2718.393007,16925.81939,1,-1840.70338,-485.2478914,-796.5492129,1701.432803,1245.734075,4740.595878,-447.774365
17-09-2023,137.7157487,130.4577246,-886.0427715,24587.56498,1,211.7620647,-162.8323137,3194.189521,6614.468375,41293.99705,21815.74266,513.9674304
18-09-2023,0,74.75693098,339.1077895,4053.89448,2,789.6573399,-781.8715932,62.18529659,1070.484409,5781.614541,4279.549841,803.3683803
19-09-2023,1482.844736,3704.294304,-2165.968003,1200.550967,3,-943.6415435,-431.2371284,-301.8151244,798.6146997,2556.458094,2157.360041,33.78769926
20-09-2023,1406.073004,193.2195298,1091.537091,1009.798168,5,488.5663975,342.9170602,176.2660507,986.0039289,9761.985753,6430.570219,-78.19444452
21-09-2023,2589.103872,160.8124519,1813.940032,2997.832933,5,-733.6363425,1133.171596,80.09456428,754.210763,5167.818082,5572.436928,-434.2814384
22-09-2023,11.11920439,0,-310.2452094,1735.795838,2,-1250.998009,-400.888519,231.9385325,519.1157488,8819.400781,5288.176522,742.5959528
23-09-2023,178.2268342,121.2231457,-67.42075887,5542.820178,2,706.5698358,661.2949765,647.7630824,2691.982171,8901.39303,5086.775742,115.4982883
24-09-2023,466.9154686,440.0986004,2009.868104,1262.351611,1,-2870.240733,-44.43179004,-250.0107924,6329.784973,16894.78508,17291.8673,526.5728776
25-09-2023,1163.049495,4978.847816,-3116.480552,33929.0643,3,2042.062122,-258.7993074,782.4199577,2124.794011,10915.48726,5907.122491,809.2791753
26-09-2023,978.5163281,672.4406452,-27.24107118,1133.345093,3,989.5755047,1249.268559,199.9991801,2036.045748,6293.941907,4203.119283,373.8650298
27-09-2023,663.5280623,0,-1561.84485,856.7534766,3,-590.7546224,230.3008874,-703.9990861,3150.481042,3956.724247,13481.50806,-34.08299653
28-09-2023,876.7583137,970.5793362,-480.0000291,1065.11204,6,836.2960421,-946.081214,60.66957367,976.5306085,11090.58565,8820.884401,-635.5122265
29-09-2023,211.6384952,0,51.73784207,1450.812394,2,1510.240178,1866.939096,77.44722788,1336.950292,5181.071002,1653.729249,-799.1360468
30-09-2023,1860.537719,31888.02899,-29781,4520.873133,9,2063.413182,958.6962442,-3799.504667,11860.20772,9800.918664,38106.36634,1400.382242
01-10-2023,2347.091299,1757.78812,180.2801186,853.8716852,10,-217.7774284,-482.6332972,216.203509,853.5625692,11407.42808,9074.01654,-574.915018
02-10-2023,5964.142418,4781.62078,729.3057637,1895.907161,6,1080.56571,87.54129196,-229.3403878,1067.805301,10230.08493,11081.04575,408.0684903
03-10-2023,6407.801866,4243.454188,6.68045611,6614.851857,6,81.20689661,398.5154484,735.0988923,2808.139604,17131.84538,10355.30448,-825.3959847
04-10-2023,0,0,366.2552207,30609.85189,2,-28086.08245,3229.244712,3419.602586,22605.98595,92029.84918,67790.6612,-1504.193349
05-10-2023,1360.094184,980.6973694,1315.568828,2954.071265,2,-944.7075431,-1906.354358,104.2571607,1116.905198,5118.807763,3328.247058,1180.584263
06-10-2023,0,4480.782847,-4261.036364,176.4212225,12,2055.750314,-690.9702957,-130.6329528,2224.435689,6417.873745,9352.304742,714.0758646
07-10-2023,194.3292096,780.5920112,-482.5380206,4522.308494,2,380.7927534,569.2668887,-92.59692483,801.5270646,7726.289722,3275.458769,-3005.981344
08-10-2023,254.9330829,2035.254189,-1897.393489,5656.667494,3,1959.126491,-379.7080033,526.2364582,966.7189067,7409.88082,3204.907646,240.3064179
09-10-2023,1792.871977,771.6706421,345.187406,646.392001,5,-537.7020932,-11636.71985,-406.6570084,1056.256891,3498.750538,4357.813224,1747.570138
10-10-2023,0,0,799.1348164,17159.90292,3,1362.10816,-607.1962299,-664.3400308,857.1447163,615.8674419,5246.413669,-5024.24202
11-10-2023,501.3784632,2142.551774,701.3371169,168.2890034,7,-3659.996614,-319.9932103,-518.660634,982.1544408,2630.032161,6793.425511,637.3433661
12-10-2023,0,1185.62753,-118.7920448,2579.551207,4,-1714.296586,477.7232048,215.4149769,1007.74234,5521.819848,6675.206523,252.6807586
13-10-2023,0,10224.11427,-10008.44412,672.3495085,5,10190.78844,69.19356822,271.1096468,5973.592381,16713.82194,13204.73525,-2192.078905
14-10-2023,6243.437929,872.875872,5215.267011,4931.469421,5,-4929.582223,1406.85703,-1151.653165,5543.243211,14817.81466,22170.78002,-721.0793376
15-10-2023,0,415.7023783,63.14681674,3740.205977,6,-149.3327567,-292.6515602,-487.8140423,150.9908543,2133.001021,2739.143712,25.92618638
16-10-2023,11548.37801,30.47384906,11692.23296,13711.32563,5,1386.081181,116.2595484,1712.52748,4102.161801,21971.82429,8597.783697,-11442.5749
17-10-2023,573.7932119,0,1824.061426,16842.34377,1,-1063.540854,206.1991319,-682.2747874,2631.790941,1793.763045,6984.166492,1121.286005
18-10-2023,0,376.8098256,-491.0955239,3589.612573,3,-68.11557077,1062.841862,-66.42619374,303.9939234,2632.782815,5222.435043,-603.500735
19-10-2023,447.7735219,216.616843,-463.2827686,4750.378548,2,-215.5498411,-4762.652834,585.4813067,2123.69908,13773.91791,8229.03495,402.8970867
20-10-2023,1716.214926,239.3177868,1300.431476,1186.335566,7,-7109.481011,669.123848,51.66777624,2264.779412,9366.393825,9162.27602,-95.23273272
21-10-2023,0,0,-341.9764522,3860.090908,2,934.6707254,1285.080549,179.9688231,150.9908543,2212.694608,3486.06054,-579.6021383
22-10-2023,0,1194.268361,-2949.623746,0.8,1,21.5003415,-791.0799555,-421.5994928,630.2873927,3858.219874,8035.770673,235.2900491
23-10-2023,11537.41316,328.2982163,10426.50099,13736.56882,5,1257.910619,-696.7457397,1865.16108,4854.414492,19924.54924,9013.353893,-11990.15495
24-10-2023,168.7922516,516.6552091,-1063.841986,14937.39843,2,-341.9985456,-529.6268069,-997.6424997,1633.040326,554.4527831,7213.271454,-402.897453
25-10-2023,1489.103249,2793.968683,-445.1647667,4024.275621,5,679.2748399,748.0917431,481.020982,150.9908543,10948.7915,7698.554661,2134.363794
26-10-2023,2835.057129,557.7133774,1992.369526,2299.562732,4,602.0007179,-5087.981619,272.5505494,1102.951977,5158.339108,1444.329845,208.0286051
27-10-2023,0,175.2916388,1043.317468,1634.328531,4,-72.60544051,1693.130552,-252.0810176,1277.597348,4565.1384,7771.150047,501.5921071
28-10-2023,0,0,-484.5812487,873.2473957,4,212.4096067,-266.2734674,214.7523799,1126.201232,2781.650964,745,-154.7557344
29-10-2023,0,3067.609863,-3391.311207,471.5733146,1,2322.367049,-4152.266014,2.667451504,2649.532986,8194.25518,8518.888894,231.0935114
30-10-2023,2481.842736,971.3291298,965.7123602,0.8,4,-1028.246252,-379.6881216,26.13074434,912.9913884,13920.84597,12656.7456,-988.2582803
31-10-2023,6.02017614,384.39354,779.1287094,1361.837085,2,-73.17063006,1211.677737,-158.4317116,859.0337129,5286.581202,2858.605206,1222.769794
01-11-2023,0,27.60328469,-243.4136301,1582.977001,1,25.17920206,534.9667335,-129.0241227,319.7930774,3747.707555,1231.363116,-147.0362129
02-11-2023,0,842.0497569,-368.5861296,3738.22645,2,-350.6572929,-476.4863223,493.869248,1041.79921,1465.246596,1337.136734,-1324.560527
03-11-2023,64.2738963,0,-495.4535573,27084.37757,2,-28255.07072,3668.285375,3391.222322,23353.08732,92298.62869,67270.80333,-525.4330102
04-11-2023,31.49379942,3206.445043,-2108.883684,794.5262955,5,-10313.18303,1543.135326,-137.1750584,6493.473387,15031.27544,13680.09988,2934.020832
05-11-2023,5617.28029,4558.25024,2383.373697,1551.591266,8,303.5331441,3.440005846,236.1152979,903.1191483,14047.39842,9931.997393,-903.2041661
06-11-2023,2701.322758,0,2752.087235,3896.4165,5,856.5764087,401.678539,565.9835008,1450.167088,7729.376494,6176.507516,-878.8534219
07-11-2023,2726.139762,3002.799352,567.2601196,2151.772748,5,-857.8569401,-55.65088432,260.4518222,150.9908543,11502.18287,9289.051869,2056.479467
08-11-2023,0,141.0189804,-25.82528517,2662.615106,1,1085.755821,263.5331849,-432.4378769,2098.791402,6526.531381,9636.667097,1416.393454
09-11-2023,266.5869289,180.333667,210.5467978,2824.272631,2,-2301.641319,-1420.475506,297.2930338,1312.18995,7480.634185,4377.962861,34.60875308
10-11-2023,862.4818605,4284.181877,-4061.753196,0.8,2,3984.582604,-86.0714169,-1609.992491,5240.593349,7994.350821,19943.9504,4932.886064
11-11-2023,44.04159283,1185.899372,52.68683421,968.2127636,6,-87.54035934,1319.79091,-309.1244283,417.241939,3741.727836,5825.004408,463.5136395
12-11-2023,0,0,-229.6742165,1593.575693,2,519.5028158,-5118.517724,-274.573185,1289.029027,9060.449186,7623.390317,-732.4636185
13-11-2023,407.533861,1329.191849,-707.4344101,3082.179687,3,945.7398423,152.5692373,-185.1220814,1342.600457,3315.223551,3055.221814,-962.2773728
14-11-2023,0,665.4111696,-78.54208469,1422.159208,4,98.59065507,-2688.72645,130.3070874,1010.297818,4129.725061,2391.852466,183.2942328
15-11-2023,1766.963268,1451.581856,-182.0121032,4043.276501,7,-226.9097609,645.8502621,-279.3190516,150.9908543,2668.888156,5481.891517,-2543.013664
16-11-2023,0,641.5285886,468.9726812,1857.923444,3,-314.2170303,-29417.81116,-654.8004399,2203.388909,14169.30278,16600.88264,1615.759911
17-11-2023,0,360.967037,-308.3923399,2897.899592,3,4273.33548,-120.9147972,27.34379595,1767.664434,5702.070618,2335.034968,20229.08214
18-11-2023,910.0578432,575.3407961,-131.6154164,2216.259255,4,-1061.913366,-616.2870525,-166.4606494,150.9908543,2995.036572,3838.486627,-149.8622824
19-11-2023,5672.471325,4037.437583,860.1662449,2444.572543,6,-232.6304438,270.7926941,-351.4797439,1489.699832,9117.325701,10765.05958,-301.5134459
20-11-2023,553.7871778,659.3100604,-502.657949,863.2361692,1,-177.8306838,-602.9007232,38.3274779,537.6437555,39665.19135,41669.49551,64.17281959
21-11-2023,0,0,305.6971099,1855.254825,3,1387.05778,-64.06933392,-786.1944947,2147.857907,11503.50951,15907.19032,522.4286444
22-11-2023,2459.766849,876.786556,2570.286125,2533.118843,5,405.7020503,1527.233858,-72.28437145,1044.224225,4795.339081,5979.18584,-623.2273045
23-11-2023,0,134.7355099,-912.4425735,969.0037902,4,-545.8385547,-1351.373251,-155.2446473,6583.386037,15453.52805,15004.98028,417.077455
24-11-2023,377.5303409,0,1072.429167,3270.113235,2,-771.7604313,-878.5468648,78.32644925,3161.921526,6766.614534,7901.922516,-660.6152368
25-11-2023,1790.095419,1392.241845,-305.1279337,443.0910294,7,-2904.933527,-32.21336785,-689.4315288,532.4205745,4516.190939,7264.73652,653.313904
26-11-2023,1434.200493,1780.869606,253.8439151,1185.445245,7,441.2878489,-1216.02609,111.486429,6223.179356,18992.89659,18576.77524,-1307.864049
27-11-2023,68.07592763,330.9365489,78.95519056,5164.341892,5,-78.17701717,4346.389053,137.7944687,3314.729281,10609.06175,9992.068979,-506.6213836
28-11-2023,539.4402764,1053.290303,-137.5839792,3572.317611,4,566.1591769,2442.851741,-245.2824959,150.9908543,1885.199923,5213.47698,-556.8861676
29-11-2023,1604.157775,534.2667508,3205.770503,4783.611468,2,-232.1888812,-88.98341832,539.7742415,473.2885478,7540.572166,1864.301316,-2492.623175
30-11-2023,49.8113823,94.44012194,-159.7911445,23352.3616,2,-611.4708626,-138.7310884,2774.431502,7577.734508,41998.26607,22332.47299,-544.3524315
01-12-2023,215.5587898,520.1617495,383.8056344,1994.305848,1,-293.0537973,498.0527186,229.6072408,150.9908543,2470.128146,745,-138.2944815
02-12-2023,2572.409227,0,2828.627538,4317.212166,5,-354.2715504,348.2940912,543.4530835,1021.542904,12726.37204,6718.009977,-1032.415606
03-12-2023,1064.661662,2140.400821,-1075.966853,142.5887788,10,1474.063544,1743.485931,-1067.609843,2655.549391,7570.94296,14911.40064,199.5579965
04-12-2023,1281.570772,257.2340714,514.3408115,1549.376855,1,556.1964689,-624.367519,61.22411873,434.2321217,4771.665216,2295.741215,-9.386623367
05-12-2023,706.1618107,1491.159937,-782.5865459,7334.61071,3,156.7954023,-3578.013292,-4113.28042,11587.60064,12184.65677,35741.94785,-6377.413377
06-12-2023,2756.647807,2413.872987,57.39210877,1342.779619,3,1129.001137,-308.0465315,-232.7231927,1554.737194,35527.20253,38006.38758,-1777.60291
07-12-2023,3946.464093,649.1359211,2201.493655,3885.164164,5,38.58561117,549.195978,572.9179454,491.4951013,9884.789162,4099.194792,-504.0683647
08-12-2023,1556.018856,86.68409762,1594.172363,1396.989878,7,-6531.839812,2288.980096,-141.2471634,3022.303086,9263.434229,9503.981959,1022.496517
09-12-2023,228.6367839,337.4720691,391.7242134,3032.134046,1,91.88686676,-243.7903575,70.86310211,1756.57601,2898.429276,1849.326859,-717.1484816
10-12-2023,3350.955366,35.18284663,3269.107895,2534.111284,5,-449.7660735,3227.675533,86.11531179,2052.836988,1749.337956,5254.629955,50.49731346
11-12-2023,1168.419629,165.2939559,1044.620804,3437.736101,4,32.66730337,412.2426079,-456.734277,2345.815543,8561.66033,9552.445211,-3714.952634
12-12-2023,708.3001879,1054.166285,-400.41318,1787.188107,2,974.5963962,163.4114125,-384.6607424,2021.082182,7060.698603,11557.22514,346.2152823
13-12-2023,59.64995621,332.5880718,-1179.883952,1868.58099,2,1385.337627,-426.1848201,340.109452,889.7440171,6709.720688,2976.425887,-617.2278153
14-12-2023,0,462.7235532,569.342262,3406.786447,3,105.6986906,155.8465583,286.391838,392.667194,2577.618615,1724.493758,8068.882683
15-12-2023,124.9847207,322.8436431,-806.0314258,15477.37276,2,633.0095906,349.9057401,-797.7036446,1680.095811,1453.5406,7229.540794,-723.1531808
16-12-2023,2147.308813,760.8065385,861.1804061,3084.929673,4,-322.6389811,-6803.095565,61.95331676,1860.578052,5660.299171,6534.07568,-705.544179
17-12-2023,834.8768703,0,196.054833,35425.45761,3,-159.7576458,44982.43032,-3207.750706,10234.59292,4735.805521,29903.02412,861.0272216
18-12-2023,580.6542608,0,-358.2227927,1541.050492,2,-328.5856401,456.4110383,-71.65216962,150.9908543,4813.72985,3466.713423,-630.2999831
19-12-2023,0,92.80898876,229.837407,0.8,1,-329.7917691,-2690.18875,47.87281148,1889.21902,7205.846499,3548.217744,3888.725228
20-12-2023,733.500649,529.5511795,-569.6457096,5116.635876,5,390.2472223,1368.340181,-111.9809685,561.7110909,4863.04452,6602.50989,1099.509089
21-12-2023,336.3876832,555.2676398,-5.413938226,1027.275423,4,-243.4474684,-1724.38947,145.3708061,278.9637041,2897.289278,2437.679539,-135.198339
22-12-2023,0,1187.844836,-831.0233975,938.1034999,3,773.0730709,-1003.89143,238.8030522,1301.149637,7740.869424,7063.201072,-70.51061922
23-12-2023,205.8883925,0,-419.5629486,3646.456363,1,660.2998233,48.35176601,-507.1573062,2821.425216,5705.045646,9494.934296,1236.908919
24-12-2023,324.4100475,201.1597773,403.3116338,5509.607408,3,454.4170113,232.3088464,745.6412835,1072.114915,6513.155302,5157.505252,2441.947605
25-12-2023,0,0,-892.1432644,1863.834936,4,-1883.013134,218.9121665,-180.8701468,1274.372217,7272.888254,6253.144178,-371.1981591
26-12-2023,613.8099223,1239.484139,-1330.471759,2868.044222,2,-1241.542328,329.0886898,-60.39815939,522.108367,9777.68661,9875.441841,260.477659
27-12-2023,3097.592072,702.9293388,1803.188223,5525.816225,5,716.2483442,1084.220837,677.3451747,1277.28451,8918.999409,5378.476925,-248.3255299
28-12-2023,904.2834998,0,1534.693633,16771.04109,1,-209.7691269,-580.270813,-684.0858043,1695.217331,2897.5323,7516.285186,-143.1572936
29-12-2023,1264.028713,0,347.7527842,3973.749763,2,106.921759,756.7446169,182.3593938,324.844038,36979.07622,38204.14625,-497.7108029
30-12-2023,684.2603309,363.6295616,539.6262863,1900.959938,2,730.9194846,1855.674791,-1579.452594,3796.118918,5406.644193,16757.37345,-641.9865595
31-12-2023,470.2047839,3111.967121,-3837.712016,10543.99989,6,2818.875662,805.1817019,722.6921122,3138.736018,10264.02085,8051.432175,-5112.291592
01-01-2024,917.8950343,392.9188566,1891.358732,6825.694244,4,-340.7968635,-384.9108295,450.2066623,1039.98507,6014.188476,745,1538.337612
02-01-2024,0,62.51227722,3.501588918,811.493496,2,-592.2195964,11234.16669,-1944.575283,4774.245019,2947.461423,14878.02133,1738.922785
03-01-2024,792.0154977,12578.18175,-11772.83673,1060.06918,4,-2706.866481,26.37764713,-2326.360035,4570.868349,3823.391905,21470.23236,-152.5264967
04-01-2024,1693.877556,0,1458.571134,3036.172252,3,418.8935172,-127.1038107,352.1736413,1178.092269,3045.17962,3525.501704,-1345.724075
05-01-2024,0,809.8691054,-401.3983701,3045.805422,3,3682.449476,580.2988193,39.2783215,6063.096098,14455.15684,13184.46055,-3855.873979
06-01-2024,0,0,316.6519277,804.8186604,2,644.2388168,596.9810854,-189.4115969,607.3693175,37374.5035,34933.38117,-1072.178671
07-01-2024,1016.817159,6.65187623,364.3295674,8049.415228,1,1708.301585,57.27518331,709.3022542,150.9908543,6486.903321,745,751.8212809
08-01-2024,0,551.3332784,-747.4108531,2130.821406,3,4194.473323,162.2259631,177.1653477,1724.709763,7313.672812,4352.655375,20042.16101
09-01-2024,511.3754194,90.61752333,226.7692355,2632.599405,5,1177.895977,166.1476534,-170.7961378,2491.641306,4825.885936,9286.141015,662.3566974
10-01-2024,0,0,244.4546611,2541.663714,3,-206.2096165,1050.074472,174.6746588,1031.479338,2682.13846,3529.791821,9396.30182
11-01-2024,2036.649923,1721.629565,-166.8534835,6329.926442,4,376.2222271,-2983.189918,-3859.613361,11754.25551,7472.847384,34731.06379,-5589.045887
12-01-2024,905.6068991,0,1283.233513,5089.387162,4,-146.611194,-677.8531079,995.2119025,1105.010778,8359.926606,1755.890976,1385.562595
13-01-2024,605.3987704,0,-220.7875094,22038.89269,2,-432.7119543,19768.12374,19.39949346,150.9908543,22417.26462,20835.40273,-795.8814071
14-01-2024,1392.331229,424.9045204,745.148054,9769.302952,3,707.297813,-788.3680428,244.7940656,901.7039355,6925.922957,1335.498953,3382.309634
15-01-2024,1242.356201,165.9655251,744.7497405,3879.158047,1,1010.858548,-606.1631123,436.7076045,758.708961,6097.452223,3017.227233,482.7352099
16-01-2024,469.8368988,531.8922314,-604.7853633,0.8,6,106.3684435,1748.694661,-439.4935607,150.9908543,3708.271579,5952.598196,904.5852704
17-01-2024,2060.93053,809.8869332,1051.56157,9202.105993,3,-1401.881903,-1269.891602,595.4717685,1129.158643,6783.55144,3147.711132,3923.32798
18-01-2024,30.17135616,0,66.42998885,1634.604452,3,1995.809165,-315.388136,-593.5329538,1937.093993,12462.81423,15491.5887,141.0846148
19-01-2024,1194.994788,217.9162795,680.551447,8355.461288,3,744.7839357,-1599.787668,846.9113014,468.2480473,5373.128191,4525.60499,2481.361139
20-01-2024,512.109497,985.955048,452.4965121,28940.88685,2,-26865.59432,2286.986719,3450.951788,23502.00514,91615.67623,67076.33838,-733.2685028
21-01-2024,0,392.2783076,278.9288578,15521.87036,2,-433.2592844,-61.87881672,-891.0807374,2002.898666,300,5928.367654,684.2229636
22-01-2024,1551.375243,6.601957002,1629.403092,9454.682555,3,-1052.631381,-1249.591827,421.2564038,944.3240762,7441.713993,1901.834431,2726.839053
23-01-2024,922.6791664,4236.679026,-4260.501435,233.63649,12,1642.328748,-161.7070066,-503.3356426,1229.105099,6279.566064,9347.191827,1326.118504
24-01-2024,0,851.9489108,-63.75856119,2172.236637,3,1109.300788,1507.655147,-354.8223216,865.4373307,12901.13199,12589.05328,1922.261358
25-01-2024,639.6111147,918.1010165,471.4620196,1430.700244,4,294.2437229,-560.5417906,-198.2746201,686.1835811,4472.22651,7185.930591,2027.073485
26-01-2024,0,414.5207286,-80.71061662,2718.343145,2,694.0509675,-31.58821462,-78.29314289,755.9389847,1349.464221,3668.300342,-1700.889666
27-01-2024,878.2720242,352.6962078,237.5329451,0.8,6,-2013.220838,-3200.402101,173.4145239,1003.14486,38118.25775,38344.47071,280.8896542
28-01-2024,642.2202038,672.9791212,577.2598474,1851.427319,2,510.07772,442.5550769,31.59329005,769.9387642,34397.61044,37325.45939,-424.7137271
29-01-2024,0,0,412.827824,2752.910058,2,-909.0393201,-5867.608037,421.0282551,1174.349845,10548.07229,6483.854509,-1630.510994
30-01-2024,0,1396.590685,-1123.670786,1441.673046,3,1744.625434,1933.462202,-169.3952824,1403.969328,8701.799936,10293.39316,2366.175924
31-01-2024,542.8376354,92.06552128,-206.6515362,4057.806338,2,662.0980286,1045.113039,268.8449516,264.7967639,6285.299688,3055.332054,-522.6108841
01-02-2024,464.5913678,721.1716063,64.58086789,3408.324873,3,3866.322399,498.2554409,37.11772159,2596.702293,5300.814488,3291.719664,19096.87429
02-02-2024,1287.125308,1352.173856,-809.6049964,296.7604359,7,-3209.584034,-687.3832814,-525.041948,662.7971372,3712.824098,7321.042693,178.9042153
03-02-2024,316.5929047,31.72815097,-314.9221186,3419.689437,3,402.7005569,478.4245979,365.8430104,1472.40344,3311.846762,745,10517.62142
04-02-2024,839.5824881,12425.30242,-11809.99886,323.7302521,4,-2293.637346,335.4571963,-2612.642104,4685.583358,5402.749987,24076.57739,357.2949977
05-02-2024,1898.698989,510.6356336,793.6703927,2316.589997,6,-385.5037409,1646.258413,-88.9207158,665.2135644,5780.069479,8276.440169,-1371.182868
06-02-2024,23.86195881,308.4861784,-708.1554109,4159.357555,3,5400.755034,-233.3003831,-1477.484728,6466.877817,12597.70974,20180.05705,-413.7149538
07-02-2024,373.6927059,393.0672834,-367.6047531,22093.67838,6,-77.01814344,1407.097556,-294.2003736,163.808059,300,1656.125457,-5300.867265
08-02-2024,2045.941078,96.64032509,2036.355133,0.8,2,-970.1013319,-3413.492093,-1246.625985,3367.611884,5376.716273,11618.28805,832.5091955
09-02-2024,737.3634694,1585.768092,-23.2530378,2282.6999,7,-143.9067633,-1038.990043,401.3780277,6019.967813,22720.59144,16728.87336,-786.5395259
10-02-2024,849.8690282,902.5767838,133.9959272,102.6532553,1,-5856.774092,981.7583678,-4928.348746,11161.96269,14374.76963,50337.1119,468.3566618
11-02-2024,553.9448525,13068.52329,-12029.19228,0.8,4,-1442.296869,478.7074782,-2377.28505,4918.865788,8051.379314,21224.96241,-804.9235048
12-02-2024,2413.647009,1027.969223,862.6873082,0.8,2,-2506.321901,1467.317513,-711.7349746,3671.066867,4739.561216,11390.16256,-1417.020396
13-02-2024,224.6443253,475.0882866,198.136552,1527.630205,3,324.9428803,2047.545175,-181.5733331,807.6094481,1348.386805,1965.24522,-344.9453187
14-02-2024,7431.317787,13416.66186,-5571.655931,718.5832345,4,-209.103517,603.5746599,-4721.858243,11240.93431,15205.48994,46100.74092,-137.1186952
15-02-2024,0,4995.174281,-5243.102979,0.8,2,3671.122073,1338.717983,-1781.065513,5375.17541,7057.626784,20361.43237,6323.3524
16-02-2024,6019.224887,4816.336088,852.1643473,2480.227474,6,1630.001608,-5201.518583,-522.4829351,2434.545035,9371.66013,11916.78362,-1539.724379
17-02-2024,0,496.3193288,244.8383688,17049.4497,2,-328.1193361,146.4622291,-1090.792214,1949.776185,2548.60402,9095.769473,-528.1077086
18-02-2024,0,826.6761761,-822.1874888,0.8,2,-187.9888535,11206.66475,-2167.971862,4407.412688,300,14056.3121,-404.6376318
19-02-2024,1909.469716,0,2203.254384,5542.105082,2,623.2875481,181.4769185,366.1939733,376.3675695,5077.720087,3613.340243,392.9584334
20-02-2024,11902.97632,0,11195.1316,13124.74236,5,1341.098145,-358.9842135,1584.890415,4452.993285,20331.14002,8866.597237,-11420.09559
21-02-2024,1778.967151,1383.295883,853.7440977,2052.957935,4,551.3391096,-921.5365468,38.36767656,720.9439959,3958.256768,2783.231637,2491.669067
22-02-2024,2152.953239,503.7578318,2128.809575,4157.055003,2,1014.083395,94.61599816,416.8746443,2106.292166,7095.580205,1655.9029,145.7707469
23-02-2024,0,408.6629577,-808.2427752,1335.448311,3,-12757.23861,-5851.120421,-1748.638717,5301.521749,6449.247047,17786.28175,4516.281353
24-02-2024,240.9203629,1474.492786,-1768.337562,0.8,2,-1360.838814,351.0195582,98.96639704,1257.986891,11213.97992,10111.64508,1408.486585
25-02-2024,1566.043664,73.18362673,454.95051,3239.21366,4,495.6726542,-624.9657681,527.6190937,368.5705602,10804.36295,6092.242629,471.5453012
26-02-2024,1651.621152,1295.485124,395.2135772,767.9634566,4,-609.4110025,-1290.225884,355.0510133,1115.10646,10608.77329,10241.65627,-360.9480561
27-02-2024,1019.15184,792.247188,626.7235181,0.8,3,-2353.800228,345.1068385,168.1545742,907.2703336,7225.314525,9886.971288,213.7865716
28-02-2024,784.1261416,71.16158414,177.295772,1476.340214,2,-4663.755362,254.7764621,123.4961532,2406.761994,7828.248967,6688.45504,-107.9088192
29-02-2024,150.785853,1047.961762,388.6485941,2474.018626,3,229.8889822,-29781,-704.0612421,2466.808835,10069.34344,18502.28267,1338.35675
01-03-2024,893.9286233,369.2766659,-1124.108264,106.2032041,4,-474.2573441,-872.876375,41.41209557,776.2040994,9012.012252,10784.62962,-1174.28961
02-03-2024,12352.79912,123.0014589,11167.37358,14201.0349,5,1660.113467,723.4911074,1708.604042,3799.467599,19687.43953,8050.762868,-11502.87778
03-03-2024,278.1500192,554.297171,-676.4955117,1999.061142,3,892.5279742,2133.154482,-98.43686156,271.8602333,300,3846.42452,204.2949473
04-03-2024,896.3180908,406.3865959,920.6598025,7684.582735,2,-587.0157717,1975.793155,217.6412924,903.2010986,8110.05867,4860.236393,739.3273585
05-03-2024,0,0,-528.896153,2132.59806,1,1053.766144,27.06862483,-560.9319002,783.0738328,1738.468544,3445.390301,-41.66199598
06-03-2024,686.8791901,5189.915602,-4581.868027,0.8,12,1370.601119,-356.6926713,-385.8005731,2801.327584,2861.981657,7140.25436,1463.985267
07-03-2024,1155.918357,1025.723979,-665.8253297,1499.50042,7,-11506.49095,764.1605842,284.7009798,6735.841431,16140.03005,17870.786,-212.0798677
08-03-2024,2.736128798,2081.824224,-143.3125239,2648.356349,3,-415.2763461,1347.519107,-44.42136829,455.4693178,2817.493033,2015.5509,357.5326667
09-03-2024,997.4608473,251.1741463,791.4522193,4058.447935,3,375.2504125,-2827.902514,365.327687,153.0500544,8797.429771,8036.526461,460.5055043
10-03-2024,1170.860812,285.2614996,219.5198736,3633.925062,3,-25.63688519,2082.458067,141.2142636,1009.688744,3001.834512,2378.187487,10030.81885
11-03-2024,201.621043,3519.095223,-2688.262222,0.8,1,2441.513306,-3545.127918,-175.7705984,2036.215495,5782.026896,5970.8779,363.6563496
12-03-2024,1655.288436,516.470925,1479.43877,4877.228435,4,-751.338204,-819.7903672,738.734714,1163.463786,4909.332006,745,1220.806319
13-03-2024,0,1123.566076,204.6903891,1066.06505,3,35.94490278,-29781,-607.9489058,1913.661815,11756.75784,17264.20927,1640.712208
14-03-2024,16.52578816,1134.16943,944.5272894,4469.606914,4,114.4327445,-481.1675595,362.6210905,480.1243521,5825.766459,1387.69756,1843.993245
15-03-2024,198.9553493,305.5168671,-252.417165,4755.613254,2,-485.9639144,-3836.430397,607.5261274,1985.83499,10446.142,7500.293371,-18.14918733
16-03-2024,2767.644459,343.7279769,1828.725862,2456.243403,5,115.901761,534.2715343,37.15081498,1544.124841,4420.914346,6691.88573,-1239.897906
17-03-2024,114.6429776,690.0374239,-375.9053589,2326.98561,5,583.9249357,-725.8051029,-199.4456197,2425.012878,8108.382353,4245.972525,592.551176
18-03-2024,131.1897323,759.1196772,-43.45424917,3214.303914,2,-151.9075437,413.0640183,56.56817264,2484.087901,3327.815878,4694.135932,-2414.604807
19-03-2024,213.8750131,434.5319143,289.1079306,0.8,2,-6448.275243,781.4127818,-1013.426462,3936.387715,8291.286115,16124.97992,354.2013244
20-03-2024,10935.04821,608.3494693,10041.00763,12227.41778,3,160.6066876,-1484.590996,1691.149223,3809.1257,14852.35309,2607.552765,-10341.14502
21-03-2024,841.8122169,4158.947986,-3899.911807,9866.640919,6,2426.505994,1624.893135,573.8210969,2036.872213,8893.555279,6942.087866,-4803.645095
22-03-2024,4487.813244,3379.326228,2128.064263,10355.97805,6,3570.263382,421.3575153,912.1821988,1202.259614,13090.69512,5523.321408,-934.6106545
23-03-2024,2003.6219,644.4881821,725.1207239,10488.11864,3,459.2422234,-1588.240173,610.6998884,520.1738648,8101.550432,5321.776252,1890.549984
24-03-2024,327.188156,1250.216433,691.2813765,4270.702524,2,2529.591621,-6571.43181,595.39093,980.0568237,5078.207348,745,3016.852435
25-03-2024,945.512213,1348.549378,-48.0017379,3074.394062,7,-11436.88965,735.9163166,85.81024994,6767.823181,18461.22467,16756.16179,136.1029468
26-03-2024,0,347.0594063,-961.2767886,401.2286675,1,-594.6626321,-1481.694597,-192.3296539,2642.904885,42100.72113,39917.65363,-221.7056356
27-03-2024,851.6627049,1354.381097,870.6146625,8338.735734,2,448.9184405,1123.618092,391.1794725,685.4528878,7878.840556,2571.429758,221.8720208
28-03-2024,198.5755189,0,147.9901955,0.8,3,-835.9975466,-29339.45889,-715.3317606,1862.844174,13429.56656,15908.22296,2153.063339
29-03-2024,806.8284147,0,1207.316923,1161.872326,2,-941.5580448,652.1657635,-50.40033233,2244.117971,6608.844886,7826.361417,-583.8124937
30-03-2024,1099.742653,53.42966196,443.0210615,12100.63125,2,570.1273155,-877.2733609,-465.2493624,1997.162535,498.554314,5029.390852,1474.730516
31-03-2024,0,2638.792713,-2360.233799,0.8,5,-10709.51048,132.4922664,-112.9264829,6290.560928,13619.94903,14864.58649,3040.559679
01-04-2024,0,382.9615014,-1412.215694,4236.606001,2,-1253.232678,-5160.397036,517.9268325,1898.235286,11548.86822,7739.518263,-744.3351609
02-04-2024,0,753.3199737,-461.4314362,411.0472482,2,62.32735025,-10079.7782,-266.8668054,1887.074605,3203.562023,6623.590113,-633.1352021
03-04-2024,10908.91773,322.8582722,9580.283037,14505.24232,3,-222.6754634,-791.7143552,1983.198156,3925.564625,14031.72456,804.8015218,-10477.31306
04-04-2024,0,0,-160.538167,0.8,1,229.0755804,-770.7419728,-109.1467143,150.9908543,858.1623146,1963.268521,-231.8087393
05-04-2024,205.1291985,1147.317287,492.3158924,2663.417648,2,-878.4599661,-1569.504982,511.781566,1041.329077,7112.467584,2667.602221,831.3812522
06-04-2024,2822.711022,128.1508382,1626.876889,11426.69545,3,478.382251,-301.4861797,-101.0769304,2588.829829,4035.546598,6149.200847,241.7066281
07-04-2024,255.5967426,1589.99417,-630.0576972,1145.453146,2,-1518.146676,-423.0014986,-19.02964917,1147.76025,9023.405389,10308.41649,589.4051034
08-04-2024,0,623.8477961,-127.3976876,0.8,2,286.5282862,-5714.618351,-37.94195264,1269.662901,6830.301815,5180.53877,-296.0113428
09-04-2024,0,0,326.1274365,23736.13258,1,-780.8418004,239.5983986,3275.492467,7274.032683,41077.68722,21097.72226,98.28318974
10-04-2024,0,682.9687233,528.6705672,7296.695852,3,-1402.970126,-141.2344929,511.5503343,2836.612542,7522.31403,3576.222766,-1258.743678
11-04-2024,201.4492518,303.0321153,1349.741071,2540.374668,1,593.3115904,1535.223844,-271.989442,3120.219926,4932.58127,10319.84795,-2213.186092
12-04-2024,0,795.8224354,-277.1414085,2668.759388,1,2910.586583,692.1732343,355.8829396,776.1308423,3110.578649,745,909.7693554
13-04-2024,475.8638543,0,-1122.301376,1965.003948,3,122.7962983,513.7966289,160.271713,573.9445998,9246.017802,8679.142473,1028.971802
14-04-2024,777.0100423,54.41635259,929.950944,843.1101406,2,68.82221427,-2048.862315,130.2154188,885.9715709,4562.952192,4499.761496,3188.340875
15-04-2024,1123.749443,261.9812039,673.1254541,4223.380929,2,264.205043,396.909825,-35.85732367,1157.941039,4620.980476,2305.381951,655.3807242
16-04-2024,2255.540989,1066.239829,-7.422275767,1042.896913,10,530.7378228,164.8019122,299.2094099,1312.646301,9115.173938,10741.10413,-196.8689225
17-04-2024,1196.76351,0,857.8182192,3093.640443,5,-4984.711048,1071.63843,-542.9502151,2916.583778,7301.9607,9759.108226,-162.1340955
18-04-2024,3567.622872,4310.866547,-381.8885139,0.8,5,214.5284859,805.7003739,-118.2395051,1014.734257,40865.55464,40098.69479,521.581231
19-04-2024,7400.360845,12826.3251,-6186.010195,1098.079953,4,-1430.181496,895.5599571,-4941.653242,10887.68052,14209.40648,50266.18702,-179.2163362
20-04-2024,1155.536678,1062.98948,1084.729043,1453.572107,5,-438.2950739,-674.7482652,140.7109968,698.5480169,3278.562007,2695.97948,2363.996895
21-04-2024,0,699.7266338,-1121.690842,1406.883772,3,1103.885695,42.74958398,-112.5391509,2864.206565,11557.63236,8130.631818,548.6188337
22-04-2024,4936.374516,3613.808426,564.4086157,546.189176,6,379.863675,137.8879785,-143.3234383,1484.017959,9682.939141,13444.23084,97.75065566
23-04-2024,344.8265175,5893.060943,-5107.153967,12532.88423,5,-21.96582623,-3899.598776,-587.6933744,1686.411706,614.4496432,7980.89621,44.51490871
24-04-2024,560.6206779,803.8433394,23.19565079,1951.932084,4,-1655.666833,1238.547632,-323.4361935,1133.286405,300,3765.772636,985.2787747
25-04-2024,0,0,-116.5842265,2363.856295,4,-824.160117,-300.4168467,286.4464755,792.361884,3912.716712,745,-2853.604624
26-04-2024,0,567.691889,-410.128424,5337.116622,3,5112.145734,-412.1401738,-110.5041373,1530.812096,5038.52016,2780.403381,19963.23224
27-04-2024,187.1357134,1236.672766,-612.8504479,4.59849557,4,815.6513252,-1192.517012,-514.5346431,1163.097295,3444.241861,5862.632575,1544.531165
28-04-2024,268.2148506,373.005872,424.5615481,2328.636003,1,1784.476493,1376.560287,160.109859,1434.571577,2272.230187,2026.183893,-250.7881026
29-04-2024,1365.099271,0,1123.806328,4026.652327,2,217.258649,-427.1522697,196.0959375,916.5971213,6919.898411,6467.13701,468.7554844
30-04-2024,1072.327631,1934.518616,-877.3568618,0.8,3,421.339328,3526.977662,-533.7485656,2415.419993,6801.501788,10034.46369,780.5701805
01-05-2024,0,0,-1320.669092,0.8,3,-182.627756,-29206.0215,-859.2860297,3032.197484,12750.22066,18265.14841,1923.676755
02-05-2024,77.796821,1032.762112,924.2102007,6714.858305,4,-433.705073,-1038.169906,841.7714273,1517.0243,4409.081519,3562.056146,1115.099029
03-05-2024,412.442018,12.87098177,248.9966341,1600.196045,3,297.2983509,-3191.514526,202.9173517,150.9908543,9884.949698,8506.777051,135.6799127
04-05-2024,540.1349777,0,-32.45659067,22793.05607,8,-362.7808505,738.8099273,-171.7636535,674.625921,552.6686492,2463.754134,-225.0633742
05-05-2024,683.9318176,1276.0694,300.6653213,7294.977509,2,136.308048,1646.536875,-4479.614009,11159.87893,8230.971635,39708.51809,-1092.584499
06-05-2024,0,237.7999984,-38.56736998,0.8,3,-922.2100381,-29563.38896,-765.8485622,2017.978528,14111.74815,18822.04328,1454.241336
07-05-2024,316.2965866,0,-537.3889609,15732.93353,2,-921.7731467,-650.9185487,-1025.6488,2525.043688,979.6195145,7780.034105,-245.4616725
08-05-2024,920.7168408,3928.46356,-3725.379707,10239.42053,6,3365.404943,885.2349969,588.8510662,2168.70854,10576.67125,6632.200901,-5130.503972
09-05-2024,0,66.52093768,1034.230168,16086.0894,3,2096.754731,-554.0958489,-694.9130678,1792.297157,2222.013781,4501.015549,-5215.221432
10-05-2024,0,11496.7399,-10915.84161,1474.944866,6,11049.58531,-261.044464,102.0056527,6943.533997,16840.45361,15726.71818,-221.07913
11-05-2024,9920.980302,0,10985.53142,11723.79199,3,-365.7094483,-839.0749875,1622.243808,4269.839285,13246.72659,2239.811095,-10320.77361
12-05-2024,682.7580476,1989.083319,-692.4488945,1497.382753,4,-909.797168,1780.262431,-114.0560322,6642.564735,15663.83371,16488.8178,-609.8638983
13-05-2024,254.7014193,1267.866793,-958.4888172,0.8,2,-777.1289155,280.5704334,-161.0750268,837.8567666,9951.765089,10071.97863,478.7440926
14-05-2024,1065.075542,2508.899722,-1601.130278,402.827309,3,200.8482344,1701.230503,-174.9923,1101.743441,7003.755135,3897.237077,6291.438289
15-05-2024,0,1856.714149,-1837.692771,0.8,2,133.241894,375.5655436,-364.9677301,1637.760144,36756.53691,39121.03484,545.5704083
16-05-2024,0,527.7633117,-1093.783838,2070.046229,2,455.5537018,300.4519131,-210.768937,615.8773778,6434.483557,2060.072812,-2906.115131
17-05-2024,0,1021.239497,-480.5121875,0.8,7,297.4925713,-288.6433797,-280.0773499,1568.872737,3838.580329,3291.750208,1079.636258
18-05-2024,19997.9909,20290.8538,291.056295,26205.39608,5,20298.31848,242.9804459,3539.11043,7494.954405,41467.68825,22421.40692,302.0178835
19-05-2024,2242.303952,54.14487344,2117.758397,11407.59509,3,143.4266375,153.3912676,1032.29774,208.0215062,13000.71184,4776.05315,2209.631834
20-05-2024,1383.679055,0,805.9137123,3354.505673,2,-4272.833068,-398.9867817,-92.43362731,2702.923767,5004.265619,6449.63684,-188.0146918
21-05-2024,0,1895.665,-1658.611206,2778.764181,3,-27.06347745,236.911733,182.495133,1207.633529,9264.066706,7671.64912,-591.7026281
22-05-2024,28.79396589,0,167.5185319,615.8204498,1,-903.5344223,2093.295277,-535.1533729,2208.091901,5111.139873,6790.24447,-118.0164456
23-05-2024,765.3356187,0,-566.973793,5270.908053,2,2350.019203,-6046.605776,669.1099674,1015.847986,5541.353033,2111.643777,1598.242923
24-05-2024,2719.37595,2978.706213,-1422.710062,544.1510312,10,731.177499,-2706.16228,-55.05985926,992.1312414,6256.964195,7699.931085,1412.804914
25-05-2024,0,0,331.8372943,24630.44968,1,1365.666265,215.7887812,3308.870193,7819.398057,44462.65908,21775.4987,-76.4539216
26-05-2024,795.0350676,199.6822698,854.1163547,3562.748151,4,-514.1832821,-201.6545672,330.5355019,196.3198594,5227.037971,5490.347072,69.77425916
27-05-2024,0,638.0771057,122.2018894,0.8,1,430.5024776,-3206.664476,117.1348513,2519.347799,5313.87979,4714.003491,3240.64967
28-05-2024,0,349.345854,790.9643391,1391.01234,6,-717.7723734,1536.876608,-178.2710826,825.0020303,5283.474134,6811.704287,-908.8762514
29-05-2024,506.8228841,5608.104747,-5960.817487,2667.758903,7,989.5022468,5511.211962,-567.476166,3144.210999,1622.951023,10973.90083,488.927128
30-05-2024,0,0,-569.4077074,1480.346871,2,1367.738886,-932.8024432,411.0056533,1975.265388,5324.966273,4435.015274,576.2989671
31-05-2024,997.2521298,596.8529211,-5.64250057,2342.350948,2,1036.573359,2064.725923,-438.4890174,493.6174059,8786.012981,9952.974983,-148.3598092
01-06-2024,19643.23078,158.8314273,19601.64554,24563.95843,3,471.2930905,-1643.255898,3340.794731,7054.979993,25043.04031,745,153.1072696
02-06-2024,1122.979841,508.2420986,1093.896465,6839.710322,3,4910.521323,294.8446741,548.3702162,2928.304335,8573.618956,4601.721011,-426.2792632
03-06-2024,2532.993339,801.0990269,615.2051769,1065.787034,10,-37.19101498,-167.9323031,121.1096763,526.995132,10506.21446,7931.043892,64.45221603
04-06-2024,684.1460378,226.8059597,-101.5333303,3537.11313,3,-698.8141362,850.1672716,-130.292505,248.3840351,1539.309636,745,169.0645782
05-06-2024,123.6515223,180.4334406,941.923464,2387.664175,1,35.22706092,741.5001718,60.98307668,1083.452918,2263.034186,1206.661987,-1066.644661
06-06-2024,2155.130391,31932,-29513.38296,5187.790108,9,731.424983,1355.092947,-4084.90412,10711.33042,10963.99937,38781.22918,911.4317895
07-06-2024,0,0,149.2253077,3534.778254,6,-1012.17659,-403.0877416,-346.6265954,646.0093672,4241.685111,5043.764462,153.7851726
08-06-2024,1634.638356,630.4670824,444.0527826,3324.624701,2,-19.74415566,300.3079403,16.11702265,794.9875085,5437.65526,3056.580535,782.2630687
09-06-2024,649.960514,0,679.2256079,1693.887151,2,-1206.012643,-247.6593165,-23.62001931,2482.554475,5481.375283,7412.06765,-970.0199049
10-06-2024,125.5112085,761.9914543,-111.7920114,17328.2534,4,-4802.1916,-512.7988244,-818.5138457,1813.060596,1336.679133,5350.900015,-1454.155101
11-06-2024,0,0,26.06448308,2041.35252,1,177.529176,-84.70931387,156.3981696,150.9908543,3164.762541,1698.574055,946.6694204
12-06-2024,1160.259753,978.0638196,2175.685172,16700.16205,1,164.4526903,-304.186078,-1066.006437,1766.754304,4684.921332,5477.405087,1350.517812
13-06-2024,416.6465302,298.2456047,-894.6824112,4998.56329,3,878.139834,631.0317728,-560.4797209,2500.423375,8382.991228,10741.78168,-255.428024
14-06-2024,142.6226909,5349.817303,-5094.074646,1905.823295,4,1081.097817,618.7442092,-578.1765191,2367.482448,4850.426048,8921.300869,984.7430341
15-06-2024,1204.534156,396.3130442,270.5643569,0.8,7,475.8420148,253.9939665,-405.941733,1191.02352,4301.487169,4207.171209,694.8451543
16-06-2024,0,0,-714.3459527,21867.82223,2,434.1205827,20243.44585,127.0493151,169.5374104,22260.84038,21285.32816,175.9745751
17-06-2024,0,208.6562658,91.00985672,0.8,1,-876.9150256,-3063.444653,67.99153474,1381.930566,4102.331481,3376.136541,3416.947862
18-06-2024,241.7639112,737.2998607,-934.4733312,3106.554713,2,43.97832217,-115.6459565,-340.5979337,1054.968776,1380.225377,5133.613531,-2700.244229
19-06-2024,59.32496528,0,268.1423975,975.2395234,3,1739.196092,854.2584885,-718.2910119,2623.039526,14765.11557,13265.09703,-31.54351339
20-06-2024,1933.635134,819.0388036,363.6501297,916.635618,10,-842.0263849,57.99027277,94.47920258,900.9342887,10158.58841,7532.468429,-699.8135211
21-06-2024,12.14692179,196.2962035,110.5001277,4579.895428,2,2229.871456,1031.812361,119.0369874,702.3988097,2782.150393,4710.301374,-29.99397186
22-06-2024,0,0,380.0928875,634.0307801,1,716.2285148,-10.82622722,-184.7843716,1022.200754,4937.982606,5810.442911,370.7073108
23-06-2024,793.2666793,232.9340555,211.6767825,5483.637458,3,196.4294439,-106.0570509,665.0549289,978.453864,8325.809571,3996.812882,1343.735627
24-06-2024,2350.718583,1218.827489,131.7829671,1513.569967,2,-692.9980111,-1068.252235,-46.56887521,2672.214793,5619.642965,8419.496032,-302.6396848
25-06-2024,2531.972781,0,1724.606547,4802.79453,2,464.8569078,-1109.729715,-173.8749507,2691.690305,13477.88803,13369.2169,-505.7837429
26-06-2024,228.0841287,435.1980502,-129.6929168,14311.28026,2,2210.94607,-4.477074846,-444.5881537,2763.158328,7251.336982,5211.495638,-2684.723093
27-06-2024,1294.850954,997.2588455,-1212.776582,0.8,8,2611.021165,-306.0587284,-33.5653418,570.679431,8324.620211,8729.068121,-348.3878493
28-06-2024,675.1864143,289.6768112,1340.207378,3439.415599,1,572.1179243,376.8267891,200.6618592,1294.126102,6791.217592,5643.370185,-618.886969
29-06-2024,441.0934856,1061.777092,-314.6836904,3242.623463,3,67.40025065,2748.366439,-185.5876953,150.9908543,904.2852572,4089.882181,676.4599902
30-06-2024,5977.635846,5725.571414,798.3303621,2020.171383,6,2261.533346,-4971.861157,-252.8221314,2531.0065,12868.8702,12283.68521,-1530.408486
01-07-2024,606.8804501,1943.791304,-631.8172161,7138.884341,3,484.5663743,137.9093741,535.8624722,917.3712905,6355.040575,3110.989618,-485.035379
02-07-2024,701.2070615,806.8808332,-544.4864211,1736.656773,1,2564.246969,513.8648476,109.6428675,1177.790532,3350.34798,1217.952686,616.3503554
03-07-2024,1202.847624,600.245609,978.0569029,1220.835483,4,573.5166526,-900.4896229,-63.72374223,1047.881495,7333.566651,2521.78446,1197.551841
04-07-2024,1088.792837,366.1581442,-280.9011311,1227.42821,2,421.2439251,-683.9777111,-110.6235562,150.9908543,342.1715932,745,-1531.920775
05-07-2024,189.4060499,117.1275065,-724.7572595,1179.129103,2,-5784.405667,1836.982779,-1141.003256,3866.888056,5464.339896,16845.12304,350.50113
06-07-2024,1874.251585,31524.3878,-29781,5074.376309,9,1577.990609,115.4791936,-4156.444829,11900.49466,9405.541915,35966.20763,1796.990883
07-07-2024,653.2099508,271.6238723,-283.7689063,904.6109111,7,369.8441381,-349.3359715,-434.2108171,882.2120829,4004.434923,4167.36966,1030.787392
08-07-2024,1350.378684,486.0714462,1656.614364,1230.385928,5,-252.6716271,-84.98850977,-52.72970504,491.4801297,6874.369323,8027.48379,1149.213903
09-07-2024,1069.965343,5757.027382,-5015.422885,5288.840815,5,-3547.375479,1911.903603,0.769257139,2578.460286,8682.003768,12541.88779,1659.069961
10-07-2024,435.9276123,2949.395608,-1091.913343,2398.405652,3,-29.48325527,997.1208545,92.60324301,938.0834196,10359.80296,8702.273086,-412.1881791
11-07-2024,2067.863184,939.6741026,-130.5269066,2195.858683,5,-966.6478323,-437.225793,239.379855,981.3398222,14687.21491,11189.47259,245.3929824
12-07-2024,528.2288054,728.5293413,620.0271732,0.8,7,143.2074836,1261.339459,-362.7934912,1009.895963,2096.836503,5565.486745,205.36061
13-07-2024,195.9485587,872.4916956,-510.3734435,170.7802454,2,439.1426458,2983.599374,-2029.90664,2710.474369,6088.99622,16814.29201,1420.840481
14-07-2024,806.2711002,244.9509277,1651.585447,6835.126951,7,-711.3764899,105.3421385,229.8894706,2009.88246,6417.454737,801.6607488,-4937.527741
15-07-2024,0,2124.727529,-1503.274825,559.6688244,8,1699.678055,-763.856992,-578.1138973,3300.914444,6425.938226,10844.07487,1181.754043
16-07-2024,1378.391009,1381.554576,-260.2487146,5219.52727,3,541.9399936,-3579.194777,-3840.027213,11349.79999,9813.951868,35972.13847,-5022.500557
17-07-2024,13.73969937,0,440.976161,1610.383877,3,-619.5061015,-6572.224001,229.602447,794.3247073,8113.961049,6514.403326,-658.7833069
18-07-2024,668.6849403,0,777.3238994,7104.37913,1,-6451.839532,633.869455,-224.8687075,2748.696396,7701.622951,10432.21289,-6193.823904
19-07-2024,0,787.6764332,-1502.565643,3215.447241,3,677.9415623,265.8862919,-128.2894877,1544.204938,4708.413611,4599.881146,-203.7456508
20-07-2024,441.1816782,4597.357982,-3441.674251,33226.14363,3,2158.954179,-335.7150781,510.2311171,2083.947945,9901.554722,6989.255406,-34.27214847
21-07-2024,1118.481112,879.4503047,937.0568365,2177.460551,7,-6081.92689,967.9191045,-176.8247238,3220.688035,11342.77841,9383.996358,1507.383828
22-07-2024,0,476.5854135,839.5996507,16679.48153,1,-117.7297871,-525.7140195,-645.4229988,1949.925475,1008.480591,7790.592333,2169.770941
23-07-2024,48.71580182,6100.799103,-5433.479839,12068.27387,5,236.9773309,-5143.570357,-746.1588978,2168.51748,1124.027151,6870.653773,1161.929852
24-07-2024,0,660.9814671,-428.2409468,1676.068857,3,102.1521646,211.0763655,-252.5617405,977.0281008,1309.198774,2118.070496,294.1963838
25-07-2024,1017.247321,448.7199789,61.28454181,1685.927534,6,-1173.798645,825.3769858,73.65887533,150.9908543,6571.395258,8671.5363,-1285.73507
26-07-2024,202.83802,1690.653961,-1558.996342,5976.948391,3,1767.28818,-153.5724672,854.7010658,1286.177215,13449.28138,6525.369707,19416.57456
27-07-2024,944.1189623,365.3483948,-608.4576742,641.4765574,3,293.771755,973.7189768,-232.7225534,3126.704729,979.7844281,5662.451411,45.11363879
28-07-2024,0,805.3817397,-392.8386399,2161.636966,3,359.8405299,1548.981554,43.1354999,189.2507729,300,3586.635593,-117.512803
29-07-2024,1082.291623,340.4098775,-135.2265497,34190.77923,3,786.5348465,45078.50796,-3195.676557,11066.2047,6843.467821,29533.99448,1392.220742
30-07-2024,438.5927985,3909.76755,-4750.033115,16656.77575,1,-315.1709379,-679.7472643,-970.9421117,2279.828955,300,5657.996755,-464.1202644
31-07-2024,0,2671.903531,-1422.213303,1339.908534,4,1045.147079,-727.1200579,-437.9264157,1171.122626,3234.613413,6966.000306,1844.780055
01-08-2024,287.8735956,314.8557862,247.0423991,0.8,3,146.3930053,438.9079422,7.5533772,400.3463896,2044.097666,2178.739264,1164.151095
02-08-2024,409.6214979,61.5285237,574.2302607,2241.95061,2,1330.547263,777.7396698,19.55702929,1360.784322,7426.608424,5801.014276,-990.7635045
03-08-2024,695.9336608,1215.847405,-159.0418062,7688.379025,3,770.146694,171.5318605,-4238.481541,12009.60944,11273.27747,40781.14099,-959.9569293
04-08-2024,1443.119456,438.4951312,38.48587794,2153.052356,1,1874.025181,2099.413933,-317.6992152,3119.16878,7565.255492,10029.52776,-2699.896129
05-08-2024,152.9005306,128.0048909,-274.9293154,3904.339865,1,140.6950292,-1958.719684,-917.8248805,5886.655124,10722.17326,19407.63866,-234.9312504
06-08-2024,1525.958257,1179.919267,-62.93612437,334.8851142,7,-2027.24112,283.846598,-429.232062,784.2386194,5380.790321,6978.932441,448.9138423
07-08-2024,375.6918391,0,576.1602149,2738.769871,4,200.080463,257.9532878,492.3079337,492.4008059,8369.676277,6795.034583,-1221.139133
08-08-2024,940.7284119,0,1642.999907,1583.859902,3,-215.2439161,1747.82856,-642.1883936,2332.948111,11382.69292,16817.40159,-230.7613485
09-08-2024,519.0708497,1063.225346,362.2693221,2698.817973,7,-11108.81827,0.71189152,76.5688143,6594.774875,21962.59635,19283.4966,-93.53800571
10-08-2024,2947.313764,2446.133096,-381.6357917,5.821744187,3,1436.201756,-175.8099964,-203.5067213,553.6884079,39043.91268,40709.08345,-2048.854767
11-08-2024,0,595.5632354,-561.3225783,7236.491497,2,164.2603766,509.6417103,477.358174,2384.422131,9374.097184,2520.096893,-147.5818786
12-08-2024,291.2741865,1421.549366,-386.7243103,760.616461,6,348.7739064,331.9906028,-139.5836804,1000.237791,8940.729528,8470.36079,1634.45897
13-08-2024,100.7879145,0,-225.1764563,66.83386283,1,-3605.822327,-143.485836,-202.7766228,2190.565571,5981.326631,6798.744066,739.1341272
14-08-2024,1609.966606,3169.792581,-1327.966233,0.8,10,-79.6028079,-2464.003249,-199.3611944,899.2945865,7673.789527,6845.072845,252.349198
15-08-2024,1231.588234,491.0788974,1536.427651,1628.939158,3,-587.1781778,1126.743769,-712.1490196,2471.292905,11720.6116,18263.56975,1392.642048
16-08-2024,0,260.6728713,170.6157785,22346.53333,2,-387.0828928,20117.56551,-74.56991682,688.9445597,19917.22089,21210.06148,-517.63521
17-08-2024,0,1601.367349,-1904.063892,649.9220096,2,-191.4362577,-534.723582,-276.938386,814.2380599,37762.00633,39864.95356,383.9646035
18-08-2024,169.4199541,1883.242799,-1204.10389,2632.940417,6,1767.290986,593.5221654,-120.1959856,808.5050952,8680.68381,10238.46231,1281.119304
19-08-2024,2092.353374,1931.639033,759.1517604,3953.631697,4,-261.2765687,-1287.796112,31.39501377,864.5482061,3579.581115,1011.551146,1527.633616
20-08-2024,319.9591961,1856.240171,-243.7433574,6569.142915,3,862.1260201,-4490.625504,-3725.074707,12695.82524,8020.390367,35472.68114,-5589.242538
21-08-2024,0,0,-376.7724173,2144.725503,4,-707.0706842,-1419.042595,23.05749528,5431.350199,15281.31742,18896.23306,-893.2848918
22-08-2024,0,1367.849462,-1591.123583,312.5993264,3,1788.71155,65.91642457,-226.295251,2529.369902,6573.54101,8764.288962,921.2339937
23-08-2024,300.2953965,320.1440673,-250.4325625,3959.96198,1,72.71193312,-4087.767861,364.3207723,894.8575287,5055.064888,2490.963122,252.2458683
24-08-2024,926.7765615,0,559.4013721,2335.503878,6,340.9305985,2043.217336,137.4883913,1271.779576,5914.671202,8146.300911,-551.2312911
25-08-2024,0,753.8209265,-439.6979222,24.8815728,7,-413.1795382,1225.284073,-408.9711204,7889.803315,14210.75448,14911.8672,825.2183986
26-08-2024,214.2902103,164.6034442,373.1682215,4344.555906,3,-87.25392801,61.20304895,131.4140103,622.7570079,3449.820507,855.7545123,9968.758472
27-08-2024,0,1233.033057,-255.7084969,1371.487574,5,602.1664392,-431.0260823,-148.6136505,2094.761823,6889.974168,7803.690133,281.2036495
28-08-2024,137.6071058,1372.329058,-1165.119828,24869.83459,2,619.4212951,3061.324597,2607.241961,7237.181445,40485.3725,20743.09936,-1349.230429
29-08-2024,141.9999208,3203.018267,-2806.044726,414.9374426,5,-9598.67033,-206.7573335,-138.6456567,6114.035784,14948.0599,15248.52735,3181.238775
30-08-2024,487.3474855,0,533.9225825,398.7153417,2,-80.35278658,-5518.980265,-230.3988808,1854.274491,4757.406071,7329.447406,111.3733597
31-08-2024,550.9758801,860.1726952,-903.5189919,21708.80569,2,-813.171458,-353.4832099,2382.776004,8680.791483,40313.35035,21956.62509,-117.2737446
01-09-2024,0,434.4158018,-147.0369791,1822.97138,3,1462.298696,-229.6077625,-645.5553578,2832.63441,11943.24193,16454.87712,29.5118007
02-09-2024,877.6859698,843.2430269,80.29432036,0.8,6,-110.422756,1625.140902,-197.6645435,1305.475098,1664.286783,6205.060986,331.8185772
03-09-2024,376.1994665,0,169.1247896,2182.915923,4,-664.6147621,-909.5947867,343.0373358,150.9908543,423.6591704,2712.184126,-26.68972637
04-09-2024,0,0,-207.672856,569.8056882,4,810.7765215,9390.608962,-1736.771043,4467.913797,2774.284225,17502.38283,226.9690493
05-09-2024,187.9049558,1862.572882,-2197.259907,1120.245017,5,2252.825722,-65.53771882,79.74970326,1202.507221,7037.694959,5908.651966,-145.26573
06-09-2024,61.17037943,0,-771.434489,2908.394095,5,-3094.839936,20.47387969,-41.84309363,1317.090781,5482.78449,5160.033909,-535.4272896
07-09-2024,1649.256727,0,1454.488359,2548.322917,2,1925.553475,727.9611322,285.9051405,1813.870079,8184.777909,5076.746015,457.9175349
08-09-2024,853.425017,727.8752523,896.4733893,6908.444739,2,1089.981299,1045.201433,-4322.708741,11701.32747,7435.089515,39807.93527,-419.6191039
09-09-2024,0,11986.62544,-9646.524251,2435.7046,6,9310.167619,67.31930028,371.3366193,6481.754785,18947.59524,18867.87035,404.0738593
10-09-2024,980.9208599,152.6605971,337.7305186,160.8279859,2,-3001.431175,-307.0667599,-1055.001538,3037.390435,7108.325385,14268.55221,637.8168201
11-09-2024,4909.451362,5347.441048,624.1193974,1963.867152,6,57.271969,474.5887826,-226.7130201,2346.958024,7042.777853,11231.49715,1111.765005
12-09-2024,823.4809383,0,-330.2170768,3410.266078,6,477.8906883,-1870.032549,-256.9210698,1537.265324,4629.861278,4367.9131,442.8041047
13-09-2024,1565.333738,0,-109.0196517,35202.1955,3,-3802.609191,1957.297264,667.4224944,1752.529388,8916.36989,6985.300029,835.11469
14-09-2024,1473.975476,1042.955993,696.0015139,645.1688298,10,-250.6456455,-184.9480679,34.82367236,1002.876806,11453.42203,10871.05003,-975.3207224
15-09-2024,1894.531451,0,2354.867294,8156.931115,4,-29410.28462,763.3456324,-3927.948773,11615.46255,11225.90568,37493.46569,-446.279305
16-09-2024,251.9434237,33.84352137,1497.530901,33940.19277,3,-4177.432001,698.8818709,496.7673142,2439.492222,6663.254222,7092.615845,926.4332441
17-09-2024,3250.843148,151.3188396,3143.824127,13757.83858,3,2974.919924,51.99094253,1139.516829,1954.46313,12177.45499,3424.349232,-3237.751648
18-09-2024,2234.264808,464.2486342,1699.694102,5338.251691,4,107.5154269,-223.0854725,875.6647885,840.286944,5732.352831,2935.592604,-1608.955055
19-09-2024,440.9860938,538.412509,355.3660349,14490.54479,2,1394.353482,-246.7131119,-36.40957102,2425.101201,7914.701511,6351.118137,-2556.365866
20-09-2024,2058.481234,192.7297503,1578.462928,11572.51289,3,462.8477787,643.1979067,895.5721745,1057.037064,10503.53386,4268.782104,2685.745722
21-09-2024,4253.354977,3651.403166,1544.375139,7238.479031,6,3391.927666,345.7672776,984.0417342,1867.135092,10229.47118,5057.571698,-1330.086385
22-09-2024,333.3738332,2760.21881,-2732.660092,1188.610984,1,-188.2735828,-712.8401347,-393.4834895,1398.195306,5839.686233,6537.577234,-786.5078409
23-09-2024,2702.235755,2416.01546,1573.886765,2327.057513,5,-1329.254093,794.6531505,262.0514542,860.9085359,9842.799177,9182.213589,-887.7703938
24-09-2024,2867.500185,0,2878.583676,2914.700036,2,-2538.090485,2950.757405,-60.56881999,6601.904882,15038.68447,15043.67937,201.7560397
25-09-2024,745.0873004,5560.644239,-5631.22529,11852.5056,5,300.7640838,-4798.367889,-850.1793502,1339.698393,2006.019305,7685.988202,389.4532789
26-09-2024,111.4641796,221.8266737,-602.6288813,739.5128956,1,-1180.97311,-1196.271116,38.40555395,777.0286437,38800.69691,41172.11259,-77.64651763
27-09-2024,694.0662894,603.5644149,18.77653014,24189.30168,3,563.6664489,962.6832049,3365.350316,7691.472736,45645.80522,22475.25595,-63.11891002
28-09-2024,815.6858549,575.0699642,-136.4549058,492.5544545,3,-203.9448887,-29781,-682.5679462,2193.575438,11897.4103,17248.91581,1071.253087
29-09-2024,235.6555833,266.2968432,200.0435417,186.6776245,2,894.6926931,892.9584831,-352.9312105,1234.415013,12277.7667,10523.66038,818.3784285
30-09-2024,916.7744673,2071.004672,-1375.794907,6565.909223,3,478.3719355,-4025.922127,-3974.291963,11704.54539,8472.911836,35838.76135,-6026.937343
01-10-2024,240.0141937,515.6431902,-460.7114241,1713.701531,5,656.9283078,570.7682089,-184.982884,2486.175507,6164.982358,7361.290998,733.378112
02-10-2024,0,36.01158236,337.6193714,679.4541672,2,-4514.850321,-27.08776737,9.335660935,2853.546502,5235.78691,7566.242026,-560.6043279
03-10-2024,1242.838326,0,1423.237859,16785.45019,1,-178.2395072,-290.5451336,-784.5549542,1372.221363,998.2487272,7420.266173,600.5150229
04-10-2024,817.370359,360.7537188,635.8022918,494.0024388,6,-1616.433946,-2086.474192,39.81036143,1366.226922,39948.22774,42163.72853,617.5441879
05-10-2024,0,683.756622,-107.1474711,3306.477812,3,-1123.413875,-3457.444335,295.8498751,505.7544073,10953.59974,6070.363733,324.023423
06-10-2024,463.0020534,722.325582,-789.3733744,957.1218776,6,514.6849606,1535.01368,-385.9916816,150.9908543,4051.194519,4083.872341,487.8417938
07-10-2024,0,284.9250324,-36.49569325,22700.40068,1,-81.54256508,-94.99330781,-188.7546201,291.8307032,1046.600556,1597.710084,-404.9857246
08-10-2024,0,0,-621.1570934,2317.753596,2,1689.146901,-624.1590595,296.6685433,2282.70601,5720.515123,745,493.4129162
09-10-2024,271.4812937,2381.577309,-1656.184704,1419.680379,1,525.1656809,-853.7781021,-756.2520533,1606.197722,2763.568634,5821.591161,663.4260877
10-10-2024,557.7891609,104.3570115,772.1535836,2308.548881,4,289.5686836,-2585.097091,123.3787772,338.8578242,1309.133014,745,118.0649888
11-10-2024,2318.97501,0,1880.315798,33466.05654,1,1483.319732,18821.18377,1418.617778,22061.50375,53087.79381,45813.70205,1246.915636
12-10-2024,0,2510.001155,-2899.432014,1977.226774,1,-127.8018459,-1120.162043,-379.1037218,1301.629919,3506.434697,6171.720905,1087.890901
13-10-2024,217.2105131,579.8222541,-721.1618978,15401.86145,2,1142.382254,-391.4158006,-832.3730684,1662.292362,300,5589.163009,-310.0360103
14-10-2024,6430.980675,335.5761601,5242.451244,6936.787561,5,-2109.710752,1172.547056,742.5097365,1489.780754,8535.532452,3928.00871,389.9507226
15-10-2024,316.88164,180.3034046,-1385.333478,24687.76865,3,73.13230353,586.7114732,3318.527597,7491.268664,44132.126,20980.41834,-567.6322005
16-10-2024,1151.850205,0,1314.682652,1813.048678,3,-47.9997324,922.9114948,-596.1159064,3009.572196,12136.86367,16071.29014,1403.224628
17-10-2024,1736.407171,1.139467896,1358.894614,5713.771346,4,-923.6288096,-700.2264546,770.6574871,675.7891523,5048.536995,1747.48323,1847.260528
18-10-2024,713.8116813,1266.345944,-1177.639257,6808.181761,3,581.2586614,756.7071271,987.766384,1846.449284,10882.88403,6250.725129,18843.20106
19-10-2024,0,1147.741531,-819.6258435,1283.748413,6,1107.752564,-1690.256961,250.5569162,737.9063733,9720.932052,7046.121867,-369.9950211
20-10-2024,6465.923818,5138.827373,988.9206204,5888.011944,6,-631.7762061,-854.4398061,796.0230613,3159.03548,11536.93339,10076.82653,-740.5239614
21-10-2024,0,1515.002936,-2499.421931,54.81013066,2,-163.3550251,-361.2521291,-426.1636843,1140.577639,38416.82464,39114.92053,922.5771299
22-10-2024,945.7475635,87.35974188,203.4698743,4425.948271,1,643.526447,-752.6486005,466.6124325,1002.405213,6135.960124,3992.994925,365.2122736
23-10-2024,56.84497321,1253.395355,-159.3765279,2009.265306,3,479.207638,1507.174807,-161.2266317,248.483597,2398.127324,745,977.0440823
24-10-2024,343.4527443,532.1493336,-643.1325334,0.8,3,-354.5781456,-182.7258339,-92.93876016,401.4325004,908.074776,3372.810265,-65.89373713
25-10-2024,0,316.2203837,-414.3532998,606.1220227,3,-68.93544683,-29781,-754.980785,2090.16746,9709.97963,17721.93056,1013.221252
26-10-2024,3894.995119,3897.462766,590.4467586,8972.023988,4,18.41300923,-1639.464439,1112.901788,2834.03268,11975.57113,3113.9956,-5715.790577
27-10-2024,0,753.3522267,-751.1170575,2864.589674,2,458.5736143,930.5004516,131.4803857,782.6166092,6168.721657,3623.132051,-316.79569
28-10-2024,979.0481574,329.4875989,829.7062525,687.0906696,2,-5353.890998,13.69418833,-35.8089645,1661.639377,4642.235454,7559.547658,306.4945468
29-10-2024,864.8589593,946.4940455,-820.8202782,4419.999308,3,-515.6133826,1334.11009,-237.9443976,150.9908543,6689.123086,4202.965685,109.7945332
30-10-2024,549.7958875,604.4642967,-294.5870066,950.5334434,4,-103.8793594,930.4454545,-46.49736016,763.961912,4085.305417,3559.599319,-1024.990008
31-10-2024,0,0,-871.7370218,2735.268294,4,235.9062107,-306.966215,-4.691424036,150.9908543,7462.483466,6575.856829,705.9043209
01-11-2024,2735.48751,0,1524.702635,7713.730995,5,91.00877994,425.1334004,484.1431124,667.7768245,6333.616325,4741.251863,1943.13824
02-11-2024,278.3048875,517.3329366,-889.6987824,21535.95438,8,209.8803142,-656.8350452,-354.3777543,150.9908543,300,745,292.6575323
03-11-2024,1424.767181,127.9600731,1688.92117,3244.49783,2,-299.900609,668.9318546,504.3663397,622.3429009,7070.573642,5046.707737,-2715.010709
04-11-2024,87.75418794,34.97776311,-458.4890827,16950.50735,4,-4659.869199,-1095.43823,-658.3352907,1959.860362,300,5526.888852,-416.2701078
05-11-2024,47.42393089,1853.807015,-1759.889133,0.8,2,-124.1351505,-786.1325831,-389.9205394,625.105066,33954.24542,40279.6826,424.5016047
06-11-2024,0,0,-667.9365362,394.5663661,2,83.14984011,2283.202349,-1750.099611,2458.466694,2008.151734,16629.76033,2356.005673
07-11-2024,1296.228516,168.4976803,900.5648941,2964.404889,4,34.20476464,647.8655747,-101.1236261,1428.834495,7190.284095,6805.096927,-516.4946302
08-11-2024,0,2522.739436,-3081.459685,314.4917011,5,-11717.20595,-654.3784538,-177.2140549,6011.866988,14535.99819,14135.30587,2694.563598
09-11-2024,116.9991082,0,670.347659,647.456165,6,121.7094633,-425.0085009,-171.4319693,150.9908543,4243.741954,3478.267045,210.1995999
10-11-2024,32171.86255,31406.41265,477.5381858,1719.846795,5,-561.580076,-307.7821655,35.62254845,1287.804584,35818.68018,38389.15435,677.6309121
11-11-2024,200.0034897,337.2562151,433.0087682,7638.6625,4,1607.422632,-187.9959672,1019.1,978.0753533,9625.866642,3275.063857,-8070.441902
12-11-2024,650.3379514,533.9110521,361.6634186,1065.223479,4,98.40117084,388.6108006,96.2361624,531.0704413,1887.388991,1918.138852,1257.133921
13-11-2024,389.6567133,2496.243285,-2073.90407,0.8,8,1128.415327,-506.4349922,-485.4163137,4149.409227,6435.139761,10347.79129,778.4669257
14-11-2024,208.8919974,1352.47454,-1790.455059,5440.616953,3,1209.640435,6.139740451,922.4218668,1473.832971,14249.22431,7496.37462,18270.84871
15-11-2024,221.511165,3227.166565,-3867.588829,821.2168321,1,2230.528297,-4506.603187,-92.00461719,2313.885732,7160.94903,6905.180521,-468.2037387
16-11-2024,3631.788083,393.579552,2728.124765,3821.911281,4,-1268.073552,438.1957995,646.5966163,1676.434139,11047.26202,3312.757855,2285.236309
17-11-2024,0,11384.30447,-11040.81132,2674.466078,6,11263.08725,-1505.158205,215.1624218,6903.795706,20849.56203,17863.48352,16.86189261
18-11-2024,1139.303738,1399.199789,548.6665971,2128.881916,1,1112.002192,-545.4877039,412.3825293,424.0447513,5597.490216,3152.583639,1300.439149
19-11-2024,0,146.3295495,836.6964103,1129.487823,3,-1153.726238,-275.0376087,-192.3986914,1849.478723,8214.892801,7598.678806,1709.442032
20-11-2024,19845.12462,20083.25387,53.09545629,21860.95103,5,19734.61996,642.824873,3233.136386,7140.312291,41566.74879,22274.32878,-485.2108764
21-11-2024,0,0,1340.628994,1638.741587,1,24.0776363,-590.3729724,-50.44999724,195.9166353,3985.07037,1170.58293,269.9341147
22-11-2024,295.7099449,0,109.5229923,1279.292693,3,1323.657159,10014.36629,-1753.612049,4488.117152,2883.754055,15343.73314,-570.2154871
23-11-2024,422.8301062,0,-329.5281861,1724.837105,1,36.03874924,-2595.17176,-76.88459923,1550.604922,4034.9313,2098.151312,2659.898216
24-11-2024,125.5141418,1018.284526,-968.4831668,0.8,2,863.3309944,2686.014482,-1886.190577,3735.874796,6225.031936,16923.46813,2556.661042
25-11-2024,1107.120789,248.5952079,434.3600183,13308.79337,2,354.9937486,-1183.770863,-575.7066327,1995.429266,3583.837011,6247.297774,1801.168387
26-11-2024,598.6007629,286.9937498,770.3874724,1983.045203,2,-997.99745,-430.3204348,94.73387482,2737.617565,9798.5717,11199.38092,-825.4396943
27-11-2024,1305.481577,810.1343078,373.2997415,4147.342435,4,139.6483561,121.8274294,-364.6578458,2369.103839,5812.236291,9557.415191,-2634.758818
28-11-2024,0,0,-495.1568112,2645.676359,2,3651.317493,-47.06172602,-104.9938548,5056.717659,13145.56861,13139.7538,-1625.740913
29-11-2024,424.7948382,897.1505627,-87.2004959,1285.282109,2,935.6301013,571.4719842,80.85976957,843.8549914,4282.838115,5865.557622,1602.445396
30-11-2024,221.9950046,290.6158531,-186.0429263,3900.720262,2,-935.4142943,594.1330283,-451.4204799,150.9908543,2783.43148,2523.514914,-546.2110483
01-12-2024,0,2689.339084,-2168.33706,433.0080442,2,680.634797,-651.2197363,-567.1693365,1735.192097,3184.533482,7925.498473,186.609908
02-12-2024,196.7737761,689.2833943,-1627.503365,3250.5666,1,2191.444127,-1102.21821,-1.85772639,1861.503279,8434.26,8676.976557,1838.265848
03-12-2024,1705.193266,263.2813563,931.7428741,918.2711623,5,-22.78388861,-716.6200313,-41.43246078,1146.016284,2310.576759,4681.941282,142.619155
04-12-2024,11306.08826,389.9345709,11879.53033,13043.3721,5,1145.181591,-180.1811578,1879.344932,3480.425947,20391.32672,8886.751424,-11980.48448
05-12-2024,158.6230383,671.3778325,277.5426786,22587.25633,8,-456.7176464,-420.1592492,-137.9136521,150.9908543,300,2475.315156,-129.7490403
06-12-2024,189.0151885,603.8253503,-401.398474,1894.572093,1,-2384.697031,339.1100803,-385.0302927,6348.715727,13014.5111,17464.65196,-111.0168039
07-12-2024,0,517.6020866,876.1533351,34876.11887,4,1160.744271,2596.223892,-46.6555589,1669.42785,9014.699201,4903.508677,-29654.69262
08-12-2024,5850.412078,664.8560338,4606.902697,6499.452702,5,-4158.085249,1577.034688,-1060.281002,5924.206952,12059.56033,19159.79047,144.2186311
09-12-2024,6562.194564,0,5335.822473,6385.890437,5,-2467.318099,1455.797671,506.1792169,2383.326671,8820.067935,6453.241855,903.1721546
10-12-2024,724.6978057,0,170.3289489,1623.528643,4,-1612.326302,887.0279569,45.6807943,150.9908543,10384.60742,4013.450386,-55.49792828
11-12-2024,0,0,-476.0797307,1680.405832,2,-1716.98067,-6145.402251,654.98776,280.7944547,9446.517825,10218.09729,-1245.290757
12-12-2024,20106.79082,0,20478.74973,23474.95044,3,-253.6746319,-2775.74589,3337.05929,7198.646967,24296.48767,745,-358.2612126
13-12-2024,0,0,430.0184453,2701.310617,1,-735.7713831,-947.9759662,132.3626764,921.3233087,1712.546117,745,162.5746156
14-12-2024,1251.787758,76.94617382,-449.4839675,1103.905701,3,-1772.910908,290.3229015,-972.5847431,2373.109847,8295.509531,13794.4385,745.9352732
15-12-2024,0,1009.811506,-1244.124345,0.8,4,252.6156418,-906.2797483,-441.9088402,1034.775901,5119.676649,6195.002341,1441.455301
16-12-2024,726.463521,66.41976293,-66.12345386,3252.787941,2,-642.5390195,-6304.454731,299.1654974,395.4210828,10527.81184,8651.701179,-851.1526668
17-12-2024,873.6621279,661.3058857,-118.9137873,538.475304,7,162.2490441,995.5540216,-408.0565328,841.3972066,1695.730958,7803.439773,856.1363301
18-12-2024,1551.982771,0,2466.224385,4912.569536,2,721.7302685,40.73538811,511.3220716,534.780276,3621.34026,4373.390249,302.8473186
19-12-2024,1358.620375,105.8089875,1967.204755,5429.40533,7,-1909.230167,43.02034767,107.7381561,1670.297566,8219.010003,999.3791174,-4544.796709
20-12-2024,1805.898581,0,1654.264228,18305.83097,1,-451.0066492,417.1848111,-766.8077876,2182.67398,2926.648092,8981.235604,126.2693234
21-12-2024,0,0,-41.59062536,17040.93204,3,2152.483503,-1034.215882,-788.6091975,2910.245662,300,7806.963352,-5718.517875
22-12-2024,726.881582,5712.02671,-6174.247312,3862.729016,5,-3775.359047,1264.275988,-349.2688297,3293.901332,10354.30506,12491.01048,449.626611
23-12-2024,0,1063.802008,-347.6520619,1528.74623,3,1249.113449,-830.6482085,-9.052778469,1429.749035,8459.907312,7143.824618,728.3544532
24-12-2024,0,980.5137253,-199.5520392,1488.087459,7,1033.705077,538.3971118,-417.3709879,1612.702486,2020.180956,5296.341364,1029.526677
25-12-2024,0,880.502608,609.2433871,3651.882212,4,-2200.527951,590.3647805,127.4855301,1184.089557,6257.979638,4158.640535,-889.2506833
26-12-2024,20300.30053,246.8799574,20250.4065,24140.97147,3,-463.2546153,-2687.942266,3578.720095,7822.469248,27917.86496,745,-755.2371626
27-12-2024,0,9.361881257,960.0948527,2801.885224,3,496.0058287,323.0188351,124.959391,1360.890541,6171.561024,1464.508033,10601.19052
28-12-2024,20000.92824,0,20335.138,22047.0311,3,281.2394315,-2467.914432,3232.04425,7584.362848,23289.50816,745,364.8559098
29-12-2024,1021.701763,280.9536694,-274.2019366,5700.368094,4,1584.484331,326.8647478,369.0834648,763.9829041,5011.089797,4140.290052,-5023.058371
30-12-2024,793.5797437,27599.52936,-28190.02389,29418.76198,5,45159.33967,-1777.662044,4066.15357,23361.18397,95053.58587,68111,-377.5341777
31-12-2024,0,1088.700146,-914.657298,3765.755458,3,806.441186,327.8438167,-385.0551843,150.9908543,2497.702007,5323.905499,-198.8706578
01-01-2025,0,0,-333.824772,6170.350713,3,5212.541044,204.888924,-1208.921153,5517.268408,13656.3057,22903.6161,-670.3947018
02-01-2025,11663.78351,0,11303.46872,13299.49515,5,1366.150966,341.3097267,1671.814017,4713.990636,18913.70773,9021.535253,-11298.71397
03-01-2025,523.697183,0,637.5891937,1042.266467,5,298.0923354,725.4566977,289.7055686,611.6542804,5584.382105,7447.842037,731.5474516
04-01-2025,3157.55473,0,3005.564591,3318.302411,2,-3091.60927,2184.46066,110.3309875,6207.698406,11061.99637,13439.55738,-807.3250155
05-01-2025,306.157398,146.2502956,-7.909192743,0.8,1,-671.3113346,-1948.524475,-59.89962748,1041.304086,41246.9608,40360.27459,198.0562982
06-01-2025,2046.314243,1420.420241,529.3860285,1537.835041,4,-186.8435485,-546.3150783,-1.496264055,150.9908543,3664.139352,745,2150.547038
07-01-2025,254.084943,0,1855.032237,7207.458624,3,6286.102477,1292.226099,724.8881448,2732.450458,9202.957148,7161.133826,-765.7575831
08-01-2025,136.8785093,0,626.0987224,3920.00218,1,1765.922593,435.3311865,200.4714696,816.1434472,6086.553579,6361.105917,-438.051013
09-01-2025,1089.246928,66.92118374,937.0494284,7097.85125,4,110.3673949,-973.8243895,611.0939932,725.1305565,7219.078313,3393.365372,918.1604105
10-01-2025,880.6444105,629.5285063,-501.4551969,1744.196544,3,276.9317378,903.6007598,157.8054848,1771.141655,6236.768779,5432.730977,-329.498363
11-01-2025,314.0501193,0,17.12864613,3498.053555,1,398.9336756,107.0463423,152.1358258,1111.199275,1177.07014,2781.988865,-93.62563764
12-01-2025,2866.485618,112.7812486,1549.751401,4009.437273,7,-629.5782722,-71.26989192,404.2099249,1866.885394,4604.566547,1688.784419,-4034.282108
13-01-2025,0,623.6792881,-194.8291223,2315.293371,2,80.70569113,1241.154778,-25.72152932,930.4062372,1641.846994,745,-2887.798888
14-01-2025,0,294.7156808,-347.565817,0.8,2,-956.109233,10967.09147,-1661.892057,4850.61905,300,17364.47588,511.3238013
15-01-2025,942.6674431,728.1631273,-1045.829829,1629.895967,3,-137.9060757,1508.657486,-638.9575904,277.1850007,3266.436771,2357.918079,191.9043209
16-01-2025,1426.088357,236.2785733,2018.458468,1274.689003,2,1286.772006,974.932601,180.0483683,2531.329391,7113.188078,4958.37763,-198.4351504
17-01-2025,1790.898811,225.8606197,751.5585482,2096.645857,6,-1332.785738,-2220.399166,-225.295517,1174.687129,36592.19137,37471.82247,817.868876
18-01-2025,182.6164448,92.2219966,-386.0818117,272.8309917,2,-384.1896693,-148.841201,-642.4744933,1971.335579,2614.998407,6210.373479,861.8454671
19-01-2025,2007.902517,856.0780056,2140.322716,4728.654395,5,424.3973881,1482.492373,-62.39597368,1357.773773,4804.97684,8228.377188,-3824.837029
20-01-2025,0,866.4429505,-263.4452605,0.8,2,84.1015432,2141.057063,-1953.444002,3161.863571,3769.276211,16818.94667,2213.952998
21-01-2025,2374.393877,197.9150996,2545.95459,1029.323486,2,-3468.852485,1994.881688,-81.56884408,6322.034881,17504.00369,14301.18084,-466.8900083
22-01-2025,1351.722963,471.6811976,884.2281763,36459.63765,3,-4269.116112,1705.213377,631.3403577,1912.390821,10949.78702,5925.209086,24.88336546
23-01-2025,818.4763555,298.6833228,-489.4628555,1252.205644,2,59.1524947,879.2998329,104.0509029,852.6829682,1421.633202,4804.674041,589.1149942
24-01-2025,556.9211859,706.5585834,-99.91002897,16821.03861,4,-4755.275593,-150.9563386,-783.5046241,2723.002499,300,7055.433302,-456.2089487
25-01-2025,427.101416,0,-1213.061916,21530.38114,2,-683.9528513,2734.034975,3116.072636,7518.910271,38770.27328,20605.3888,-788.5007146
26-01-2025,474.2654618,206.4043088,-280.5205019,3074.173122,1,317.0128618,-335.1568081,-842.419625,2361.982198,5011.357548,10063.00488,70.37947449
27-01-2025,0,961.6681734,260.6876507,0.8,4,541.2648827,-280.6388806,-558.5756502,1009.897934,4241.143982,5700.322726,1754.7484
28-01-2025,1611.403681,2750.023142,510.4914294,2991.045635,5,172.8523247,245.0081216,345.8838192,479.163899,13162.07346,8925.12612,2552.838503
29-01-2025,1026.747175,954.9849804,-823.0016534,0.8,4,295.7537876,952.5382193,-115.4387185,292.4318216,5350.760947,10980.66024,1079.88742
30-01-2025,387.3314353,5306.82644,-4687.337143,11612.17224,5,580.9971806,-4148.640047,-869.4479287,2406.670517,2005.961858,8171.845365,-436.9716165
31-01-2025,345.5091853,382.4416456,13.84392267,2992.172198,2,-211.9706959,36.61378761,-256.9914495,981.1801989,300,2453.220064,-497.1041552
01-02-2025,138.7125475,4609.666567,-4684.673925,610.9419479,2,4298.296224,1871.154501,-1694.90498,4794.29447,6942.604949,20125.19688,5694.712963
02-02-2025,113.2529831,144.4014341,-272.4369175,4479.999062,1,434.9454797,-135.9043914,-194.7737754,150.9908543,5483.082649,10067.9481,-717.1653272
03-02-2025,1041.198899,499.9325286,-1360.47838,0.8,4,1261.574533,-449.4825695,-360.9874907,1224.537607,300,7017.60647,1250.684329
04-02-2025,2437.185129,442.5135761,933.4394398,1099.264141,2,-2544.154482,1337.608709,-558.6854352,3031.928366,8443.322055,11267.72617,-145.1322377
05-02-2025,1577.889003,0,874.5013595,3622.29681,2,-347.4788497,265.0930745,159.3331988,1538.036914,6015.367403,7508.334334,264.821368
06-02-2025,5836.091673,4712.163962,43.58626746,1577.893495,6,-264.024426,162.4500308,-356.4565405,1715.600933,10052.90182,10078.0262,52.11737479
07-02-2025,251.2037219,11118.8368,-11634.43516,2225.382178,6,11484.51717,-1701.626035,278.9263078,6740.247162,17239.32741,17235.87633,-215.1070579
08-02-2025,329.0444346,276.4560319,270.1596904,30265.87463,4,128.8527367,144.126262,3219.914209,23502.00514,89137.58762,64173.61801,1664.671326
09-02-2025,1156.084989,1910.689742,-840.3786731,455.7189391,4,-198.2538465,1337.984439,27.71268544,6761.392073,14872.66468,16389.68027,-438.8533012
10-02-2025,278.6005783,2626.885621,-1830.774572,13890.131,5,-299.4386516,739.5200174,-464.7983054,1987.143718,6599.464109,9137.52874,-12959.20612
11-02-2025,398.6689816,0,12.17079838,0.8,1,-3725.049086,871.2804865,-85.43318841,1972.802542,7050.203703,7431.793066,164.0194447
12-02-2025,0,200.6501107,-559.536993,309.7105184,3,-2001.834673,850.5325812,-1100.40713,2930.011185,6621.154653,13554.99615,587.1324442
13-02-2025,1833.254532,324.7026203,1585.662205,2156.949847,5,-1185.950909,-162.1615879,157.7323765,1432.820204,10234.123,7768.351562,11465.69825
14-02-2025,281.0220416,0,360.2375297,2164.778043,2,-595.9377664,-1156.179722,121.0329292,3242.410874,8050.072193,7854.38711,-992.4630126
15-02-2025,483.4223989,6316.868939,-5885.419957,286.5080299,6,1024.549419,264.9839077,-1160.390481,4510.735407,6617.766276,18872.70731,569.7070459
16-02-2025,268.5549579,0,-965.5520303,943.2513466,4,-448.1404752,251.0168196,-35.8885853,447.787972,2576.464163,745,648.1642561
17-02-2025,0,398.7725489,-526.2859107,3816.067002,4,-430.7636909,-149.8845243,-221.5544926,790.8020444,2081.168586,1732.984125,548.230375
18-02-2025,1167.792898,886.6284966,437.1035626,0.8,6,-2163.150933,-2399.497729,-75.57152007,786.4827661,37672.79712,37125.94184,592.4747779
19-02-2025,0,2401.533367,-2072.584834,1186.943763,8,227.658372,-169.7461361,-669.7520806,2925.230939,6070.893884,11317.79944,1251.280681
20-02-2025,400.3130713,0,67.17123478,24726.09565,3,645.971489,-464.3444162,3416.414336,7346.352526,42741.55654,20843.72873,-1171.977001
21-02-2025,210.7191028,450.5720108,-38.22905212,0.8,3,-881.9433222,183.5368468,-45.7382851,1099.034762,5955.032154,8990.343171,-411.5958042
22-02-2025,186.7974072,370.273945,942.2222039,2420.144853,1,872.9157402,-1109.236552,169.3301356,1270.035076,3664.625315,1654.477587,103.2520528
23-02-2025,0,2860.223005,-3402.799622,1276.406744,1,-44.65241446,-193.6622808,-644.672977,1871.563056,2427.770349,5521.287841,234.7561707
24-02-2025,0,97.33043866,-357.5529548,23942.16034,3,-254.2642931,-453.4977439,3432.598766,7731.921919,43010.82045,20164.05945,-976.8578378
25-02-2025,0,580.9028811,-562.9646645,0.8,1,-5197.448472,1784.769697,-4998.142857,11412.99159,15361.78834,50132.85879,543.9820747
26-02-2025,2567.241279,0,374.1486839,7508.80284,4,-385.5907625,222.1737715,787.7632452,150.9908543,6730.400216,745,-1572.938187
27-02-2025,973.9496335,0,-189.6782465,1193.652518,3,-48.80749193,-29377.97568,-601.7649481,1251.781784,10918.69544,17143.89852,1674.653086
28-02-2025,86.79229183,1386.138198,-244.7127732,357.6801984,3,47.13405856,3687.756241,-421.2320523,1653.651631,8696.687179,11119.80969,694.6825174
01-03-2025,1600.458048,3298.21545,-2326.929116,12578.2138,5,-1028.845272,1947.715118,-698.9111039,1665.031878,3943.780492,9931.572971,-12512.95224
02-03-2025,523.094758,0,731.9726241,2524.112994,4,-1068.088575,244.5026249,3.564875488,1533.273063,6035.664072,6041.60459,-1048.519541
03-03-2025,0,401.9272543,-1046.945039,1132.533702,2,-43.2396463,11693.36213,-1995.212261,4678.634813,300,16840.53913,148.7240929
04-03-2025,0,0,-335.925879,7064.741422,2,111.8587526,38.19968395,697.3537581,2497.783729,8528.096149,2770.933946,-326.0825913
05-03-2025,0,0,-235.2965391,3279.563496,2,985.7597737,894.7250755,-20.88331264,542.8638491,3236.066878,3308.959595,12.99824284
06-03-2025,0,511.8409478,178.646573,2959.859709,3,2318.232252,-795.2267604,-218.8433491,6288.526484,16927.57011,13516.19789,-3008.752496
07-03-2025,5936.331613,923.3782536,4461.63562,3862.99649,5,-4550.725192,2047.91987,-1209.030129,5285.526388,11703.89603,19240.30235,104.8185737
08-03-2025,1636.927244,0,1224.865225,31173.30791,3,22.96044244,-378.4187432,3310.912437,23234.82114,90470.67492,63938.74139,2546.313185
09-03-2025,390.3871204,0,729.7836533,2492.982435,2,-186.4263775,-66.60756637,-338.0308834,323.2442076,300,4459.468691,-570.2599415
10-03-2025,1521.922719,366.6296422,461.3622293,35398.27273,3,1690.971188,-12440.01267,3283.880477,21768.11754,54513.08666,32927.2877,15.72677858
11-03-2025,2134.038488,14502.39192,-13495.98439,12584.4658,7,19108.71492,29.09903018,1649.77795,8781.068121,53339.04581,41195.26864,45720
12-03-2025,2221.727241,0,2388.526792,3370.265067,7,-1154.998163,-357.5278991,380.6542736,1156.428375,4799.292575,4018.750826,-4508.641276
13-03-2025,919.8195206,617.9328808,883.5749284,4719.880402,2,109.0055308,-782.7247469,-49.79118967,620.9128751,4021.117066,5170.672373,1154.428225
14-03-2025,19428.30718,199.6043404,20474.27625,25184.38573,3,109.6697826,-3305.609021,3444.16952,7702.403021,23963.77597,755.1438021,-982.828136
15-03-2025,415.4473731,186.0157044,-736.3190319,5356.539247,4,-854.6687892,-11675.6706,844.9193344,2539.148609,10883.46222,4704.241282,1427.272063
16-03-2025,793.4259779,396.2372308,778.9385232,53.31392325,5,304.8868387,-11340.7604,-357.5140679,1159.114191,4936.284605,5648.876335,1671.467897
17-03-2025,0,845.4822808,-179.7501348,745.6512312,6,-455.4206022,1626.585263,-329.9190371,1781.272912,3800.260183,8027.089113,1035.619275
18-03-2025,1376.146587,47.88565457,252.4375288,7159.080964,2,368.7963188,2085.205699,-4409.305875,11627.1079,9491.88391,40381.218,-87.19797913
19-03-2025,2675.771985,407.7398202,2522.499722,4395.476994,3,312.7239331,-822.0449462,434.0459556,1632.45225,5315.727917,2113.845537,-1352.078896
20-03-2025,336.6962244,403.699342,932.6278381,2573.597957,4,87.51016331,-863.6103835,510.8527122,422.6217725,11290.17709,6529.220028,-453.7240165
21-03-2025,230.9036916,456.5601132,-778.632789,251.3950698,3,-1184.957289,200.0558337,-361.5718071,2277.219216,5678.0832,5317.923591,-156.9635297
22-03-2025,674.3612044,2072.848312,-552.3388916,1639.179368,6,1491.331091,403.9426764,98.68702429,1403.423011,6047.005643,10106.01599,1200.234698
23-03-2025,0,10354.17867,-10346.58361,3020.608433,4,10010.92847,211.729657,75.17879887,6283.135061,15296.35822,12060.31642,-2611.963029
24-03-2025,625.9731424,14.22970088,806.1880298,5420.937797,1,-4481.960824,-137.2030541,-348.5131121,3036.784938,10111.30377,10279.11036,-5327.866703
25-03-2025,377.1621371,461.9937374,-772.9115903,271.68311,2,-584.5496112,11382.34957,-2001.345213,4543.158479,2050.323936,15895.26417,359.9410613
26-03-2025,670.4407717,2214.153507,229.5924107,200.6712017,6,-426.5957663,2007.801931,-369.4414692,517.5527892,3901.962186,5655.995127,1539.892351
27-03-2025,1421.945506,1037.544066,-1381.116075,2447.138109,2,339.6889472,2054.283087,-78.3555922,595.5960597,2085.090579,4350.392004,-2056.324408
28-03-2025,1602.364595,8252.870435,-6736.204885,1625.260263,5,186.3912681,1006.816474,-97.43795415,2260.283588,8888.559755,9792.901623,1572.640911
29-03-2025,2739.07794,1887.417788,63.89946326,1786.87691,3,2332.866036,-240.5064271,-131.200398,980.2339564,38227.00429,39722.79931,-2081.534934
30-03-2025,1021.697442,559.1357401,1624.653304,1953.744482,5,-813.6893192,85.42913303,230.4725126,1857.021536,10186.27836,7820.940145,11848.53839
31-03-2025,1361.764716,579.2637762,1136.744135,7985.097602,2,-1200.649309,1741.924611,299.2511012,1068.967374,6674.533738,5507.837206,1296.700896
01-04-2025,1115.840447,1498.36522,-136.7761812,2494.299947,7,531.0745388,-698.4546953,33.80757969,6881.975699,19890.58447,17352.74755,-1002.830247
02-04-2025,9.570284757,808.9551497,-320.5682597,5001.180401,5,749.9634963,3934.890681,43.14841069,2832.230711,11864.7523,14616.79308,-1237.789655
03-04-2025,1498.856263,0,1929.779419,1100.9,5,630.7302662,-183.4174933,-128.9066389,449.0328233,7568.689,7053.009459,734.6670997
04-04-2025,285.2934188,276.1040576,-264.404187,1833.658517,2,-424.5933258,789.1563806,-38.51213947,150.9908543,882.69364,1201.855865,-320.0275266
05-04-2025,5048.134106,3299.076915,795.4515078,5534.958388,6,3667.470396,-313.1841107,1200.75208,1174.013221,15932.93012,7652.259977,-1724.318333
06-04-2025,1835.969266,116.5908959,2104.736187,3712.859148,2,1302.435925,-831.0299297,-81.33836897,2393.430263,13302.35812,13767.95915,-230.8676909
07-04-2025,434.4015056,5150.685649,-5838.683084,12356.79486,5,180.121016,-4517.830852,-616.0368956,1997.100282,4725.858733,9022.511398,2025.664498
08-04-2025,11280.35704,146.5117298,11608.89767,14684.14039,5,1098.346872,-80.58643265,1865.878964,4634.488324,19775.66371,8465.421041,-12018.74745
09-04-2025,3560.131466,4685.953403,-533.491906,1161.55578,5,1409.369674,1011.40512,38.22441946,1569.238075,40260.391,42062.07592,-581.6429866
10-04-2025,0,105.9478026,-177.482857,2741.495376,1,-5410.772823,844.0190067,-4998.142857,11172.69805,11775.70698,51275.18619,1198.403009
11-04-2025,3881.685729,2112.582522,761.2275034,1389.23331,5,-1247.556803,-526.6671256,230.1164337,150.9908543,8229.531726,9187.512161,-1377.423743
12-04-2025,238.5186917,2850.959281,-2181.130897,0.8,2,950.6531033,489.0707459,-271.7281729,5903.166491,14795.52658,17639.37273,91.59905201
13-04-2025,66.58768627,4373.068158,-4549.811353,990.31209,4,378.4449239,38.49036637,-914.4086071,2926.355482,6658.208779,11084.86843,557.1630618
14-04-2025,1547.11882,63.55631501,-0.409243834,1733.747147,6,-544.0753041,1318.808008,-208.912709,681.0196468,5294.598674,5110.92191,-1819.158533
15-04-2025,0,2072.920713,-1535.49069,4377.309243,3,2164.973931,-52.16664187,491.0907437,821.7667901,8867.207237,3318.530085,-233.2659114
16-04-2025,734.5488834,1027.253388,850.5395045,2755.306273,2,1017.959129,-343.4886188,-119.2011861,912.9737687,4665.54234,1845.968838,1306.138066
17-04-2025,116.0448101,614.19827,-182.7164008,29737.46452,2,-28507.06075,3413.100486,3437.441286,23011.48984,87641.6581,66817.16734,582.6852183
18-04-2025,1319.265711,361.9369297,798.444222,2366.735773,4,-1335.248188,1376.691365,-89.31709101,583.5861413,9061.169604,7608.303982,-699.6307667
19-04-2025,0,150.0914395,1201.319968,2917.903603,2,1777.325828,1890.914801,146.2570468,558.2660997,3207.98372,1496.547883,-173.3285514
20-04-2025,274.4703473,715.099974,-275.1963889,22500.15336,6,-68.24296673,62.24366813,-168.383076,150.9908543,300,1803.120906,-4498.72208
21-04-2025,334.2629084,598.6078136,340.8666368,340.3696493,3,-696.6671247,84.42891541,-189.0916844,150.9908543,300,1682.72351,902.0522513
22-04-2025,387.5361621,0,595.8320041,1420.819777,6,218.5695446,994.8385704,-279.3986528,1753.769518,5420.893945,8738.228449,1539.478693
23-04-2025,1297.24568,589.4189828,-1322.025086,1606.276168,8,874.9600999,-163.968916,-19.51296925,913.2936953,7991.119064,10795.24176,50.92569889
24-04-2025,462.6085265,466.8955327,-116.1036129,3254.945251,2,1555.994335,1851.051971,294.1371243,789.928723,3455.228584,4729.631417,-478.5892388
25-04-2025,217.945053,0,461.5254352,5493.306488,4,-426.7773502,-11933.35467,356.9082384,3701.086796,10625.66798,6755.802282,158.281558
26-04-2025,0,127.3257993,-205.8181878,1890.932477,2,-900.8248951,-6580.627878,444.0785049,196.6462497,9810.556109,8238.781916,-1337.690699
27-04-2025,1118.542043,513.8905009,73.756985,6998.727624,4,1768.519327,909.7273162,1047.019528,1620.254418,9802.512861,1790.217587,-7437.851234
28-04-2025,119.0683563,1884.499719,-1856.871941,1873.958825,4,2118.340342,-616.0422633,178.4380071,1845.517561,8918.188424,4303.751476,-368.1704857
29-04-2025,1010.472318,424.254094,1123.369963,959.4791272,2,-2020.598089,1961.842205,-471.8094128,3004.978082,4119.129033,11942.07128,-2145.821415
30-04-2025,236.9384627,639.2854963,-812.3778027,7971.282058,3,1998.172357,105.2581163,359.2446583,999.7759833,6808.260593,4917.138742,-25.07943393
01-05-2025,3860.331201,2735.161978,1574.060858,1405.8833,5,-877.0745923,-629.3191783,66.0193547,1790.445011,11735.97586,9035.322818,-68.84101082
02-05-2025,1135.744498,0,1376.879235,86.14210341,2,-4348.582346,-527.4768409,-219.1829282,2025.602483,11086.81582,6994.184038,162.7908936
03-05-2025,0,584.1188006,-293.5453227,23258.99279,1,-900.9562764,-145.7890257,-471.9108908,373.0567014,2445.662981,1716.574481,-746.4853417
04-05-2025,2443.507268,1089.408397,-227.1200747,7101.874169,2,36.81064061,642.7891216,-4515.932364,11449.44452,9062.32983,39038.24624,-1117.23133
05-05-2025,2015.923065,52.79163776,1432.565152,3089.168428,5,689.4866642,1989.247113,-25.99269754,2475.319872,8418.213312,8196.57123,-2580.809138
06-05-2025,372.0250194,1058.304164,785.5037594,20252.73089,6,-328.1441572,106.656069,-338.7217565,150.9908543,1584.310324,2787.53314,-4825.899814
07-05-2025,2469.141182,644.1017544,1732.009158,11910.16599,3,743.958413,-626.3351033,-148.6634328,2612.905451,4238.039654,6834.016263,410.8715873
08-05-2025,1889.883223,338.1753221,1992.449005,13820.48777,3,659.2897307,-249.2158752,-192.9336116,1934.261111,5977.721377,8681.00498,1050.228907
09-05-2025,441.3662677,99.59353383,-226.9115865,136.3983144,1,-436.9128001,2066.738708,-343.490312,1754.753431,1599.019915,5249.919025,-99.9674295
10-05-2025,1005.491984,302.9883746,1221.998556,7483.520272,4,-29781,963.5074569,-4001.345841,11828.59741,10607.51954,39190.73708,268.9250219
11-05-2025,847.1399132,0,507.4488633,3171.276085,3,1639.172097,76.37717956,147.999472,635.2663427,2533.245214,2768.802231,8916.50875
12-05-2025,808.1722996,1138.300616,-118.5362749,2630.970488,5,-194.1468735,-611.3015716,-13.99069977,950.2703332,4266.610061,5468.215922,-289.5460025
13-05-2025,0,443.1019706,-290.636995,496.2771859,2,635.6650489,3009.414232,-2010.724262,3002.341326,2920.292229,17447.584,1832.775884
14-05-2025,845.7718074,220.5981702,-284.7530923,2200.656308,2,248.2246127,105.9320988,100.3853701,1307.80465,4372.832848,3625.768672,1487.763014
15-05-2025,1304.434288,71.99994682,2012.337615,0.8,2,-1222.995103,-2242.319333,191.0453516,3535.624498,6953.563628,5915.612256,-903.351622
16-05-2025,1773.454015,31932,-29715.65007,6507.327271,9,417.0588521,313.8609002,-4232.785811,12015.56569,8742.170363,38328.37526,1111.753969
17-05-2025,0,0,-271.6730144,0.8,1,-107.2622867,-2654.462989,161.347607,2194.579386,4703.374248,2978.155185,4331.281319
18-05-2025,0,727.5387262,-186.0584109,6730.772937,3,-25.06954088,713.6163277,801.438559,2487.656924,5128.496714,4300.501295,940.7006483
19-05-2025,1619.132438,307.605192,1384.778659,6468.48576,7,-1816.815326,-279.6950776,161.1969305,2117.593017,5763.773999,2801.076968,-4386.741812
20-05-2025,1958.583205,211.1416924,598.7879358,3210.261676,4,-1226.421489,229.3805968,38.22327845,1362.548067,9859.355992,8090.026257,-1227.579974
21-05-2025,1300.206369,306.7041774,588.2505907,5915.302643,4,-519.8348185,-823.9509121,958.4586392,970.300629,9311.384196,4155.658976,1416.230232
22-05-2025,1585.879107,134.89876,1276.201225,3184.126992,2,1942.76014,1051.034928,-139.6342747,2005.377566,6462.484966,6774.787431,34.25097178
23-05-2025,1274.604608,454.1592331,1165.5905,4049.278689,2,-135.6539642,1067.597939,127.2980246,1374.538508,8251.22666,8702.277364,259.9491674
24-05-2025,80.1003762,667.3440566,361.6315653,2282.21821,6,1028.648905,1684.9223,-526.8430365,1014.051597,3375.773839,6850.988577,528.2025973
25-05-2025,1998.566151,14745.47351,-12639.93067,11768.16992,7,18978.68813,860.6544179,1604.103647,8937.20451,52210.68666,40876.78763,45720
26-05-2025,1618.408513,1515.405818,-359.9043156,0.8,7,-2458.841753,-536.4750578,-516.260976,1118.390541,5644.589677,6761.937216,1104.05869
27-05-2025,0,1673.581725,-1292.509381,2071.386068,3,3239.838253,-347.0742216,109.3608012,1178.100085,5295.235565,2595.169784,2850.478208
28-05-2025,4457.117803,2168.305821,848.0486853,1792.241736,5,-684.4405221,306.8656942,139.464997,1268.254221,11592.89592,7883.16625,-312.1717085
29-05-2025,893.1230137,0,644.3715775,3738.90834,1,2375.155685,317.2507919,103.2145577,1247.442551,4757.888433,7121.320441,-1363.912937
30-05-2025,1141.608971,413.6680901,-374.5647756,0.8,2,361.7453133,2732.504614,-1407.025942,3713.556603,4554.64405,16340.81054,-608.7379064
31-05-2025,0,237.3394054,-2.655513731,2263.0776,4,-1099.136617,-1566.807781,-228.1282091,292.6686365,3735.982329,5443.968383,-192.9368652
01-06-2025,0,2066.108252,-1845.61424,956.9321824,8,1289.157257,-69.48469246,-758.0326092,3282.629772,9971.907786,9365.168078,2435.799159
02-06-2025,0,0,-684.5706878,677.9009398,2,-2859.724957,-1845.331651,-177.2113089,380.5416937,4140.675976,2777.493565,434.705604
03-06-2025,90.71780012,142.0597112,153.0281411,5830.002973,1,-1231.332759,1122.086731,437.3827216,451.4994062,6800.935742,2186.717586,602.2898952
04-06-2025,148.3139653,1073.279745,-948.974618,2761.771832,3,1024.302887,98.19572276,-130.4012076,978.8776743,300,4386.526895,-1189.624899
05-06-2025,0,77.91956905,-462.9471836,409.2165576,5,-60.46101956,-555.1096517,-327.7300845,1220.414371,4311.609563,6089.867719,124.6223489
06-06-2025,0,5720.33199,-6958.153833,1991.201739,7,334.5556727,6654.334579,-544.5230993,1965.749934,4798.274077,9493.43566,395.1728618
07-06-2025,91.16011471,101.5767793,-163.288496,1969.41946,4,-1074.912884,-1604.157901,-131.730297,6934.815838,17809.99692,17655.0604,-1837.261472
08-06-2025,2180.279245,1278.273222,1517.128051,1948.111477,5,657.3339387,1597.427501,-290.7023606,2451.144932,8157.792671,8842.258983,-3665.757103
09-06-2025,1850.71414,174.5598126,1274.304821,9981.391427,3,-328.7564497,-2609.355683,334.0216853,652.4306599,7964.935411,3623.402591,2934.190795
10-06-2025,153.0586691,11130.09505,-11295.88434,527.7316818,6,11174.13012,-813.8747387,206.9850989,6685.422558,18536.88323,17443.97606,-336.5097918
11-06-2025,523.5607563,0,-511.5421002,22358.67268,2,-1257.082137,20105.97292,-168.4700685,150.9908543,21511.57865,20754.67583,143.0665253
12-06-2025,55.4203255,1110.837649,228.5650888,5415.112326,5,745.7136058,3573.253005,36.04554947,2920.126043,14289.44152,11073.49133,674.1382221
13-06-2025,1064.772451,1665.253015,-940.023207,1026.180475,3,145.0848632,662.5648941,230.5114483,873.5644986,7703.71999,8111.739978,-992.1192327
14-06-2025,648.0942881,0,-2401.751117,1707.761339,2,-2531.075877,-385.120631,-519.8429635,1311.74354,5088.745905,5672.197277,707.7007259
15-06-2025,902.7794889,483.1407844,-485.5683717,2310.809793,4,-1046.225848,-583.3876699,-345.3706796,1122.753059,4320.670876,3834.347833,-723.6764651
16-06-2025,290.8535031,223.4885751,-672.2126678,1803.948788,3,-90.39483665,1080.352038,149.5067098,1303.728037,6189.695484,5010.514314,-146.4270876
17-06-2025,0,384.6628268,-615.1369161,3338.919212,1,845.932848,-262.8091356,-783.240248,1907.33204,7370.087271,6958.583689,1300.783765
18-06-2025,1903.828613,15068.38348,-12598.78584,11775.67585,7,19184.02885,711.7545663,1577.179784,8988.72137,52377.94316,41002.0055,45661.80147
19-06-2025,1997.888469,2034.325413,99.43006139,1093.576837,7,-694.9393331,584.6066174,-282.2806774,479.9148868,1311.373034,5202.504012,-2217.855153
20-06-2025,237.0511521,1027.999833,-588.7048817,0.8,3,726.4676961,527.4218412,-253.0772645,2623.963969,5634.332643,7980.107102,-323.4637941
21-06-2025,593.3871325,1227.764081,594.9030386,3025.92108,3,-241.002172,922.8341628,188.337151,1271.431946,5687.001277,6409.523049,1477.940813
22-06-2025,21.56449196,1204.093758,-491.9676746,15528.04575,2,342.5192416,88.20806419,-1184.66126,1541.46373,300,7310.744657,276.3935119
23-06-2025,35.76004163,334.9533477,936.15478,2600.279965,3,-448.9570412,-1482.777266,-322.346417,2212.810358,5188.221559,8757.63154,2252.003552
24-06-2025,2149.55698,339.934545,1709.63886,1282.808057,6,-4528.23943,-1125.12521,-66.63513098,2909.060997,6142.065407,8003.998312,-1672.692887
25-06-2025,0,761.079019,49.28964235,8248.758993,3,907.0791654,394.0967177,401.3068534,831.8080967,6094.144064,5557.686318,212.9459129
26-06-2025,665.0077128,0,495.8907156,2747.150285,1,783.0725746,2290.885296,-330.8346116,3207.930531,6524.96409,8749.287764,-1522.201656
27-06-2025,0,2463.022288,-2435.966297,0.8,8,789.5583191,-854.8259525,-593.7166205,3186.624219,9266.427267,11907.06147,1252.112877
28-06-2025,483.0652178,0,-1045.575253,0.8,1,-113.4780913,-431.7655062,482.8254356,1683.209111,38734.13787,40016.87629,1029.066115
29-06-2025,0,380.4779851,414.5230245,1600.047492,4,273.7374062,2600.302177,-237.3276888,2806.714565,1538.471135,6043.278422,211.954113
30-06-2025,195.2930718,3852.226501,-5483.257535,11906.15943,5,128.4577097,-5008.955439,-796.7206759,2539.044772,5517.563596,6311.499963,150.4370502
01-07-2025,156.0104906,6388.184586,-4258.472022,1533.841215,6,940.1017172,199.4363074,-1087.355738,3559.678687,7101.404043,16112.09768,818.3713397
02-07-2025,0,0,-266.9319659,2022.945694,1,1192.736144,594.3139421,-510.1767112,2395.654005,5872.783801,7809.863345,626.7345224
03-07-2025,6891.369284,999.9740594,5107.912917,4962.267783,5,-4434.19621,1476.488979,-1147.015434,5975.205162,13196.62045,23253.02674,-37.2352883
04-07-2025,58.90389755,306.8376349,576.978811,2203.561114,4,-305.0598382,850.2501089,342.4456785,478.7539497,7908.49949,6743.541242,-236.5536411
05-07-2025,3240.829592,1112.524327,1996.85198,4893.171459,5,281.5703415,348.9242029,485.9914719,1186.991882,9631.955184,3711.257046,-1317.648306
06-07-2025,660.6593193,0,788.6335871,34485.22719,3,799.3014824,45694.55819,-3336.691253,11042.24966,5972.756633,28567.27326,830.6687457
07-07-2025,752.5835092,618.1146671,73.10324364,3101.750383,2,-262.7381495,-6850.49295,270.6754919,1426.220354,7886.269322,5186.703856,-1459.026199
08-07-2025,3609.454584,4288.92377,396.7688567,7359.388271,3,352.1443422,-3171.232605,966.8215719,2846.389514,11944.42941,5661.346446,-5865.010859
09-07-2025,0,682.2320848,705.8668498,1382.801939,2,-1198.599065,-213.5347353,-282.9958031,150.9908543,300,4314.817065,193.3056477
10-07-2025,543.8211165,327.5321586,-602.930887,2152.474382,2,1157.89383,-430.2587256,394.9248857,2442.72042,8622.771485,3435.289624,4.514204538
11-07-2025,183.5960575,101.1970343,219.3672842,3663.222302,1,180.7072331,1501.445094,-19.30173783,501.4931658,4649.285797,6417.317102,-400.1596125
12-07-2025,3142.926244,3191.044717,1231.068651,8046.364322,4,776.9779934,-1383.360416,935.4763785,1697.450616,12130.53894,2250.120222,-6521.885018
13-07-2025,0,274.5818184,-374.2767003,0.8,1,697.0815267,5.651345816,-202.3232252,150.9908543,300,3741.620193,-21.40928578
14-07-2025,147.3518879,0,-647.3866289,635.7557001,2,-306.3022528,-240.5798509,0.897510752,328.8460732,2174.848555,4548.767422,-852.2700843
15-07-2025,1929.961912,0,2073.557688,4471.272771,4,170.0995047,-1213.982074,967.4224096,1002.574984,6149.68439,4040.666055,863.4081985
16-07-2025,1283.123615,0,1636.752288,6603.955483,5,328.8009298,855.680677,671.0788499,1008.221261,8579.808714,3413.056893,2120.31573
17-07-2025,0,335.8859356,-413.5499207,1720.319441,4,-8.999276796,-564.4908619,-120.4667813,370.5557738,3199.001356,745,747.5116931
18-07-2025,148.9453046,713.3153556,-70.35962776,7107.36445,3,1693.315593,2.042670774,346.5633674,1599.38363,8828.463975,5770.97064,-491.5475994
19-07-2025,0,702.5045709,-303.5780396,666.5438304,4,-92.45196096,1938.386718,-279.2192734,1195.997328,6942.486667,8803.161579,1734.241033
20-07-2025,0,578.8532902,-972.5819188,7067.936609,3,2098.653291,395.006474,436.995614,1277.747511,11002.19878,8230.703297,592.8165935
21-07-2025,0,414.235039,770.7477593,682.0361881,6,-328.105949,877.892586,-271.3985848,1536.912629,4703.738618,7324.730945,1285.457467
22-07-2025,246.6111475,0,-881.4431838,8781.261004,3,1991.289036,132.0585479,232.4301393,1521.376304,7915.887881,5419.559817,-259.594018
23-07-2025,1658.426637,838.1584598,1411.395188,2257.790911,10,460.8015557,-768.5541973,202.2058056,1084.4757,11152.96595,8938.25246,-1031.277048
24-07-2025,952.1164424,7540.616202,-7176.596447,1577.978055,5,1177.482929,558.2239118,33.48394452,3129.692419,7072.716237,11383.30913,2453.831186
25-07-2025,2054.886966,0,2459.277116,31700.17836,3,248.2531176,-1597.473902,3733.995452,23502.00514,88826.2632,63419.34317,1292.766293
26-07-2025,2146.865718,327.2198568,986.4721762,4572.000113,2,-398.0458145,-347.9369613,671.2760431,525.7508202,7756.010382,2414.024336,-1965.512732
27-07-2025,684.7611479,0,323.34575,3247.905486,3,2010.968774,305.5379052,-555.2718318,2261.269885,10736.87219,16644.2192,397.8298705
28-07-2025,236.7161007,995.3258175,-483.6165977,1209.018321,4,1308.112208,3167.091176,-418.2454746,1880.13872,6257.369193,10720.18389,468.2682454
29-07-2025,0,0,444.5944919,22246.68242,2,-761.4048564,19367.87374,-187.0447506,150.9908543,23446.68925,23699.72881,-687.5272
30-07-2025,2804.438111,4157.540894,-560.4172753,230.6758333,5,584.6704253,97.09136932,-161.300591,842.2500635,39459.73325,39283.41074,-275.0976923
31-07-2025,1310.886397,44.88934867,855.868543,1278.019423,5,-12.9001145,-773.8659065,-71.54151222,631.2362803,7984.679152,9645.020381,1140.29102
01-08-2025,220.1341682,5132.024951,-5141.974071,206.597909,4,-181.7594264,-198.7231837,-435.9052499,1599.02872,5253.156845,8099.452597,494.2397934
02-08-2025,1262.779258,12303.23948,-11732.68708,0.8,4,-2134.716749,700.1278535,-2342.030008,4934.982641,5907.791578,23420.45851,-745.8303084
03-08-2025,1176.585801,664.0075848,693.9347928,1848.938938,5,-72.8536415,-487.2687138,-214.4899618,535.6738168,2634.327765,745,417.6268156
04-08-2025,1416.241685,839.0759337,-95.72594074,8065.54637,2,-1014.399802,1873.12002,63.26529426,904.1827321,7954.606326,5084.170889,-11.88108515
05-08-2025,556.434604,2428.623917,-1066.699452,659.0940714,3,1067.283204,946.7592265,48.79726645,2270.322632,8886.43252,9593.245524,1004.318533
06-08-2025,2359.77069,1209.297658,659.4801959,8756.745562,2,-288.2817548,1810.218999,-4211.72854,12433.10564,9783.537034,39271.00717,-674.1272165
07-08-2025,134.0805071,22.16482405,-894.4527034,413.9885151,5,1057.794893,-369.7134082,-323.3898008,1923.077005,6155.757883,7648.152416,558.19518
08-08-2025,1027.1649,0,1840.935778,4230.379242,3,-562.3976761,-579.7256293,550.3543976,928.0911764,5106.544247,2710.315382,199.7552471
09-08-2025,1211.606045,413.5436546,541.4961903,180.5695474,6,-1759.162273,1396.999385,-163.3823289,195.6838161,7547.52763,7052.994599,-1110.166863
10-08-2025,835.8087584,284.8812107,530.4006569,1218.491569,4,507.8401317,-5926.833743,22.88306359,1679.732799,3192.692359,5886.362424,260.1195244
11-08-2025,1028.359177,0,560.1544821,734.0966418,6,-3950.250544,-1007.556314,-805.3474631,3142.39295,6656.61051,12522.48187,-358.8214689
12-08-2025,758.5967883,1272.915732,-136.2926734,3869.419661,7,329.1315687,537.3228018,144.9818565,150.9908543,8442.663173,5942.211844,328.873455
13-08-2025,1073.354385,790.5752603,930.0348139,2538.963954,5,502.7340095,-884.6199743,-240.668493,717.9086642,7095.843725,7886.260476,483.9630505
14-08-2025,391.3422308,570.3340328,219.2697578,1073.650355,2,256.0388048,1514.416391,-442.5551449,1616.547504,10685.91049,11483.68766,497.6678671
15-08-2025,188.4316601,1349.549201,-1323.013985,631.0579356,2,-458.8127128,-251.4939913,-453.1333759,1472.050166,37310.17272,40656.75728,708.9549844
16-08-2025,509.3526674,1402.737891,-565.5359861,1888.075823,3,489.2258859,3794.111944,-478.2039673,1008.397391,6014.256299,9222.240362,379.7385094
17-08-2025,0,816.3216253,-534.2975036,0.8,4,906.5048815,-424.8051236,-605.4872064,1298.878521,6041.665111,6542.986569,1315.213596
18-08-2025,5934.625286,3662.566027,1243.536042,7343.127988,6,3243.083363,294.3468816,1057.006933,2289.612491,13548.54095,6966.325309,-1216.698578
19-08-2025,0,1014.118438,-1304.402595,311.9493142,3,1616.19672,-505.7171086,73.65519854,2612.280312,8266.932039,9914.08412,-166.4864877
20-08-2025,21.32923596,1353.639465,-980.4218409,1441.259982,4,659.7647583,8.818919504,89.6718576,1183.069109,8072.512267,6055.625582,458.4858111
21-08-2025,1061.903403,0,953.2507416,5353.471981,1,-5072.507635,867.801586,-261.7843126,3321.39564,11599.75819,12539.51123,-6076.560774
22-08-2025,98.73643757,952.476555,-117.6473112,7196.736589,3,1693.185186,2696.223206,-4115.554077,11579.34241,12539.92328,39150.99316,-304.4931032
23-08-2025,349.7062005,240.0579714,805.4866245,0.8,4,1248.518207,-3307.796771,130.7673107,478.8613578,300,1421.163282,-1170.993626
24-08-2025,157.8122398,0,427.0329909,11750.62373,2,108.2957221,-902.3615728,-527.4093902,2649.387984,5149.922166,7062.095779,1693.82755
25-08-2025,543.8790005,133.1736951,-385.9580459,5399.015558,3,5989.80242,-242.4502488,-1261.91769,6172.549661,15190.35144,21768.89998,-365.0785018
26-08-2025,0,5898.733651,-4687.891936,3467.173752,7,1112.256426,5674.70351,-575.9974006,1963.633877,4713.31321,10551.97378,1484.97212
27-08-2025,20475.471,757.6667903,20056.67202,23041.96488,3,-148.4256284,-2563.968543,3276.097483,6985.966177,24208.98909,3674.227895,748.5719589
28-08-2025,1865.125989,448.3655539,1180.557063,3036.997002,4,-2180.781567,273.0314197,-129.2887996,622.2258418,7311.738234,7579.701895,-1337.862505
29-08-2025,1205.946527,0,1663.409717,6149.942038,1,-5422.439183,-402.1674854,-41.52660637,2590.219633,9432.011042,12545.20239,-6358.80539
30-08-2025,183.198633,23.88574428,422.8304898,4573.023949,1,-272.9559298,-1249.31817,-96.83082565,605.8768101,7169.085375,7838.794338,-422.9675443
31-08-2025,499.4260859,1194.312274,340.5247543,1335.093523,2,778.8567196,165.7853838,9.064144125,1478.227913,42036.17525,41137.25905,-636.0999247
01-09-2025,745.9596383,742.8932512,1041.841772,8099.41731,3,5721.514578,169.1010206,747.5800368,2716.490541,9481.791778,2974.674981,1269.603943
02-09-2025,2131.179123,895.4199885,401.7284099,8625.2366,3,-16.64373541,-803.9304995,412.6145905,1761.774993,8608.200201,3383.564688,2259.339604
03-09-2025,0,1263.9772,174.6828879,1330.071165,3,932.6034589,1074.366421,-13.33671345,716.1055058,2712.194487,1782.495097,433.6104333
04-09-2025,0.947308815,403.6177325,45.85189378,4208.68436,1,1818.423644,353.0458962,214.0261194,1031.645994,6763.597614,5285.530671,62.78798512
05-09-2025,2258.903146,683.9170792,1577.133851,4440.275329,7,-1720.669264,-193.3734209,444.8906247,1641.070734,3440.645751,2284.52427,-5024.20188
06-09-2025,680.0987349,0,851.8371728,34813.67553,3,-4048.699913,1606.214943,558.7825654,2391.014253,10795.53969,4589.536051,305.8711038
07-09-2025,0,0,160.6345966,2833.136664,3,326.0155184,1778.891818,59.07631455,489.0038932,2279.277005,2659.041914,282.2215932
08-09-2025,0,117.9502786,-81.36414176,3983.758174,4,1463.299514,761.552348,430.7275155,1035.890577,6134.482712,6585.051451,390.1626019
09-09-2025,0,43.5681851,66.56563028,3969.170985,2,-266.1260288,-880.1105702,80.65103779,824.9161828,3379.778962,745,-820.8978761
10-09-2025,0,0,164.1378433,0.8,2,-670.6893954,11812.42601,-1907.942166,4432.093986,2990.91892,15790.30757,-171.1456973
11-09-2025,10716.53434,234.1323556,10285.46041,12251.61113,3,211.0293653,-661.2185066,1711.501943,3832.62802,16185.09359,2531.450886,-10378.34267
12-09-2025,271.7150558,1350.723941,-800.159994,24706.04234,2,390.9291558,3546.305721,2761.738437,7597.054986,37586.12828,18866.32401,-691.3199283
13-09-2025,385.2515999,80.04740226,579.810079,0.8,1,-4056.508645,2124.343324,-84.92979246,2118.365955,4685.647076,7518.951897,1289.164967
14-09-2025,5870.340347,4471.015007,1390.916401,1522.232491,8,-288.5960978,-302.9824922,32.86671904,150.9908543,8243.212449,9521.726201,-263.2723152
15-09-2025,0,0,1039.511254,3871.302386,2,2431.802793,2099.90692,250.494873,791.9490589,1752.736121,1220.318524,-754.2432258
16-09-2025,150.997566,0,-218.6885568,4960.977003,3,2887.760016,-1040.584468,279.9727465,2058.750515,4583.14231,3932.298029,20739.7784
17-09-2025,762.4378217,0,427.3545128,2180.11377,2,2800.678086,-244.9936718,234.2245356,1181.364699,4958.188997,6547.005852,140.5051128
18-09-2025,105.5055916,433.9653273,-140.5563462,623.608227,4,228.1661553,10455.41895,-1893.472996,4025.772896,4097.93155,16278.66899,467.3424103
19-09-2025,0,726.3645751,-526.9499151,18.27509134,3,809.1154515,2002.633131,-337.1903314,719.6971856,8102.349988,10566.13286,2095.568823
20-09-2025,1559.233333,260.9943265,2915.53342,33562.09286,1,1664.141397,18783.92789,1068.330995,22350.87106,53266.7643,44346.92243,1255.450385
21-09-2025,0,495.332938,1233.036707,1555.690177,3,464.9469701,42.63798333,-646.9269436,2100.721375,12123.06461,17606.00253,925.1994681
22-09-2025,201.0300546,388.3956082,407.7475153,460.3326698,6,2237.576408,-538.4484987,-58.65723122,259.7006962,10587.21488,8732.7723,-636.1324793
23-09-2025,467.2196049,478.0874855,716.8378106,3224.798393,4,452.1124574,780.5661632,302.1596877,214.2099448,9434.846331,7074.200633,427.505553
24-09-2025,800.0851293,393.3977411,456.0298999,6476.231423,3,812.3817003,1900.594182,-4112.785889,11598.07798,9286.268015,39773.07888,637.7634043
25-09-2025,1375.899136,1447.500721,227.1109288,8400.023099,2,-266.6922379,762.6050817,-4583.050117,11433.18042,7629.742717,40071.69056,-59.01625402
26-09-2025,547.5479624,506.1494863,102.0153996,0.8,3,130.3661728,-597.8638985,-113.7615501,738.9497774,2948.030389,745,836.6245148
27-09-2025,820.1881499,7143.584226,-7161.607171,0.8,5,633.8729061,1276.623159,-174.0512898,3017.117739,9484.630552,10145.3832,1736.324509
28-09-2025,2208.3711,0,1855.521217,4578.008158,3,-925.0230139,-1190.480839,164.5562369,1845.867567,3929.61074,2291.874506,-305.6360033
29-09-2025,0,464.5432886,-1005.102317,4945.211415,3,981.8872805,495.889744,744.4584797,1547.560018,10906.32591,8165.907501,18404.42224
30-09-2025,5012.814422,4953.733398,-560.553601,1131.704611,6,574.8503118,-213.92795,-213.4011955,1882.353829,11619.387,9824.34079,-226.890315
01-10-2025,2312.474897,242.5716015,1717.870684,4578.155188,7,-1251.48151,141.8707615,375.2909003,2036.907268,3421.811762,4177.059226,-5371.327657
02-10-2025,115.8130716,0,241.5741592,2752.866114,1,105.7900562,-20.28354858,-335.1842106,326.9162323,2914.493287,3091.426372,237.747444
03-10-2025,432.538938,464.4734695,-106.5416499,0.8,3,-895.1823924,329.1763902,106.0094594,1112.666257,7640.991211,9779.613992,-164.3163577
04-10-2025,1473.613541,158.0839826,1258.382527,320.1026968,5,-80.13384241,-462.1082844,-64.02091775,859.7731209,7181.205195,8549.638022,940.1666045
05-10-2025,0,389.1044827,-1608.630255,3308.148453,3,1067.791405,278.9502512,-461.2448999,324.2297902,2818.088334,3925.041819,-1165.270566
06-10-2025,1434.566885,693.3665257,-442.8297833,2882.258007,3,2877.727004,-130.1212498,-6.235450276,6148.848441,15363.27139,15103.46775,-3047.604657
07-10-2025,1206.35592,69.41979161,1184.573631,870.4377222,2,-1473.722517,-1073.787308,251.8569347,2285.47387,8905.305105,7903.972096,-747.4089148
08-10-2025,2244.057151,14363.90751,-12510.60195,12653.09093,7,18951.59311,808.6266183,1528.136097,9634.762967,51370.67548,38529.89157,45244.92066
09-10-2025,265.2673228,35.20090334,171.5302718,303.9646412,4,-288.6668986,-2920.97285,147.2280313,377.7720812,1277.759195,2183.645015,-635.3270314
10-10-2025,568.9185099,446.4355804,-1273.974866,0.8,1,2358.051044,-817.9862333,-39.97335723,715.4659069,5870.321537,5382.678693,322.5574793
11-10-2025,1343.682595,4600.033378,-3923.01797,36550.93846,3,1058.792978,716.4918832,701.7523416,2054.825844,10603.29121,7220.245717,1063.483895
12-10-2025,1614.485904,891.8004042,883.1364946,1874.758132,7,-6976.113915,1017.271101,-0.103233704,2930.274711,9946.55412,11175.53947,-432.0289392
13-10-2025,1753.445131,0,2147.271216,5044.19075,2,184.2652178,716.0043124,320.31147,954.1827939,6967.409002,3621.441467,-2062.307026
14-10-2025,1041.83412,5008.137049,-3078.067808,33452.22729,3,2490.198665,-834.223214,620.2076869,1800.962285,9186.077908,5052.478673,1741.791808
15-10-2025,0,0,-196.8586797,5974.590015,2,1893.038273,-6100.468742,681.8873982,2009.761004,3281.408666,745,2212.576105
16-10-2025,916.4612017,50.64762986,-168.9435814,2267.727347,3,-174.2084088,925.7941112,166.2783097,1815.389977,7098.946371,5885.076754,407.0878904
17-10-2025,0,746.0673878,-340.0263171,21083.85299,2,-129.8071711,56.82775831,2832.440046,7174.229794,41007.63513,20984.81474,-163.0599822
18-10-2025,798.8979493,951.1684089,-54.1109634,2128.153592,3,980.4877769,111.2437332,-633.249313,2515.381549,12598.09541,13310.1679,1346.984134
19-10-2025,458.0682808,726.1503127,208.2670872,7027.515289,2,7.422193084,241.6374334,634.9302439,2325.439653,9294.601506,4732.12043,-389.2216865
20-10-2025,0,361.0146319,-661.3264365,1416.555988,1,1093.743722,-399.0332545,144.4381092,154.4778275,4051.284581,2437.510254,72.73134466
21-10-2025,0,0,-147.9711468,2364.341496,1,256.0346147,-346.5417403,222.2223447,878.6865236,488.3293028,2260.229671,-61.88059146
22-10-2025,483.5473413,266.4233745,206.62714,1117.839541,2,-411.1077364,510.7495723,-14.27471762,3303.43259,9013.644163,4451.262217,-1445.044637
23-10-2025,538.0875839,91.41617217,-388.7810926,1406.532005,2,-439.9400318,450.026693,-175.8714629,845.6693309,300,2300.818021,-1438.508465
24-10-2025,735.5015655,1369.642431,265.0520996,873.5039402,2,24.01265528,132.6059241,60.44861766,1162.68855,38403.73234,36611.32179,-535.6813912
25-10-2025,892.9062812,506.2526127,-99.00560064,4026.224867,2,2552.370183,-5276.915271,662.0797487,451.222601,5325.485798,843.681432,1350.559851
26-10-2025,210.2797576,305.6007344,-57.89735273,3501.453149,2,1802.214451,-5788.451812,466.2497513,1050.228816,6844.623868,745,1555.485993
27-10-2025,621.605067,295.2507213,444.3580502,3044.726489,4,637.683579,-68.29347565,271.2366784,403.0159102,8093.328668,5125.956728,339.6123594
28-10-2025,14.89609217,13376.21809,-11594.49417,557.6220304,4,-2015.822146,537.9888343,-2257.432633,4851.763796,5808.459445,21805.97629,81.69062461
29-10-2025,345.9460093,1244.569758,-1572.680008,2910.291229,3,958.6471499,-424.1022623,88.43554521,1637.530723,4317.437944,6787.285391,647.6291687
30-10-2025,287.4795516,1052.770285,-364.2840059,35.92929306,2,310.6345829,-430.864696,-239.8828741,464.7225619,300,5556.224651,109.5896757
31-10-2025,326.54495,0,-755.8145971,21076.33004,2,-1535.197558,-444.4821897,2633.014382,7850.914189,41003.85625,22069.56361,192.6606713
01-11-2025,1900.904958,303.7156032,1970.792599,3618.610225,2,-26.6622836,928.3238242,316.9289096,230.6952799,8239.813852,2737.895834,-1870.82529
02-11-2025,675.3132029,193.5493245,591.1577283,1523.780593,4,498.8998393,1608.1306,-225.9913925,1545.95755,4546.667545,3912.059632,-898.4232817
03-11-2025,799.4747997,1151.296918,-753.2752934,8204.859066,3,1366.30081,505.1604275,417.669941,2190.551946,7823.631699,4246.854617,207.4937397
04-11-2025,2453.915463,1297.722237,2601.033812,4621.302286,4,444.2153833,-5373.891062,436.4417607,1227.198399,4802.566953,1733.542215,149.3324067
05-11-2025,3029.322321,545.1901928,2194.267316,4411.152863,5,490.0618715,402.9921909,710.0761779,1504.065756,10123.91504,6284.901427,553.3012739
06-11-2025,1978.222748,1332.380463,2651.447393,2308.285849,4,-62.11567273,-4480.327037,240.9644806,1452.937272,5476.908709,844.1089341,84.00139436
07-11-2025,0,921.7241354,-107.3563497,1773.735624,4,492.6786912,-479.9745495,311.5787243,150.9908543,7345.216182,6998.23923,344.3275598
08-11-2025,7624.56036,13288.91849,-5450.743138,0.8,3,-821.8154371,555.0952088,-4838.686491,12358.64478,15575.67286,48904.98814,254.7216572
09-11-2025,1135.993043,1880.174197,-164.7101701,1953.549448,6,-11271.50712,810.109351,167.6469712,6834.977408,16937.57115,17747.30552,-325.5120327
10-11-2025,177.2345586,0.233526178,-307.3278016,14946.81826,2,1815.854509,-1392.342335,-307.5896238,2978.611854,6447.748176,5934.549803,-1212.090035
11-11-2025,387.8121395,0,1132.787179,36165.73504,3,517.4889346,45720,-3409.529381,10730.56931,5237.07084,28830.57535,1293.53102
12-11-2025,0,214.2959594,-306.0127474,0.8,1,-3726.192008,2115.716536,-190.8128901,2180.930312,4542.858757,5377.477927,1010.329555
13-11-2025,695.3386713,0,147.2942675,1554.719453,2,-1083.553215,-672.7462521,75.6320314,2196.042569,9973.175023,8562.218736,-1410.221551
14-11-2025,1953.046452,29.18004905,-225.9531325,1338.56257,2,-545.5793028,-3368.008505,-1198.057834,3144.52093,2502.315394,11815.60472,968.5989006
15-11-2025,0,717.968419,274.0984069,4403.285641,1,-5571.157895,-559.3402781,-380.3835121,3072.18735,8993.478623,12554.57838,-6098.318686
16-11-2025,1354.245978,508.5893979,856.9040633,3842.998994,2,65.90736413,162.0996618,216.1768225,809.1194818,7981.241145,2493.030711,1311.310413
17-11-2025,163.7891733,17.99823566,707.5696052,0.8,4,-303.6035893,2290.136082,-314.5131386,1390.63252,8512.801228,8075.16351,887.306829
18-11-2025,2150.483135,2080.35645,-528.0519425,1912.858894,7,955.5454406,144.0046037,-256.8950682,197.3726291,3574.137322,6969.737,-2542.847263
19-11-2025,0,310.6632547,-582.1902407,22766.87656,6,1233.964657,-388.198763,-329.8456524,150.9908543,2030.223562,2852.582519,-4148.819919
20-11-2025,808.6374081,1009.87806,-158.5543109,2614.371554,4,773.1248871,2349.880831,-101.7742016,1460.609168,662.9956462,4545.558634,-238.3394266
21-11-2025,3005.330239,738.6163128,1341.491965,1455.84691,4,519.9357004,-4140.869785,292.3163645,1347.955738,5902.632073,3299.176311,-339.8650693
22-11-2025,89.76653763,590.7319175,-549.3829984,2217.883287,2,596.8116755,1362.988829,106.7205544,2201.855557,6299.712883,3663.010583,2017.876039
23-11-2025,5586.24088,4695.476788,2034.982987,2489.204917,8,299.5192348,29.67986786,318.5420761,1407.153787,8303.292044,9338.720378,-1602.907824
24-11-2025,2703.774895,915.0806421,2348.2136,1482.814047,4,-841.3817346,-4921.718618,283.0853464,1462.996506,6214.498854,2062.33026,-384.1957065
25-11-2025,31.76269976,0,691.4677249,3469.847649,1,919.459122,-941.8787783,197.2959319,1109.249536,5796.753591,8023.074924,-844.5382744
26-11-2025,20033.83556,201.9887131,19435.50997,24547.48643,3,-582.2426091,-2207.410647,3272.954554,8034.511718,24610.95836,3960.14971,172.8807688
27-11-2025,403.3830072,1055.658623,-507.8265523,0.8,3,1540.051822,2398.863205,-201.8752106,1207.40242,7367.209224,11323.36322,3496.483408
28-11-2025,1762.417424,791.200569,-345.5245076,7622.849974,2,166.5103597,1574.808587,-4345.27813,11627.0724,9330.439532,39357.0929,-771.9571938
29-11-2025,2738.699245,930.7208883,2833.497287,14977.50213,3,2064.108855,271.8827158,1265.940705,1350.274358,12603.79234,4530.74441,-3639.571531
30-11-2025,950.2313074,331.190114,936.6341889,0.8,4,-420.2042517,-7003.575308,230.1901707,1082.59785,6362.655094,5493.310808,118.7605156
01-12-2025,416.5890224,85.73403546,-1049.970162,0.8,3,1370.451035,7.684545455,-130.2706612,393.2824199,300,2320.042758,1325.813861
02-12-2025,1958.546708,140.1959559,2983.331565,5046.72716,2,989.2015226,-113.8215582,474.6768075,289.3551993,5915.667743,2195.778036,-195.4138276
03-12-2025,621.525006,516.5415714,356.7359346,0.8,3,520.7779333,-948.7028215,185.4633405,2006.035785,4796.000372,6508.901937,1177.930074
04-12-2025,895.0933926,1062.184331,234.1237704,1766.577971,7,-11536.13363,-119.8384828,191.9523173,6804.864671,20494.87072,18576.42655,175.6825268
05-12-2025,238.7985376,0,390.938638,3287.154943,4,526.2329588,-160.1230678,149.3154758,150.9908543,9610.09378,10115.90401,310.1835308
06-12-2025,511.5966853,1051.251131,-1633.781063,834.3817343,3,663.8451059,-916.2760386,135.0927545,1604.263932,5645.292023,5560.379774,605.0916019
07-12-2025,3652.518836,0,4232.781678,3241.841887,4,133.9238562,-367.8901996,-1025.175494,5013.26108,11241.98621,17880.11913,-5519.912306
08-12-2025,0,0,-479.2301104,8111.474484,2,817.3904931,131.5428102,771.9192888,2367.912871,7711.163097,4316.589751,-394.9108883
09-12-2025,1459.628787,807.5195745,-1402.120878,925.3580317,7,-2993.545538,-433.0644817,-702.7758668,1058.533157,4591.969007,7173.46681,155.8239411
10-12-2025,242.8485042,0,-311.4181623,2281.928827,1,-908.4211596,-346.4484222,57.03793635,776.7504288,2137.577347,4215.232338,-235.7570409
11-12-2025,0,459.3360315,-62.16778128,4942.303336,2,2456.563803,-5517.260262,512.6031527,1054.59177,3549.2422,745,1096.162901
12-12-2025,0,969.829983,-303.1632943,4744.445111,4,105.7285373,-349.516925,-161.3742393,684.2360833,7162.354982,6964.136618,-549.2157593
13-12-2025,864.9452613,63.55699647,-517.9063387,8062.763947,3,2168.936471,802.8495207,322.0075527,977.690673,7894.636334,4291.879732,871.5907954
14-12-2025,193.2623779,397.1607816,203.1096089,5484.044225,2,1724.788734,-5688.858113,626.6635247,706.7713775,6042.344508,745,1815.795061
15-12-2025,3819.529007,0,2812.232997,3147.964425,5,903.1665321,3091.888097,59.71738225,1695.592605,4543.689603,745,258.7100924
16-12-2025,884.4651031,648.0105077,475.9612642,1376.594374,4,-1343.164523,361.7269635,217.1535249,1230.740273,7551.234392,6704.695995,-589.9440032
17-12-2025,33.49393418,1476.393607,-1472.045638,1686.568638,3,-664.1980895,-161.7519819,182.7456929,1217.90771,9293.750757,9438.942455,-1516.990743
18-12-2025,432.0023277,1644.320743,-1981.736299,6644.324248,3,1298.24458,412.2591248,708.7075572,2342.954312,13534.96548,2734.486968,39.4418902
19-12-2025,2027.755449,31932,-29781,5457.913329,9,395.4604373,919.5263153,-4073.576604,11481.14429,9976.063575,36573.69236,842.4731999
20-12-2025,747.1969267,0,744.8261731,3836.74782,2,577.0418454,-674.452631,-36.89938351,886.9049433,819.6875887,5797.4798,422.0959592
21-12-2025,1089.900385,0,898.8236929,3745.587131,4,-24.7804902,-223.8426044,-471.6239092,2062.034086,4182.936722,8391.956993,-3409.251155
22-12-2025,152.9400643,0,-538.2155746,2718.893907,4,-760.9360665,-1283.094734,-280.9750491,150.9908543,2650.233078,3229.57509,-1184.65733
23-12-2025,160.6587328,704.5739634,361.1187655,2077.398973,3,-1398.300472,476.3271185,-145.3247025,1043.6323,8246.387181,7763.060048,-250.512706
24-12-2025,0,766.1128723,-596.7637453,623.791705,4,-938.856471,-948.4105456,-13.32899994,6604.786612,17803.69455,17785.84724,-716.1068476
25-12-2025,368.7290674,161.1844275,-654.4608158,1769.774772,3,1564.172963,190.0696132,-648.4846811,2934.930501,12612.0533,16315.22566,-146.1981685
26-12-2025,2346.614969,618.789563,1826.359544,6689.108379,3,1923.749226,1386.426804,310.6288896,1797.039827,8785.697119,6195.916436,-118.1278475
27-12-2025,0,665.4011906,139.9670215,22501.36179,8,-166.0106436,-340.9427733,-219.4307851,594.8255675,300,2908.638775,-314.5155494
28-12-2025,2282.679959,87.19531077,1922.095399,4184.99069,7,-563.1246873,-410.8462462,364.0964898,1023.936749,6154.869556,745,-4445.622545
29-12-2025,1079.971277,3293.740984,-2193.200347,823.9711177,3,-57.52586246,-799.6567924,49.75849619,1437.91755,4158.518878,6211.992632,266.6831182
30-12-2025,784.9668636,1883.62968,393.5938801,4727.111905,4,1491.236407,-73.47762051,365.4053206,586.3092503,4347.878328,3639.189107,-4558.926344
31-12-2025,825.8929189,0,1653.993748,3029.276301,3,-326.1554577,-231.2967626,540.3568581,800.8940833,5172.418826,1758.265835,28.71179694
01-01-2026,5487.548153,1013.465461,6412.382896,5256.070961,5,-4847.445748,1566.55276,-1186.342459,5808.591591,16228.09016,19639.71786,-479.0110811
02-01-2026,576.3814314,6049.84585,-5728.778182,5291.339881,5,-2845.073828,2500.637657,-425.7750022,3320.876684,9993.958175,12959.67514,812.2923959
03-01-2026,0,891.0844245,-856.4468986,1715.372708,3,1466.135155,885.8599743,-144.6813688,2442.982774,4514.593161,5891.12505,471.4588414
04-01-2026,0,166.8259677,429.3440484,3121.110114,1,648.5525597,187.8301079,-65.59696135,150.9908543,2052.849694,2200.969155,-466.6909749
05-01-2026,1120.041297,599.139648,444.1857333,1790.122757,5,1093.289196,1427.634099,-69.90015818,1905.111581,5769.414118,6906.984936,141.7368536
06-01-2026,4484.009503,3610.819235,732.0690617,8664.831974,4,91.62053593,-1774.08971,1059.123966,2500.72274,11955.09778,5329.411538,-6033.805031
07-01-2026,817.5710356,119.4442541,858.7493613,35762.47544,3,-4232.211692,986.0661643,418.5147711,1696.122235,7604.065148,7719.060638,1067.951575
08-01-2026,5376.969881,4206.469858,1818.994121,7833.276007,7,3474.754943,-42.57258751,1015.539976,417.8828387,13155.3552,8231.822993,-1277.550317
09-01-2026,0,241.6731107,-1033.531058,5745.065069,4,-173.6367494,-99.83454928,-187.2262095,305.594671,4063.247279,6874.494905,-426.2640021
10-01-2026,446.6433446,683.8399686,750.0518001,1813.489008,4,-507.800922,826.9663199,360.2860015,150.9908543,4159.446702,3061.360401,-1586.392398
11-01-2026,263.1078401,1861.164765,-510.9694191,0.8,2,-1348.49099,-28.95362159,-163.0251861,856.9071257,11065.5141,9362.84098,938.1610472
12-01-2026,1912.791918,713.5253568,821.3317895,1688.530872,5,-356.2530742,1371.881208,-18.91039698,776.0564707,6865.180903,7071.943566,10705.61815
13-01-2026,0,977.887119,-142.1336536,22078.53381,2,-994.8841241,-805.4449988,2634.111958,7500.269296,40248.33896,23169.96175,-339.9072107
14-01-2026,521.1950759,136.2299378,1.887968239,22683.63474,8,-416.735957,295.7178196,-173.9164569,150.9908543,300,2476.978189,342.8745365
15-01-2026,0,71.21184538,-597.1793054,0.8,5,1050.687212,-304.8045555,-171.6141697,1960.973129,4341.644028,5300.109043,1193.697096
16-01-2026,4404.338462,3476.880195,-744.8723417,7932.127096,4,235.1175575,-2133.379636,1050.153853,3114.787511,11157.61774,5921.045518,-5088.282408
17-01-2026,0,0,-557.0730333,21891.36943,2,-17.14616405,20088.1646,-231.2264179,188.786119,17777.17996,21785.36786,-328.6295477
18-01-2026,881.3663605,12384.25761,-11297.92865,138.8250536,4,-2716.917939,-444.9703535,-2401.439289,5460.906325,4792.247214,22146.59656,294.7092891
19-01-2026,10528.54273,0,10447.9353,13430.91895,3,119.9781201,-651.8421688,1717.265352,3922.234163,14433.71583,1265.275194,-10506.0163
20-01-2026,0,18.6074275,-41.74131087,25152.0403,3,83.46502413,-311.8732127,3220.469924,7434.737373,44420.31652,22748.52209,-578.9571062
21-01-2026,0,0,412.2346644,864.1130441,1,58.76435069,194.0739913,-94.7161064,150.9908543,2140.810279,2874.948348,-668.7884267
22-01-2026,291.9252458,4554.923736,-4287.672079,229.3578211,4,644.5430029,-279.2488712,-320.6246627,2844.740033,7907.266223,8706.336033,787.0193513
23-01-2026,67.47528654,844.7820942,-655.4179007,0.8,3,1203.465409,1039.483153,-320.234816,1758.947609,5628.929679,5794.879817,-1104.058568
24-01-2026,50.86024382,1462.273966,-538.238563,115.044609,2,-3.643525059,432.2857717,-528.4154772,1721.353315,5481.638014,4776.945821,2113.20113
25-01-2026,250.7023059,1179.430378,-620.1820871,1131.186338,4,-413.7889626,1731.461605,-331.1616111,735.4993847,2140.450817,3800.09512,-304.2237354
26-01-2026,2692.895191,0,2362.166558,33732.33104,1,2070.629962,18055.83181,1307.932093,22497.65232,52396.61685,46145.47071,872.2323008
27-01-2026,0,123.8219534,315.9121173,23827.13643,3,407.0437088,839.3033165,3155.225272,7250.927167,43647.57618,20471.70939,-1087.148698
28-01-2026,2191.119736,0,2342.819602,5394.803141,2,651.9393394,247.7222852,539.2533445,1068.724121,7627.004997,3909.27458,153.6765735
29-01-2026,441.7959763,36.64730532,6.747088284,5703.195083,1,-4715.089347,-976.6662943,-217.0423054,3437.854107,8888.93027,11321.06464,-5302.345636
30-01-2026,332.6724985,7.733330604,-349.0004988,1818.143899,1,301.0808846,-10.32433364,98.07523308,150.9908543,4280.458312,3153.368665,-235.822513
31-01-2026,389.0013477,0,-1329.175948,15251.97142,1,-707.4164336,-1069.065342,-1084.759753,1711.82591,300,5592.653002,1234.188707
01-02-2026,0,1685.49068,-609.6717626,1898.994924,4,-933.9259674,2188.985269,-529.7136404,555.7208774,1577.002429,5103.547565,348.3388849
02-02-2026,38.62311346,0,-432.359067,153.3716815,4,-265.7567077,-169.9859436,-25.40622459,6634.165284,14862.38716,15479.76432,-1640.808734
03-02-2026,696.6269291,692.1885893,717.841952,732.7611736,6,-1402.838202,-1931.012328,-149.4492687,1453.627368,36388.16158,38500.23425,259.5069526
04-02-2026,0,0,-732.2456384,2564.674497,1,-930.4721539,-1432.235535,88.58186596,804.2320688,2746.449548,2060.942462,189.2994394
05-02-2026,776.0688162,821.2538006,715.8128184,2874.700377,6,595.6958619,-1439.857986,-272.0325294,331.0824553,5204.939204,5961.236148,78.16340971
06-02-2026,677.3951564,1353.894743,-966.3612869,4225.718346,6,-893.493189,429.2038748,-133.0431524,1123.154565,9171.869763,11281.22653,406.8491607
07-02-2026,1258.469892,1206.484178,508.8562761,1123.195192,3,-705.877122,458.1974845,-993.8810241,2738.538082,4900.22381,11231.46593,216.532942
08-02-2026,20.52012686,42.71071411,-36.91636878,2165.359496,1,1813.548856,723.2187718,-53.97809578,489.2536421,2396.358627,2174.58549,-169.2084971
09-02-2026,574.7024246,752.101121,-483.8775243,2023.282901,3,353.5956888,2111.492468,-221.3659761,170.4899619,1233.720029,2321.002173,-531.8914277
10-02-2026,6135.468365,0,5776.985822,6615.562109,5,-2098.537048,1126.038917,433.9094374,3449.643797,9604.499978,4239.298047,1631.749748
11-02-2026,1117.994411,2602.575038,-2539.656347,106.2894669,3,129.1485607,1477.830487,-152.4654208,785.3218687,3494.231595,1892.357329,5608.72273
12-02-2026,266.2561837,0,264.1281305,2135.334923,4,-179.1222448,-874.9339873,-130.8475279,6165.815808,18343.18022,15722.47758,-374.2556538
13-02-2026,1070.734625,14199.94876,-12502.35809,12564.96294,7,18937.30186,565.1548587,1923.951624,9293.900199,51080.63572,41275.98533,45720
14-02-2026,0,82.05914594,-579.4337618,21495.73099,1,-167.3677299,1061.819397,3245.90112,7820.291324,43356.61939,21225.3369,144.6973944
15-02-2026,457.2904058,368.0724153,290.7005574,12954.77698,2,748.2942224,-1014.895633,-484.7679257,2006.501197,3891.707207,7267.226603,799.2467944
16-02-2026,1662.345971,0,1038.68658,8920.851215,3,-30.62783721,-1809.747389,511.383646,664.325342,9483.721798,5324.669481,2615.412467
17-02-2026,1517.08225,0,2699.822111,9189.776262,3,1299.242309,-130.6226287,872.7719996,417.3346288,12466.7857,3390.395743,2306.155377
18-02-2026,3338.203046,2685.712121,-247.5069242,1407.454088,3,1388.552125,-675.8951672,-196.062445,1208.305755,39421.90905,39103.46421,-2277.331588
19-02-2026,268.0648222,2700.727859,-2903.880283,0.8,2,-848.3055747,828.2256332,-488.6424841,6398.010736,13140.2312,16098.42114,984.7789223
20-02-2026,52.94247114,817.9428479,-989.454222,2316.219664,1,1637.384253,-302.7684549,-178.7767041,1158.00724,3310.397118,7836.359073,975.0203553
21-02-2026,2214.982028,838.2184852,815.2977153,1656.231043,10,-268.050808,-377.2991701,163.7241668,1833.993765,8699.562828,9912.753424,498.4503359
22-02-2026,1816.811008,3115.65225,-3216.917819,26.38050717,3,-971.3790454,-1650.271624,-316.638643,848.8971602,3173.657965,6382.765919,-194.2024051
23-02-2026,3214.137812,313.348492,2505.240018,3880.762332,5,-704.8580069,-541.831748,136.3063428,1257.293149,7824.008457,8973.246693,-1174.905604
24-02-2026,411.2398469,949.0378398,-1107.452306,766.4678242,6,-587.7324019,-741.232894,21.06584535,1432.220887,10881.4279,8058.407953,179.375768
25-02-2026,48.07259749,11146.07105,-10563.03048,2631.477476,4,10072.2122,-157.7184517,261.2465573,6561.873954,13695.10162,11759.28493,-2770.732218
26-02-2026,1505.088259,0,1914.155193,35592.07842,4,-199.6851096,-28911.20955,851.7819612,1529.075877,9397.752572,2196.187089,2337.873486
27-02-2026,551.6367792,3358.638377,-2696.293605,0.8,3,-1626.706809,481.423483,-193.812243,1395.976538,1338.692305,5968.351034,-169.3222881
28-02-2026,0,688.4685505,-419.7657867,22204.46921,2,222.1555521,3716.799036,2742.79376,7233.815038,41378.91308,22670.02159,-852.443037
01-03-2026,1864.708432,0,2523.341522,4290.498751,5,838.2753702,1968.40526,50.44171727,2275.010411,6761.297978,9714.136901,-3405.23853
02-03-2026,442.5534119,1022.276425,290.3101378,0.8,6,-1699.987436,1357.54179,351.7559052,400.4976125,8006.691372,6887.813066,-894.9197134
03-03-2026,1081.011613,625.1930304,-895.5868715,2053.12431,7,131.8481707,-594.2287004,420.5822003,6675.580265,20547.70169,17906.43265,-762.4469151
04-03-2026,0,408.5946895,-118.1226305,3050.862706,2,88.50234999,403.171267,-36.09651785,1303.661376,3998.469466,4910.043762,-2703.531201
05-03-2026,4081.783454,2405.993143,1251.071424,2873.931852,5,-1194.952738,-22.6436083,-43.73418413,1350.818576,7823.00781,9110.769681,-851.3664498
06-03-2026,41.21152716,2233.287449,-3300.530789,478.000074,8,1867.8125,52.07100415,-425.1107364,3037.548735,6415.558756,12431.16643,1188.850524
07-03-2026,1502.293799,165.1080727,1404.49258,1858.242551,5,761.9553235,360.8604227,24.01098187,581.2124437,8498.031195,7758.182523,903.5133278
08-03-2026,0,780.3639959,-941.4291225,0.8,2,-462.6054983,-16.13446445,-18.9765214,354.5736074,1921.125236,2648.939068,-553.71143
09-03-2026,2564.733787,667.9631351,237.5846023,1537.535775,2,169.388921,1060.678071,177.8465079,1040.532612,2390.51999,2517.928046,480.8300671
10-03-2026,8037.26626,13368.63181,-4741.35652,476.6882197,4,-1457.110315,762.4815649,-4998.142857,10624.0235,15660.01004,49676.51075,1152.35384
11-03-2026,1782.589082,31519.56367,-29781,6386.292518,9,1573.1107,531.5238033,-4231.344018,11010.5419,7178.294695,36772.46175,837.3928098
12-03-2026,1743.929067,1190.474372,285.8681662,2098.307918,10,-102.9820959,-301.4230344,-77.92108814,729.5061071,9038.271193,8131.029533,-331.8638028
13-03-2026,482.1316137,1578.57865,-1161.120958,5941.45724,4,708.4804971,-3849.626011,-3933.003109,11065.08121,7174.790421,36686.5732,-6562.383167
14-03-2026,1718.23024,770.3868804,1591.951766,37172.46934,3,276.0724449,-1085.289081,1084.430628,150.9908543,9892.77723,1716.8314,-4096.777806
15-03-2026,1583.255309,14998.34828,-12983.87643,11414.50692,7,19204.74691,512.0671911,1782.580344,8915.011971,50345.81274,37932.0078,45720
16-03-2026,382.5509411,0,-534.321047,197.3218665,2,-6283.04855,1522.864309,-1297.813767,3783.10082,8904.56161,20195.70222,790.154722
17-03-2026,0,281.3028577,490.1833183,3122.908942,3,3271.861747,464.6675435,12.37101094,6169.470079,14014.18248,13014.56996,-3199.050672
18-03-2026,833.7506763,0,105.8780907,23148.09992,8,53.3544147,246.8935943,-193.320205,150.9908543,514.9902886,1841.150157,-507.0703698
19-03-2026,284.2396767,3109.429539,-1507.82533,145.8610686,2,-64.30666049,97.07095236,-454.7333245,1028.522404,37897.1582,37978.06561,990.3743108
20-03-2026,1454.794584,0,680.2488815,2017.066805,3,-1152.973475,-1263.14362,-385.8682652,2282.83487,8628.867931,7855.629595,1494.958203
21-03-2026,294.5159022,1240.364997,-124.2366852,412.5793867,4,-425.9461222,-1120.081431,-269.8494735,948.0743505,9581.237883,7967.560337,721.1483994
22-03-2026,10822.018,491.4558559,10654.88721,13299.21117,3,-320.1022125,-634.7657057,1874.194495,4456.986996,13500.37456,856.5871167,-10242.50405
23-03-2026,1237.165378,0,318.8570409,1308.092384,2,-4536.175922,-523.96305,-263.3454491,1143.085847,5753.82135,7353.320601,-1237.89795
24-03-2026,958.0631967,165.8927796,946.1104014,34139.06146,3,1879.452751,-13002.94808,3057.847969,20811.17262,50868.49666,29391.52253,849.0625022
25-03-2026,1467.574789,1210.004817,1187.120747,2938.179215,4,-94.13854739,-1011.18382,41.84378312,865.1752247,2838.485274,3397.474223,2464.725704
26-03-2026,1480.797315,1232.867376,876.453163,8145.029627,2,-1037.884327,1785.725859,-20.23599831,1269.02201,6671.611786,6206.393396,925.2033584
27-03-2026,607.083381,1240.732061,893.7695523,2178.287478,2,765.6739253,1226.760687,-301.4581513,1735.770226,10837.09525,11716.05622,714.2765085
28-03-2026,412.2388114,548.8516216,-502.7696648,16674.06024,1,-1253.696611,-632.5793773,-873.1553095,1135.068872,300,7851.387755,-443.1828793
29-03-2026,77.06955423,685.3859399,818.2790095,28386.49909,4,-735.9077603,1340.311283,3354.764654,23294.72061,86412.18098,66324.51511,1273.449596
30-03-2026,0,5019.739703,-5212.060741,1167.290252,12,2607.461793,92.7043487,-320.2933308,1742.805267,6388.061489,5864.171336,1713.801695
31-03-2026,859.8436423,3009.403496,-941.5208918,10502.21822,5,670.0955581,835.0689184,-517.0866837,1156.382295,8544.86042,11331.73008,-11442.99328
01-04-2026,1243.101536,0,598.0579757,1462.02997,3,169.2278749,-1743.550953,-109.3955042,1833.653422,4332.344794,7265.138118,1424.259573
02-04-2026,867.2224869,28.11682316,1074.994563,9189.534473,1,1782.557722,-136.0459272,1033.29009,1435.376795,9176.818879,3527.053809,362.4729693
03-04-2026,2143.552919,35.42004321,2004.233315,13933.13279,3,691.7133897,-874.8809646,-300.1545567,2394.465238,4758.996471,5996.814023,158.0726964
04-04-2026,0,6477.079386,-6108.298349,271.5147958,6,787.4405325,58.09298576,-1032.62644,3454.950559,9447.351085,20389.72854,246.6818796
05-04-2026,522.0213759,115.5361679,1012.044394,6901.377951,3,6077.843763,1375.860734,692.1259502,1908.356824,10242.06045,5729.4982,-359.5169955
06-04-2026,6286.507603,4474.961154,2043.493446,2756.585191,8,86.32026588,-853.7134951,-238.6703425,1260.489719,11566.82206,7981.943864,-692.4815609
07-04-2026,802.9067156,2105.810463,-1031.945148,1513.600178,4,702.3185384,2527.173981,-53.98682211,6611.470178,16214.19695,16310.37766,-1517.333932
08-04-2026,2179.110536,2334.971008,-336.0959199,780.4831534,3,1716.767876,112.7986469,-157.3455072,1319.015623,40469.26167,40938.3514,-2248.962061
09-04-2026,2836.609142,4724.771969,193.5898589,29.2536233,5,793.3508451,-324.6856068,-63.57589434,237.1936147,40441.48234,39345.55418,808.199432
10-04-2026,0,625.7879575,181.9213096,3072.813225,2,1923.900556,1663.200112,2.282406531,518.1374201,1816.875802,4805.626099,-375.8564852
11-04-2026,0,913.759806,204.9151775,29648.18927,2,-27765.2939,3277.184126,3175.141304,23502.00514,91711.63011,67980.6801,286.6430666
12-04-2026,6022.420639,1108.322502,5486.174739,4950.079142,5,-5027.925399,2152.962774,-1121.854528,5465.941972,17484.92864,19605.24383,359.7205263
13-04-2026,382.1985698,0,-1021.268203,2861.385865,1,2637.80081,1342.887852,211.7909107,780.0915316,3437.651442,1915.506161,409.9907327
14-04-2026,46.68431775,137.0877723,572.2828943,0.8,2,-5277.293926,1087.213725,-1162.412213,5056.661235,7574.219841,15963.34044,605.0173968
15-04-2026,543.0145246,0,460.1308809,1295.901218,3,-808.9327521,757.1240901,-282.6629394,1129.170997,2312.416567,2815.386671,423.5971526
16-04-2026,431.1754814,477.0039837,-75.51811706,2762.023242,6,-344.4136132,-260.9486957,-197.4784378,304.0911295,1985.019483,4080.951895,168.3425385
17-04-2026,246.0608452,1556.620621,-994.2506912,433.098994,2,-1014.205578,358.4937402,140.7090819,1076.655179,7781.953547,9110.225908,-127.5125788
18-04-2026,694.1157747,413.748574,-518.2846982,764.6552224,6,-1754.10065,-3245.61973,69.61922371,821.1675969,34683.37181,37844.05787,38.25896089
19-04-2026,1568.905874,1168.191676,-91.5073291,4540.414437,6,-1307.445289,4362.290914,-288.7993206,357.0834773,5325.971686,5644.248853,-839.0046119
20-04-2026,3175.631991,0,3889.341051,13059.01004,3,1864.643398,-170.7744337,1116.105115,1725.511232,12002.98066,3906.447696,-1748.171069
21-04-2026,1075.092506,1430.545208,269.1812706,4763.63466,6,-1299.822771,5451.890618,-148.2239239,549.6709981,7727.713761,10662.48596,-584.3145796
22-04-2026,124.1418585,995.145305,10.49578814,2457.874852,3,648.172849,592.5195893,174.0902281,1413.679024,5219.043577,3872.08643,829.5923371
23-04-2026,69.97577584,3460.361314,-2831.250656,726.8303664,1,3006.140221,-4726.557259,186.8775356,1836.98203,6670.730949,6732.018637,-81.32118615
24-04-2026,1181.34697,746.5423664,-153.0149964,4065.099506,7,1320.480506,-108.9357008,304.1906146,274.2625193,6134.819412,6937.120183,46.15402284
25-04-2026,1467.42858,338.0923254,1411.798625,304.5771149,7,-6868.174347,1018.281017,217.6124391,2571.197893,6162.069464,10067.4476,688.5484746
26-04-2026,685.0417095,4875.425068,-4207.947605,1011.390403,2,4376.166711,835.893126,-1386.533899,5084.096973,9748.709459,20899.86139,4782.68271
27-04-2026,2180.050216,2765.187044,-1158.066359,1154.806439,10,340.8474983,-2196.000087,90.47006028,517.1072392,8309.788074,7006.555098,205.0969813
28-04-2026,1927.507378,723.9067607,313.4911183,6442.826169,4,1143.349612,-346.9278939,1066.65081,765.2252808,11272.05752,2077.222954,-6853.689184
29-04-2026,395.0137657,1507.962655,-2024.855374,958.8746245,3,1111.550765,-83.72296777,-193.7725808,2603.309638,10241.45501,10866.41698,410.4678026
30-04-2026,226.8823989,1307.045157,-1117.60072,1472.992364,3,396.115895,788.6905814,-10.2800011,2329.746527,6013.916275,7721.731224,29.86723242
01-05-2026,1952.151584,0,392.6679003,3087.584252,4,-16.31935712,-254.7052196,-507.9677121,1777.899911,8427.929674,8906.742791,-3857.215716
02-05-2026,1725.652523,153.2124857,1504.032251,6629.815135,5,-192.6582449,392.1972022,760.7730302,1219.101081,6736.853141,5053.470306,1984.539491
03-05-2026,0,594.8947132,-440.8441568,685.5187371,1,-5557.443779,424.9141498,-4998.142857,11064.37832,14576.27416,48220.26028,-290.9831715
04-05-2026,24.93609319,419.603622,1137.359181,3338.98966,6,-1075.074053,-291.4547199,-141.3811626,261.1325123,1924.85677,3119.550878,-56.30157223
05-05-2026,5009.952695,4209.041352,626.5832606,6080.645985,6,3151.388006,100.3344614,1115.218891,1253.806116,13044.38606,5416.296189,-1307.360976
06-05-2026,0,407.8367516,743.9435044,3627.545978,4,234.6655089,234.9661249,6.406286981,371.5249534,2438.259212,5446.380492,631.4755365
07-05-2026,487.9940982,1399.000291,-874.8428569,0.8,2,-1086.821911,676.4355762,-148.4161493,1358.402035,11567.08537,8868.818616,1228.482535
08-05-2026,2278.948399,767.3296033,2105.961764,6258.519405,2,-220.240297,796.5720559,423.0144385,172.6556137,7991.696461,3749.405102,-2968.542998
09-05-2026,991.7072017,2047.164365,171.5648854,3645.496676,5,591.8966409,-339.8329556,470.4237136,697.5414775,10473.60726,7970.419132,1023.351978
10-05-2026,1403.187599,323.0501118,-1093.974594,301.951232,6,180.4272182,1136.573022,-408.8441366,1996.108911,4753.956921,7690.845169,451.0464924
11-05-2026,800.8336213,174.2689801,86.28577017,3713.084082,4,-1077.725663,-496.7534621,298.6171012,150.9908543,4916.621818,745,-1346.168522
12-05-2026,0,0,-328.801978,1654.32853,3,3301.442541,-1288.300436,319.3502208,6738.248543,16490.30378,15126.63487,-2603.151177
13-05-2026,1074.290435,0.561640115,-62.76450616,1675.165248,2,-455.8382751,-274.0203703,-84.25365284,3004.195797,10421.45091,6385.680603,186.8695901
14-05-2026,1.254778291,1261.784141,-1040.532253,6322.56396,3,1133.870449,-332.063969,859.6938231,1664.779899,13271.88257,8345.301385,19382.04107
15-05-2026,1936.896641,283.9584323,2193.727384,36343.76351,4,205.9462212,-27697.49758,1002.25096,931.9004785,7651.895134,2678.11402,1052.88799
16-05-2026,1345.85106,6182.518825,-6352.10603,4482.022522,5,-3634.136016,1382.267968,-551.9794139,2946.149103,9527.099014,12899.74471,840.3676034
17-05-2026,867.194286,1041.055497,1008.101718,2649.735797,5,-5509.891592,2362.981525,-681.0868174,1844.178754,7152.627792,9980.731054,-726.1250093
18-05-2026,394.3222269,628.2629161,-1457.672218,1909.999692,3,1082.600136,-1318.014335,76.51743603,1705.541861,7723.800841,5018.521788,-151.6920025
19-05-2026,609.9350745,269.9484004,526.7831723,293.4790157,5,222.0964279,9.78491449,-432.1728183,150.9908543,3208.679027,8387.179355,-1666.508993
20-05-2026,66.27579985,304.1510649,-304.6395788,803.5107517,4,883.1176644,9828.949031,-1882.318418,4338.153737,3551.128824,16642.78165,-539.4665033
21-05-2026,0,803.0918177,-373.8362192,0.8,1,-5536.933058,931.4173821,-4932.701957,12093.04164,14177.01987,48582.23912,263.1137961
22-05-2026,1561.242522,899.0559996,40.41965678,665.4713382,6,-1369.921064,1568.32754,-284.7363941,150.9908543,2495.417957,3564.079533,908.5387912
23-05-2026,2193.374795,276.3858238,2466.351662,2783.001323,7,-7350.879855,447.1409127,-8.99785173,2963.828198,8789.710297,10065.78588,798.5945764
24-05-2026,19752.48551,380.1431304,21747.38536,23366.74251,3,52.3223389,-4032.858729,3347.30382,7803.740591,21743.76102,1052.275917,-307.5145087
25-05-2026,913.9608144,166.4944625,1176.488093,17317.70632,1,-995.6152742,114.0924478,-809.4917874,2047.093098,1657.61532,8255.101459,-166.5196471
26-05-2026,0,49.58445869,-1828.203732,132.99696,2,-572.9929895,2794.103447,-2010.350011,3372.205464,4594.64421,16286.49501,1497.194164
27-05-2026,1471.423423,54.02122641,1542.157204,2627.853607,2,57.66490192,528.6831646,-83.75152084,1037.472661,8052.529825,7007.387436,1000.619945
28-05-2026,83.37435987,800.0830301,545.3345792,1101.057779,1,75.61867065,96.32561721,204.1395969,150.9908543,2309.945593,3393.346016,-68.30724808
29-05-2026,574.0635005,431.6384547,-48.05225292,808.6609923,3,545.8615554,1585.619166,-190.1468474,865.7492436,11230.03308,7964.193411,1477.760236
30-05-2026,563.7693481,172.1822211,965.2354459,10224.65834,5,-5674.031533,-111.550658,-536.6052058,2376.390942,2172.91315,3458.797459,679.6647791
31-05-2026,867.8281507,285.5122375,-310.8219424,22635.04996,8,146.1001335,-90.07467859,-300.2678439,472.8452949,300,2077.226248,-513.9516604
01-06-2026,1338.534833,0,828.8456658,4207.312123,4,144.5498144,619.9791677,-326.2105033,2456.441695,3749.976553,10139.28764,-3469.721173
02-06-2026,453.017052,592.0296214,252.462949,6236.673531,4,2179.014675,160.3183099,232.0606943,1306.113029,6108.428975,2399.969873,-4563.757722
03-06-2026,100.7649966,343.7957094,-150.6933813,703.9584018,3,-938.6705785,293.0075661,75.07688685,918.0229176,7204.359001,6546.620447,-1054.998889
04-06-2026,2009.540935,0,1324.361646,1233.476517,3,-518.3807354,-1063.038592,71.47661882,1340.509974,8762.217616,7394.610545,2757.297308
05-06-2026,2987.764835,0,3261.93963,2989.01576,2,-2679.582771,2822.54486,-160.7813643,5529.181776,12286.67769,14313.61308,431.6214509
06-06-2026,1724.266793,269.057064,1662.785829,10299.63327,3,572.7749073,-1176.591602,143.7396697,1160.598379,10575.8641,4087.244487,2065.658456
07-06-2026,0,1147.490311,-444.9188926,17708.23504,2,-486.5546232,-50.78071748,-832.7626592,2023.987387,1134.825844,6783.745741,-550.9663675
08-06-2026,45.41361789,1315.290405,-233.8277855,3704.858561,4,2833.897785,302.3405449,495.4448939,2264.064716,8290.407563,6318.39309,1796.444483
09-06-2026,0,599.0847864,372.946585,1378.110893,1,-1069.190652,-1395.49184,1.504026804,1709.195929,38062.11422,39538.48193,-486.4813209
10-06-2026,114.0915756,0,-771.7337069,0.8,1,-5490.429407,1012.342871,-4945.162606,11723.0194,14943.90885,51374.96142,338.4890836
11-06-2026,397.5779614,3769.357166,-2466.604224,129.8439026,3,-1083.359486,-1806.447208,-276.329334,1321.594821,2950.829694,10193.85683,30.70896568
12-06-2026,0,214.0287449,-540.0577062,7693.197844,3,1678.533703,1148.899615,410.047162,1090.794332,5395.693332,4624.446508,801.6418099
13-06-2026,0,415.9438909,-254.9234762,1567.889131,5,1047.861378,518.5246414,-100.5945137,1773.2637,8076.587004,9464.327992,41.83812352
14-06-2026,2354.846743,2488.620103,-905.5396566,0.8,10,-351.6610463,-2716.371775,-148.3082807,1021.635649,8960.996179,9528.160099,816.8142406
15-06-2026,14.30905643,465.6989026,59.99809726,1732.545547,3,99.4877097,838.0554971,-190.70932,150.9908543,300,745,993.067045
16-06-2026,1474.376502,1729.455059,-1038.40882,1661.634714,6,1754.1813,1060.931856,81.8266556,1473.970529,5801.713115,8326.022625,905.2020497
17-06-2026,1119.766345,324.282272,601.7236432,2594.099892,2,634.7206408,1245.481853,-378.7370152,1698.486862,10581.6072,9955.244305,969.9100171
18-06-2026,0.133519231,2260.691564,-2129.744728,0.8,8,468.0068544,-485.3633316,-516.3659559,2927.549158,6230.307863,10503.9927,753.3967883
19-06-2026,1699.265411,140.9554086,2002.380688,5578.175252,2,1409.761075,260.9591613,241.1341005,482.3319512,5566.404161,1623.710604,40.30840044
20-06-2026,0,319.5208929,-382.2322563,0.8,1,-1367.124943,-1683.446252,9.30038862,1165.585313,40615.30838,39635.94124,-983.4389872
21-06-2026,302.4613419,922.0699047,945.4252064,1814.866543,5,900.7100482,1507.122568,-141.6028597,1380.143594,5306.983424,4394.757938,-857.2923491
22-06-2026,0,4141.347674,-4438.208896,436.0361689,2,3835.704063,330.482954,-1724.847723,5053.228354,7149.825581,21474.84548,5327.870214
23-06-2026,368.2288014,710.5921601,-963.7445667,0.8,3,645.1859588,669.2614173,-215.7867616,2005.367196,1649.796569,7738.463516,377.185764
24-06-2026,74.15296811,751.3018126,-1321.758976,3073.314263,3,3292.4224,-604.4360798,130.6399484,1648.913819,5335.558309,2218.789641,3482.914613
25-06-2026,151.5020787,4496.740069,-4106.125931,683.7697817,2,4067.822833,398.112704,-1804.347304,5030.565912,12304.47215,19384.86174,4778.840293
26-06-2026,0,2.066920045,321.0780936,626.3205678,4,-1213.54758,458.2278709,454.2562609,485.399303,1960.570305,1890.175223,-1946.667498
27-06-2026,1786.421065,1175.959977,1216.402144,534.7898894,4,-1310.220982,-1520.245482,128.9961818,878.3637344,9229.892015,10783.45833,-441.0625872
28-06-2026,334.8535742,2229.881948,-2463.284757,1388.555537,1,-1224.398896,-459.7980432,-682.8841396,2128.316045,4559.021747,6479.151418,496.8983514
29-06-2026,938.0196002,84.21235569,373.6900307,1372.039617,5,25.44936813,-1333.380195,-191.6478954,1177.525852,300,4520.338394,143.2211665
30-06-2026,312.0296229,0,646.0013213,6063.465409,2,2266.474865,-5056.716296,535.3181322,560.0598652,3525.957152,745,1290.900885
01-07-2026,2114.121296,41.33425412,2186.30759,5901.070104,2,-160.106508,802.1607895,303.35907,150.9908543,7436.118972,4672.015535,-1907.672148
02-07-2026,4903.719274,3386.533535,310.415715,8051.476221,4,-393.9591659,-2976.368955,1006.510276,1252.906892,10217.0557,4796.411801,-5730.836129
03-07-2026,458.1556848,0,-176.1034743,3518.089266,4,270.3878626,255.2937431,297.2476002,172.1622841,9149.330784,3375.002577,204.2155761
04-07-2026,2825.839453,1096.365461,1960.684961,1068.493641,5,-1486.599968,744.8969586,-142.9622693,1545.947946,6843.333649,8239.030722,-691.6533376
05-07-2026,1515.359582,129.0554779,2158.136608,982.8899848,5,482.975829,70.95965306,-110.0087793,1823.582156,7155.76513,6866.877503,424.8303521
06-07-2026,1280.797015,1296.334946,282.7439563,1359.007235,3,15.13554547,-869.3137241,568.1897227,1124.705069,5096.557403,4532.615038,1836.689039
07-07-2026,0,620.352426,699.9667717,2677.000753,3,3207.849611,457.5191783,70.94673518,1979.773089,3797.836238,3698.499852,20194.14115
08-07-2026,614.8939391,0,374.9539941,2247.416402,3,-129.7941721,-68.51311767,-853.0122385,2284.540311,11066.53452,14640.27451,2208.943668
09-07-2026,1226.930048,32.4199732,1155.003043,1603.155865,2,1069.371791,467.2443987,152.0975203,2089.977898,6486.037763,6511.534109,-113.9181318
10-07-2026,480.0082184,33.46917159,24.16287722,2248.69231,3,609.5820934,-467.4839947,-932.648101,2276.736971,14562.7261,19413.131,886.4489527
11-07-2026,0,0,-293.1570231,2624.798049,4,-1745.245145,824.9992189,338.0241929,981.4569718,7150.31242,4657.356232,-658.5972215
12-07-2026,150.5556025,0,-356.4419131,2747.380667,4,409.0967339,-183.0969087,181.3421179,348.3004639,3474.40632,796.9820471,-2292.814929
13-07-2026,863.3930129,346.2757803,-198.3100546,854.4708285,4,-177.7104659,204.6796586,-192.9850357,1350.382621,3511.577171,7070.918487,711.7500044
14-07-2026,2526.108837,989.3513157,1649.235648,2707.692019,2,1741.418967,631.9748483,175.6523591,2408.48731,6990.908194,7579.348135,205.7040092
15-07-2026,744.0803204,28624.05603,-27399.68148,29101.63069,5,45720,-1771.688954,3820.888304,23244.50196,94766.30645,68111,153.4014315
16-07-2026,1495.85372,2062.875736,1069.795128,2370.205142,7,-1377.462048,65.71514794,-34.01896541,671.6301425,4342.040515,6933.965328,-1570.757745
17-07-2026,1407.748139,993.0046789,465.3145273,1667.756541,10,-246.7057985,-1112.224271,290.4833295,851.2911892,9747.224274,8871.971305,-350.6178747
18-07-2026,563.3025117,1316.077544,40.91283759,5105.288826,4,1521.817173,-580.1421856,248.4034084,604.9390572,6288.799897,1466.100619,-3433.933043
19-07-2026,0,1297.196148,-672.1382382,29146.60039,2,-27331.28164,3525.9608,3442.966979,23502.00514,93256.00894,68043.84658,249.0064901
20-07-2026,53.18544904,125.7546192,414.1779426,3884.77845,6,-179.5479965,-992.8068684,-328.8344633,987.5161134,4237.377412,5048.427861,-373.8392647
21-07-2026,1350.323981,11853.671,-11355.23042,1333.912145,4,-2298.505197,891.2748347,-2128.822762,4505.364789,4059.822183,21596.16516,-98.5168707
22-07-2026,3828.546896,0,3753.745553,3939.659142,4,-54.02279218,538.744909,-760.8617443,4934.302981,7507.949786,18705.18985,-5189.696652
23-07-2026,4498.269367,4169.558455,255.9789432,7479.922946,4,290.7931727,-1825.972324,1101.048583,2951.990877,14239.43565,5691.022618,-5316.969487
24-07-2026,1349.494608,4982.941602,-3336.344407,36402.76526,3,1994.115388,-190.3669791,412.9657294,2056.78415,13669.49457,6653.733354,960.8851307
25-07-2026,198.8532818,803.7059933,-96.38823867,113.2402319,6,195.5295834,2727.660421,-330.1266063,150.9908543,4449.933552,8857.050822,485.215973
26-07-2026,0,0,328.114056,2825.640616,1,938.6237215,-780.3894805,9.167454976,828.2586116,1975.270174,1393.381345,-267.9652958
27-07-2026,1632.438556,0,390.5371998,991.1884443,3,389.1448575,328.9024062,-409.9543821,1102.361521,2033.08125,2840.944664,-83.38494929
28-07-2026,267.3714236,5428.282402,-6598.022971,1897.609763,7,848.2362305,6245.193467,-445.9702336,2532.934623,4215.901464,9488.189784,652.2923286
29-07-2026,603.2384439,97.54014593,266.0970325,4668.582471,1,1115.029323,536.4087937,-191.6138094,1222.651736,6925.979272,6167.721299,162.7504492
30-07-2026,0,630.5250105,-563.1415749,408.5064786,6,-1889.080173,-723.9953328,97.89624396,876.3352228,9763.127565,8788.18489,2.984716623
31-07-2026,19.22799981,0,793.387222,2499.957019,1,96.09913554,-3773.129037,504.6445946,563.222318,3874.175594,745,122.0101633
01-08-2026,147.2918594,0,-127.0518067,598.5509877,3,-12033.72619,-5546.896928,-1672.236713,4703.150697,3330.552573,17146.37782,4217.310442
02-08-2026,0,536.2058837,1444.949568,36972.80441,3,958.3455007,45663.94025,-3285.573775,11619.09791,8039.58953,30706.90885,945.9994608
03-08-2026,1447.233749,1525.698919,-410.534567,951.7353542,6,935.5808497,599.7039651,51.17515069,1462.258555,9259.405858,9086.166023,584.3331336
04-08-2026,764.5966203,6175.69984,-5929.401628,4842.612397,5,-2992.64179,2369.722013,-479.5324998,2278.319245,10164.19228,12293.77865,1488.95655
05-08-2026,987.4582425,0,820.2713019,946.2828591,3,-622.1276641,-1080.787593,-73.2022934,2309.665086,4936.354328,7392.839869,1887.411041
06-08-2026,1630.742734,0,1970.624045,3968.962518,2,29.7973666,56.98532827,315.740762,1380.604529,3877.135789,2293.881282,-847.3996977
07-08-2026,0,0,-836.4327466,22864.34815,1,139.2895832,24.04081091,3390.104851,7650.695336,42800.46792,20536.5743,-960.0921415
08-08-2026,169.2677791,41.47942221,190.9801192,3217.082954,6,-319.0922639,-287.1068343,-226.717753,150.9908543,3581.67628,2516.389657,243.4776234
09-08-2026,163.5305283,628.2328869,642.7121298,29164.09992,4,-590.6826173,713.1259861,3188.876326,23502.00514,86780.19887,64518.6185,1850.844416
10-08-2026,967.3949131,3636.333303,-1460.346388,0.8,2,586.3788249,485.3922898,-415.1924959,1221.910161,34967.3542,40406.12735,378.445824
11-08-2026,1511.726723,190.3140305,2233.430594,3800.178553,2,581.363787,-285.4037951,-349.4844261,2150.651759,13592.19091,12291.78393,745.5321002
12-08-2026,159.7081077,1319.880324,73.7148405,2580.619933,3,315.2588155,430.711971,108.4110783,2043.286038,5242.342684,2395.053485,-732.1340824
13-08-2026,552.8053305,664.557735,91.97258477,4212.732193,2,-131.1309227,259.6596315,91.15726084,869.2182442,4855.961923,1361.148698,762.489197
14-08-2026,922.0136698,196.2312408,-780.1146531,1377.772364,5,946.0211869,-620.2446817,-156.523369,2037.769075,4778.845141,5706.620962,-55.98040947
15-08-2026,704.4809011,737.5962088,-89.84682614,4975.338551,3,-36.05880674,-208.1978326,575.9364876,1384.350501,6507.121105,2782.236451,1770.657874
16-08-2026,0,1364.540146,-768.185453,16335.72346,2,-1888.983945,57.55383425,-929.5325681,2194.540166,1585.892697,8100.475963,-60.66154654
17-08-2026,424.9236739,1156.513387,-68.0220464,293.9795208,1,-6285.112061,667.4773041,-4998.142857,11096.99259,15126.28147,50121.95973,604.5490864
18-08-2026,3278.296162,474.3069354,1918.983422,1448.984521,5,-633.1107154,1010.690707,-98.82546733,1203.980036,4517.993998,6386.837618,-1570.336643
19-08-2026,3886.600927,249.3359266,2989.197832,3795.652445,5,-1208.704152,3725.202179,129.7670825,1487.061868,3859.867281,4425.524271,-411.9448932
20-08-2026,367.0864393,0,255.6242465,20381.09147,1,-54.0952053,-1345.464579,-200.9381642,150.9908543,1575.806021,5157.462643,-64.74398602
21-08-2026,1722.653259,389.9637222,631.7357412,3644.93606,4,-384.321666,54.78815769,576.615111,857.5282673,8444.772395,5798.84161,-266.7966172
22-08-2026,1289.216125,883.6003204,-86.04397166,3296.501728,4,94.60489387,2020.355467,-88.7697485,1598.814335,4328.222232,3280.248392,368.154302
23-08-2026,24.89895898,1517.228022,-942.6155065,0.8,3,1688.702573,-466.605221,-119.1259992,2903.270971,11146.76843,9797.82908,-342.4507129
24-08-2026,541.7025821,285.1556686,-902.7642844,4195.36394,4,-931.3560384,679.6582377,-183.0728704,327.4910246,6834.977154,7737.891084,-950.4038096
25-08-2026,10711.77858,625.8982265,10124.82696,13314.02828,3,287.2752223,-1057.142219,1729.654827,3929.601303,12845.73737,943.6671073,-10780.5903
26-08-2026,295.6874256,258.8654145,570.2392641,3022.279829,1,-75.14244697,-3732.120262,369.8853457,150.9908543,6296.445822,1295.240456,363.295898
27-08-2026,33.9102444,560.5847205,-251.840632,4461.522155,3,-1520.760649,-1545.969257,566.2769344,1593.575574,4787.428735,3707.205448,1800.854733
28-08-2026,0,176.8900907,-645.5693014,525.4366035,1,-1045.299837,-358.3909646,-117.9938299,1043.119136,39840.41588,40191.23272,-332.0642334
29-08-2026,0,62.27393072,-168.8802926,0.8,1,-76.56013694,-2839.502019,35.53835073,1499.636882,2769.822272,2264.559894,3628.382188
30-08-2026,1010.530121,848.6679443,-513.7600443,1773.868239,6,-119.6721753,1051.877936,-326.0515006,1824.612663,2077.236891,7133.443231,1378.034759
31-08-2026,2458.03535,880.6367734,1193.398118,2842.338296,5,-1197.210471,236.051567,379.916032,1709.967341,9356.593031,7380.686386,11830.86113
01-09-2026,0,9.793477631,564.7292493,406.884446,6,-780.0959563,2154.946657,-28.93550898,671.5451842,6660.891742,6059.78266,283.5945685
02-09-2026,83.12484119,0,-1174.65231,3703.347642,1,-1134.574236,-201.1836517,128.4495154,402.8466796,1593.346144,2372.960463,-3.152417843
03-09-2026,1365.526612,1710.264471,-686.0993639,5503.709825,3,375.7983203,-4890.943473,-3999.98477,12378.81052,9470.318898,33860.89767,-5309.31827
04-09-2026,0,470.5895324,-232.2779477,1146.311038,1,-1599.669473,-1064.42549,171.9503015,950.333288,38453.34586,37917.27707,-269.4899772
05-09-2026,1003.723541,278.745754,1147.922913,4813.00228,4,-101.4299347,-404.6580243,395.1941831,150.9908543,8736.340054,6436.30008,334.7030589
06-09-2026,1226.31643,0,1153.693922,4364.983678,4,521.9365805,-125.8375442,-207.2860708,2158.566152,5493.852894,9285.545038,-3575.754856
07-09-2026,458.1494232,466.2644804,416.432082,1081.474485,6,488.0193113,586.8564415,-185.1295106,1511.734147,9264.249742,5844.477942,-665.2601401
08-09-2026,968.9968344,7771.248993,-6527.108466,621.3509725,5,594.5710629,345.1980276,-119.9642336,3048.841015,8533.746801,11685.34897,721.2194693
09-09-2026,0,4867.118712,-4683.365849,16383.18268,1,-585.0015846,-555.0503341,-1084.919358,1597.956345,300,7946.242824,-460.6250037
10-09-2026,521.5331621,8108.459743,-6853.516523,1589.011996,5,409.1707923,879.3219539,197.3212321,2882.506669,8862.471358,10731.3542,949.9048427
11-09-2026,408.953649,2179.942206,-2865.874325,0.8,8,497.6296152,108.846665,-501.1714866,2910.600764,7717.309732,11147.90014,1193.581069
12-09-2026,9.730659765,928.670238,-383.4195969,1449.913282,6,-298.9449314,-242.4851819,229.4628168,501.5016776,10580.61884,10368.67604,-116.6826779
13-09-2026,242.0673471,1021.503734,-435.3992038,176.7254625,4,379.191579,-534.1758019,14.61367785,150.9908543,3231.161635,1283.141615,-892.2797869
14-09-2026,0,0,-612.9014506,25438.84784,3,-302.2285656,40.97117102,3393.799459,7726.074078,45073.12326,19978.19299,-1002.753859
15-09-2026,1591.819105,297.4826085,2084.226724,3623.159678,6,-4536.310894,-1226.086971,118.0801407,3047.268471,9136.187875,7608.344755,-1109.989807
16-09-2026,885.1378531,318.3264636,-624.1818701,2830.293134,3,22.83875239,-176.1384022,122.8362698,628.7568758,3739.079115,2591.25413,72.9997465
17-09-2026,0,343.4085013,-321.5117523,2911.149534,1,2415.765723,792.4114049,179.3186241,1371.793683,3972.266674,4606.412494,1048.587286
18-09-2026,0,461.7355751,169.0909344,1551.531748,4,240.2777216,-438.1361063,-224.9199641,926.6154409,330.7660815,3786.431582,953.9896636
19-09-2026,1268.994104,147.6446006,479.7246822,289.9043302,2,-351.4514973,-1246.788514,-109.3422574,2153.101858,6811.438486,8310.985477,416.3032332
20-09-2026,175.7823546,326.1533056,-308.1868792,11756.98266,5,-4860.143124,-357.5266966,-531.7096993,2552.736534,753.6339962,7205.331226,-139.8668378
21-09-2026,26.79288786,919.0651304,-1419.490797,3872.522832,3,3190.577899,-290.3000959,176.7723178,1530.311533,6101.106067,2487.788317,2616.937367
22-09-2026,782.1604945,92.43873436,-2270.013929,1850.490386,3,-752.7200325,745.1757639,-208.8253956,571.8201435,3702.597734,2601.440552,-7.83103143
23-09-2026,0,167.4968329,-342.520979,18518.82231,2,-291.1859574,-554.0659204,-916.2177421,628.1941816,3431.339459,7285.704449,-724.3180896
24-09-2026,921.6343672,382.2650428,-49.44335527,1022.478521,5,-123.7400593,-464.5095879,-248.5831526,1171.353186,1404.854538,4277.214902,-497.2383854
25-09-2026,443.6514493,12955.63515,-11792.404,795.2520713,4,-2554.837203,478.2478883,-2356.717935,4919.324672,6954.336903,21880.29157,-102.9061523
26-09-2026,1232.727938,0,1019.46286,1396.590787,3,-119.2290795,-1701.398321,34.6697804,1531.26881,4602.263922,5303.692146,1640.138957
27-09-2026,547.2612585,160.0662004,-16.56299631,1405.469426,4,838.2168482,-3362.910936,81.68965471,1114.777333,3441.940722,2521.021045,-230.6089914
28-09-2026,2702.833695,4598.426591,-472.0460122,0.8,5,1023.476915,817.9750322,-191.9507878,1442.312227,41089.06157,40739.97714,102.4357887
29-09-2026,854.0321026,254.5437405,651.8680214,1170.805592,2,21.69380393,430.9070264,245.3559587,1428.093218,4389.326459,8766.956812,68.38787258
30-09-2026,303.6081819,73.96013299,-341.0511248,700.4001973,2,-11184.29211,-5546.214406,-1503.112992,4565.590449,7192.252629,15735.88447,4705.989652
01-10-2026,952.6192299,55.93726312,1280.943419,3801.65858,1,841.0431463,-775.700856,272.7938579,652.7004135,2414.446467,3413.054102,-115.5184518
02-10-2026,1346.660018,756.8615659,543.1843526,1084.260615,5,-426.0461793,-11190.30431,-79.09627374,262.1031721,3415.850496,5289.733822,1492.901561
03-10-2026,1209.227184,0,982.637381,1964.023184,3,289.4592857,1564.502521,-75.39136899,1393.720925,4210.696462,5247.417024,784.0335162
04-10-2026,3831.024219,72.90905524,3478.496573,3898.078272,3,-278.5493963,-839.4985244,367.8970445,1114.322687,6351.922899,1898.560532,-127.0280021
05-10-2026,1498.899914,606.1466883,1958.478886,3969.735785,2,594.1232123,-32.49637254,417.9869338,554.732637,6433.54543,2630.524398,306.9289586
06-10-2026,68.74841823,442.0604913,370.6165206,2487.775787,1,420.0054706,-415.0766853,253.9049817,388.2424152,1845.83616,2059.244081,106.2061339
07-10-2026,1431.805663,2041.044944,1409.092808,0.8,4,-100.5894349,-7628.050988,172.774018,1717.700331,5921.821789,5312.561653,689.2838697
08-10-2026,0,0,341.7868819,4882.982206,1,-1152.890352,1897.972928,554.2233871,1419.311852,5765.433636,992.5956228,-131.9330482
09-10-2026,3941.582602,4242.720669,-1306.577587,0.8,5,284.8451199,653.4844932,65.00758804,1304.412095,40162.35576,41996.13,-93.55339404
10-10-2026,2467.069904,735.7817061,125.7677675,1089.00886,7,-2259.475007,-1533.100166,-531.4668922,1362.464439,4344.845898,7007.161574,683.1412166
11-10-2026,900.9605775,2165.640911,-776.5088135,1428.920331,10,744.1920824,1197.116349,-828.7349731,2945.221676,7023.48291,15655.69838,428.5996296
12-10-2026,322.3570696,748.4599781,-1015.864341,0.8,2,168.2305092,12464.97628,-1951.322936,4054.503783,1651.755081,16082.65762,283.9116145
13-10-2026,700.7708256,1113.616561,-840.6516245,1507.257451,8,1365.866998,27.10611821,-67.01679936,802.2687216,7732.631586,6941.692869,-602.9382973
14-10-2026,467.2603475,865.7857545,641.4361644,1885.303694,2,-2190.645971,74.67258842,176.3062896,2331.37586,9972.031059,8746.928784,-760.9300952
15-10-2026,4831.446073,3734.393699,1147.390987,3963.799901,8,1053.663568,-503.0924771,-138.1565205,334.542785,9006.979769,7012.081874,-814.0068241
16-10-2026,0,38.47900377,-78.65548472,1627.851728,2,-36.60743573,1088.329063,-2.673476982,1098.9065,5789.310982,2781.084814,-2913.835046
17-10-2026,0,0,798.9561609,4615.344326,1,1066.644344,722.541995,159.5133974,1556.779293,8567.843244,5808.729608,-613.4581654
18-10-2026,1334.900038,338.6485554,-477.2720223,2949.3305,5,775.2856433,-593.2681313,-605.5510107,150.9908543,1954.126678,4342.369693,451.7660986
19-10-2026,86.17996525,579.935143,262.9578729,23163.71287,3,162.7594391,-405.5955415,3471.867546,7903.372225,43484.88306,20895.73207,-1941.30676
20-10-2026,0,3654.453885,-3602.431088,364.2323527,1,1927.611357,-4147.142971,-112.3503821,1794.36236,6360.534651,6062.977475,340.9906187
21-10-2026,610.5068542,0,-216.4514249,1298.516209,3,-220.770786,-29555.71184,-715.9136323,1919.920406,11971.45975,16212.18562,1742.032873
22-10-2026,329.377143,0,474.0443523,7955.538761,3,6488.289954,388.7848933,881.3461946,2384.47838,10976.9361,6919.146178,-190.2578423
23-10-2026,673.1575082,2300.631716,-1319.539976,1369.331187,10,1056.952646,1462.810623,-814.2942243,2577.537398,6198.109199,11652.21683,409.3543752
24-10-2026,843.521437,546.9440146,313.1894836,1678.510388,5,736.3589565,-563.9827735,-164.1430529,1020.788774,3545.024911,3860.939776,-547.325274
25-10-2026,653.4350246,223.5704956,-952.8892303,22939.44083,2,-206.1140105,3453.888102,2884.521745,8766.703441,41178.8811,22491.79612,-759.1340275
26-10-2026,324.9333616,783.0278546,205.2439781,1396.970053,4,-386.7721504,-2748.714683,69.17867171,150.9908543,3416.320233,906.4370468,449.9633847
27-10-2026,452.4348122,0,1022.730307,2460.783679,2,171.5149008,242.160296,-247.3141685,530.8469309,2231.235196,2278.816331,71.55916979
28-10-2026,1872.745233,2248.456713,-583.3950537,2688.380988,7,438.2665187,108.6047817,-201.3705603,865.9782485,4050.754574,5286.066523,-2662.451564
29-10-2026,1854.754842,0,1815.292469,1821.674865,6,-5776.029954,-322.9856821,153.9507869,2830.051381,7163.686167,7110.268593,-1238.711397
30-10-2026,316.100241,0,472.0849679,3176.278566,3,175.2427582,486.7809209,398.6320627,1374.288458,2824.631111,3055.017945,10164.31772
31-10-2026,0,396.6001826,-161.8812841,0.8,1,-1397.40699,-1138.632028,111.9210165,1275.638434,40171.71388,40918.44186,177.8434082
01-11-2026,256.1183378,357.9713168,727.3516694,0.8,2,-5747.428228,1239.862062,-1284.992691,3907.476675,7799.081554,17176.4776,1881.753066
02-11-2026,407.7738871,5328.418844,-2781.603498,34294.54354,3,2620.007725,218.89001,668.0246042,2376.239511,9669.192558,8282.788848,5.02958553
03-11-2026,37.82147584,281.7268133,167.6125065,15.92052409,1,-233.8719916,-215.4954303,-430.4546707,603.8257172,300,1662.45135,-649.7714852
04-11-2026,0,709.8622409,-256.9488818,1280.568022,2,-5991.141596,1586.617054,-4755.859324,11072.21981,14510.82624,50526.25406,65.67886754
05-11-2026,1135.345064,0,636.6109373,390.4112684,3,-374.8646895,-109.7969257,-152.0821696,1141.245488,11601.58159,9967.512652,-105.2992491
06-11-2026,2129.36918,374.0465338,2073.69288,6375.781704,4,134.3155624,165.9845783,766.8609076,853.8965014,6028.382429,745,-1431.40377
07-11-2026,795.9899455,0,56.05378536,3135.975814,2,-626.9098136,-3148.14427,-901.6764787,2558.419245,2398.100037,13595.05656,768.3999767
08-11-2026,1049.685756,343.6333483,1059.201653,4043.861074,4,-279.065053,58.41301828,-399.0915644,3327.799183,7807.958893,9497.266726,-3375.260311
09-11-2026,1832.704292,0,1535.380519,4212.888838,3,-130.7860674,-182.0409707,370.918053,980.2634708,5316.310581,745,67.15006322
10-11-2026,3028.588696,713.073913,1982.946623,13237.48985,3,527.2285404,500.3496271,-314.1020342,3049.01737,3810.435327,5141.053219,323.3193206
11-11-2026,3136.171541,4495.249387,-908.2236948,0.8,5,-245.2827916,203.0896708,-56.18412655,1326.462783,40051.71412,40132.20672,-342.5518293
12-11-2026,0,0,-171.2680569,0.8,1,-180.0290868,-3764.803078,149.4824229,1249.126878,2346.738874,6272.956949,3794.994347
13-11-2026,229.556826,3182.719193,-3915.421193,0.8,1,2013.778296,-4755.654944,-85.09785153,1663.668309,10383.645,2656.752421,581.2366391
14-11-2026,113.9311781,1487.962822,486.9419158,2823.130079,7,544.2110892,-530.2051846,15.79906755,357.6619672,7779.441471,6118.153296,304.0242539
15-11-2026,3840.727156,3338.421938,1524.335394,8962.452626,4,-668.3085843,-2498.100343,1200.475356,2301.388206,11935.11989,5053.323345,-6376.715222
16-11-2026,5795.497235,4373.593292,1041.963216,1231.930014,8,699.7053372,689.4218185,-45.69762755,731.3769459,9473.234528,8929.33143,-1019.480709
17-11-2026,3392.857862,3905.44719,-1759.387235,0.8,5,478.1304438,2275.094708,-138.1990431,623.1997457,42010.24805,40376.81397,215.3670727
18-11-2026,6631.399701,4984.093983,1180.841858,4982.690294,6,2067.068721,-5840.172892,-306.7076834,2928.507239,8866.760851,11054.39973,-1026.274319
19-11-2026,0,52.39545941,158.6518468,2040.761186,4,-510.9434799,125.627505,131.8405331,150.9908543,10025.73391,8988.968257,-20.26057002
20-11-2026,1673.64012,116.9800776,1682.981141,2175.584633,6,-1455.214349,500.7263364,263.9980496,1278.664584,6770.7333,8215.657589,11017.8322
21-11-2026,0,0,-402.9134169,24291.47878,1,-550.5410652,-22.20993256,3388.797232,8000.501907,44427.77906,19057.22831,-333.9078715
22-11-2026,1032.277349,219.9994847,545.5683979,35299.97178,3,-3855.273668,587.5550164,582.8686204,1123.855374,9701.888731,5512.02252,666.9622342
23-11-2026,625.7195407,0,-497.3567077,3280.650422,3,50.248012,-3202.983815,540.6623908,302.298733,10670.3246,8143.370662,112.123078
24-11-2026,161.6906731,0,462.2617516,24173.38222,1,-106.0198209,87.60472617,3264.58757,7370.556275,44122.68809,19502.83235,-1148.494565
25-11-2026,472.0289327,0,-286.5979042,28324.73982,2,-28681.57415,2972.65515,3534.64904,23502.00514,91654.59326,68111,141.6369926
26-11-2026,2543.138193,34.33147473,2115.148792,10045.84785,3,486.1617499,421.1045639,581.4783043,1395.613341,10242.06237,3982.232141,2787.518845
27-11-2026,1147.266187,1192.883727,-211.3466056,4536.762642,7,-1040.522814,-621.7114177,432.5680816,150.9908543,7495.421816,6908.832812,8.909011491
28-11-2026,330.3334827,1190.652523,24.44296217,192.4525274,6,-2343.504076,-3451.572009,312.0538855,949.7946394,36839.89009,40209.50842,863.1431373
29-11-2026,2756.067305,0,2746.084138,13489.9274,3,1976.869307,309.0198773,1125.289087,1049.711913,14254.15637,1530.062623,-3074.174375
30-11-2026,121.1609913,1136.694133,-830.6478342,15850.34837,4,-4757.802322,-305.5818261,-627.8147799,1156.927178,1128.809545,6089.037553,-1658.476032
01-12-2026,462.8922674,0,-168.3643086,198.1477658,2,-2629.473133,-1001.761951,-305.5154863,1357.542898,5033.222916,4030.996569,189.3032413
02-12-2026,447.6618369,1210.428327,841.1868572,2843.226434,7,793.8216704,560.1917086,684.3304494,575.5886308,8132.815781,5374.312851,152.3821882
03-12-2026,471.7947437,484.5904168,-8.029517086,2186.26559,7,-39.20623154,-83.52968115,282.8570197,548.9297443,9594.212101,6546.412501,72.86001293
04-12-2026,1267.832565,0,1202.659574,513.1249382,7,-6549.782529,1551.641135,-67.67298323,3175.842396,9561.209983,9979.406749,1087.417972
05-12-2026,806.4876194,931.7806058,-447.3506724,1668.155358,8,2064.570771,441.4506713,-185.1237139,1330.516299,5743.436949,7752.15758,-143.3729555
06-12-2026,2452.312722,1855.709373,-369.6298479,2197.70721,7,503.405957,624.3007259,-277.3455746,150.9908543,3190.780418,3905.633697,-2472.982819
07-12-2026,1621.034798,1076.491081,1498.599844,2235.432424,4,156.7403718,-2019.662448,85.88844298,150.9908543,5177.63861,3845.727677,2310.75478
08-12-2026,259.4932006,269.4724544,271.7334686,0.8,4,464.701071,9940.336353,-1813.306138,4537.714572,300,14410.64573,162.3143312
09-12-2026,2198.086634,31516.31647,-29781,6956.265925,9,172.3308481,403.2211798,-4023.982683,11577.12677,10637.30776,38605.59797,1055.373777
10-12-2026,943.1093394,0,692.4631434,2231.73624,3,34.90558721,1265.454743,-310.4922172,1184.178405,2818.419477,3390.335172,387.2039765
11-12-2026,875.6643784,0,758.4628268,959.8555137,3,-250.1851573,1807.173106,-336.4178898,603.2538961,6627.866298,3837.288157,50.5945267
12-12-2026,509.041836,239.867801,-339.8737189,0.8,2,812.1998016,-10474.18649,-406.0983919,1055.785648,5936.150192,6786.483614,-299.4499748
13-12-2026,392.5874295,761.5912691,-405.2300575,2089.083934,5,-177.6928783,545.8984724,8.887691403,827.2133697,3224.222834,8713.504947,1741.765345
14-12-2026,1015.174042,162.8167182,156.0976471,22097.55805,8,-63.57502624,965.5649346,-176.9967471,150.9908543,3325.90889,2698.4282,-375.095772
15-12-2026,0,255.419261,-509.47821,0.8,1,803.5877836,-2430.969507,50.84963694,1207.325136,3270.392408,3215.503079,3965.746985
16-12-2026,362.1728537,579.3368026,685.6143031,15028.13126,3,1463.687915,-123.7518465,-675.459194,2000.878937,1521.184472,5931.556887,-5558.668084
17-12-2026,0,0,419.9947152,282.9556406,1,-701.079878,619.3073241,-680.9521488,1329.568593,2388.216676,7510.902528,-462.9574039
18-12-2026,0,421.4358178,-738.3785734,13765.12517,2,580.256503,562.4093091,-960.7278346,1214.438978,300,5297.089175,-468.3211766
19-12-2026,763.4852013,258.8523659,478.2898948,1565.690007,3,-581.1956917,-973.281565,-263.6885407,2055.357745,8159.447033,8962.329718,2512.029096
20-12-2026,1235.911084,68.12489164,859.4547922,2818.900021,4,-306.3137023,1855.466695,-157.5201388,898.7019791,5363.490093,6499.71417,-1376.953718
21-12-2026,2133.839871,969.5139893,-110.1459857,6632.559296,4,1759.822243,-396.9588924,1112.319254,150.9908543,8302.631898,3738.550172,-7361.777081
22-12-2026,200.3465932,601.1032401,-61.21117163,1730.846895,5,-592.9162256,384.6326418,-24.29504781,771.3346405,7416.994325,7250.598491,1040.802084
23-12-2026,3382.278341,2665.471809,1088.677328,2837.64745,5,-492.1460952,490.0507569,229.3799653,1290.003563,6352.628315,7555.163347,-2545.990511
24-12-2026,745.9344472,610.4792211,379.7609676,1383.389451,6,-3761.22116,-1529.696461,-872.7021515,2524.444574,7172.642701,14247.28443,881.9477081
25-12-2026,0,9.369024485,155.4106887,6793.861404,2,1182.046568,1203.847658,614.3422979,1845.632346,5931.56103,3580.374953,-520.4234221
26-12-2026,138.2281929,0,-211.9316239,5338.734599,3,1248.22415,1168.206361,403.5104917,1567.164396,3938.85358,2757.975301,10855.84049
27-12-2026,4.830646542,0,-162.5686871,1550.786361,1,2524.227823,120.1057642,334.990189,801.4383103,3760.841089,1129.072445,827.4454343
28-12-2026,943.0051419,609.0306311,907.4053536,2031.423343,4,660.5126221,284.2743058,233.9591627,546.6677505,9436.782352,7914.110859,383.1819754
29-12-2026,1250.761899,212.4771963,-375.0445647,29713.75535,4,-831.7315639,1505.678715,3168.925165,23467.24434,83269.07529,64705.60565,1469.441434
30-12-2026,0,377.1266114,-771.0233637,0.8,7,344.0793227,1210.26284,-168.4229586,6609.700293,14383.26122,17229.99257,-286.2743424
31-12-2026,5420.60589,4802.689537,74.22692402,7372.547168,6,-719.1590285,-127.3613734,753.7229245,3187.829638,14459.64547,11196.72443,-102.8368953
01-01-2027,37682.6115,19152.76741,18820.75045,25064.72322,9,-1116.104004,498.910829,3476.287743,6718.281111,52634.35294,25811.78046,-11502.32412
02-01-2027,895.6338032,0,1078.140163,2015.043421,2,805.3728144,1383.968971,227.1111294,3064.044797,5807.696024,5788.765805,-1011.494088
03-01-2027,1162.922514,0,-419.9878026,999.6679572,6,-1156.729889,-2181.870148,-269.6991334,809.9092212,36271.33218,37033.39245,661.501654
04-01-2027,0,0,-501.6992585,2546.210635,2,2066.00688,-694.5992651,132.8708952,2051.645031,4898.905632,5103.400859,50.23772435
05-01-2027,932.3722644,0,2066.464918,2942.497492,2,-408.0770824,543.427126,-15.16776127,1041.033683,7630.760049,5036.03623,2091.911115
06-01-2027,0,0,76.18330555,0.8,1,-564.0638662,1893.483042,-479.444563,1604.444933,3773.248097,5782.000004,-101.4277917
07-01-2027,1656.997083,808.3644878,1069.225619,8260.572259,3,125.8641318,-2011.315816,206.4166461,1437.062766,7820.874251,3803.611997,2180.364803
08-01-2027,2013.997781,513.3624882,1345.206794,8083.371089,4,-310.3205035,-884.3739908,766.7782209,1426.92729,6544.597358,745,936.4099831
09-01-2027,0,52.59575641,56.46739397,1988.080112,3,-142.4249547,-334.4416791,324.4875791,746.0024474,2367.723221,1633.506727,-2274.498868
10-01-2027,0,1755.770808,-1850.5501,1027.471196,2,853.7640145,-473.8349948,-288.4900045,1810.359859,38181.63703,43163.88402,-816.5410925
11-01-2027,0,0,-354.5806179,14763.20809,2,-373.0582969,-916.0738259,-831.3327339,889.8800704,1301.45231,6821.374979,-660.0706469
12-01-2027,57.07335029,2520.527646,-2629.232751,1256.144132,5,-10544.00198,-306.8964848,92.10603277,6389.967882,15019.04929,14695.44535,2160.782652
13-01-2027,3588.638464,708.2400566,2599.613139,6365.16247,4,-1264.579692,14.66047865,720.4321543,1862.966294,9573.687964,2034.364826,374.6075865
14-01-2027,1429.338956,3.118660937,1525.636163,6035.957644,4,428.0332,-406.2488693,680.1272351,1144.786524,6667.876906,4151.158814,1486.765083
15-01-2027,822.8606889,54.61857635,-1184.744748,1361.574246,6,-1505.940867,-2254.707136,55.04189937,1750.980244,42157.52549,37623.63422,727.6877521
16-01-2027,217.2217862,1298.277334,192.0467595,0.8,1,1552.19622,-918.9290569,-218.9034486,150.9908543,2850.469094,4867.265489,566.1812836
17-01-2027,2912.226394,2999.920804,-575.1579161,855.2962108,3,1386.085298,-176.413939,-86.99976771,1199.698452,38468.08219,39791.56696,-2298.058199
18-01-2027,0,270.2481194,518.4814731,1204.93761,3,334.2017183,-3940.889284,282.1110451,833.8511802,9453.385726,7269.230139,384.4461325
19-01-2027,34.59370182,572.675283,-197.3831759,14468.59115,2,1609.953916,975.1216913,94.80661958,2107.597798,3146.021524,5472.262238,-2038.692101
20-01-2027,431.4881961,0,91.76039588,0.8,3,-1818.510646,295.4912076,-1042.894441,3201.666006,4594.428058,13396.90938,426.6902763
21-01-2027,431.7070822,0,716.7394118,0.8,5,551.1547201,-163.7945084,-234.8135899,836.6193576,3973.307693,7010.33607,-1023.09032
22-01-2027,626.8355202,5521.536068,-4384.696191,11210.4136,5,-191.7304105,-4081.043848,-536.7465782,2231.555248,3613.187058,6152.13962,-668.913782
23-01-2027,0,0,-714.5021427,0.8,4,-317.3188916,9.496417949,351.180093,150.9908543,3157.605239,745,-2704.366649
24-01-2027,1278.651356,0,1919.372532,2713.641792,2,1344.545674,1240.920968,19.39116925,3149.958908,10931.41874,4974.506254,-409.1868099
25-01-2027,633.777478,0,235.4810607,10356.75731,5,-5668.6795,-1023.847304,-700.824209,1618.23607,2229.861552,7070.574577,396.069832
26-01-2027,0,125.8141878,-159.5550653,6093.258825,3,-377.7523825,74.35740026,859.0826823,2432.513446,7325.712294,2400.837749,577.2030653
27-01-2027,0,260.0130724,652.0960025,0.8,2,-6603.465376,1221.89214,-1179.313375,3490.771209,5428.061392,17548.89646,201.4915603
28-01-2027,0,1175.935875,-758.7011617,5007.307471,4,-380.847659,-856.3767022,-414.742246,929.9184734,6137.788379,7709.10641,460.8529614
29-01-2027,765.0758068,5470.909209,-5205.735411,10342.65519,5,125.6760471,-4996.281851,-670.2357333,2218.633694,3416.723129,8319.098089,634.779823
30-01-2027,0,0,-461.246307,23267.08017,2,-78.32212176,-285.8239884,3344.91353,7233.822671,46256.84018,20372.03776,93.3632375
31-01-2027,0,0,-348.2354631,4514.636059,1,636.4363647,-2003.029259,-853.865014,5334.609054,12762.75922,17717.96938,-214.1014689
01-02-2027,3428.982768,0,3500.171872,2536.634148,2,-3147.229064,2098.020242,169.1540376,5651.71796,14650.95047,13565.19064,-582.0319662
02-02-2027,1663.592296,958.2274319,1857.49258,4124.248647,5,-991.3791457,553.6035799,62.18418084,1157.680628,6428.079932,8107.543552,10941.98508
03-02-2027,0,0,-143.3858491,209.5529639,1,-835.0291747,-910.9824496,198.2856066,1424.375272,35384.58656,40210.84634,233.0077277
04-02-2027,823.2128103,1101.460849,-176.1896252,1092.407787,3,-779.2654228,-136.5614477,-282.2243924,2153.673005,6936.12825,7824.597798,2498.38758
05-02-2027,1583.042405,0,974.5440985,4114.746798,4,156.3453715,1225.537451,-520.1128451,2421.961716,6595.047444,10413.2071,-3795.596063
06-02-2027,1493.611059,542.4826726,110.6511944,334.369048,2,-433.8639776,-6055.657731,-254.878208,2115.928142,4617.218675,4820.148195,207.7214692
07-02-2027,365.8583087,530.1578385,-1110.788302,1702.754612,3,1080.392386,-1128.556602,148.5419427,864.1332724,7140.004887,5267.552517,-625.1904713
08-02-2027,46720,1082.087825,45720,58180.8,4,-11945.30659,3521.929449,7664.38078,19713.70811,92507.28015,41188.61456,-28354.7361
09-02-2027,215.8975635,0,-411.3294167,262.4079184,7,-55.46330823,345.313244,-209.1882079,1962.7348,4778.40825,6312.407114,1107.05392
10-02-2027,0,6005.154736,-5232.15146,2212.777845,7,735.4678679,6050.126257,-447.0520319,1324.701479,9606.393175,9861.883598,769.1103908
11-02-2027,3448.280395,4625.577792,-1333.723254,347.9943053,5,693.4468708,391.7650565,-30.73181474,1537.618909,40715.81907,42054.44831,-891.1665884
12-02-2027,294.5825285,2257.460225,-832.8026849,368.1392331,3,1899.719675,-611.3642712,89.34853226,1745.756421,7510.906361,7981.7814,356.8343441
13-02-2027,0,0,893.4641978,0.8,3,-137.5071876,-29781,-899.7366933,1965.748753,11370.71831,16987.49639,571.9458362
14-02-2027,503.0138653,247.4905555,-101.2291588,2503.924038,4,781.8580329,-571.5232971,469.8962091,472.400078,7858.756556,7003.357137,-370.5775871
15-02-2027,2851.464343,620.5444565,1772.512538,3498.15653,4,1040.674687,-4702.280726,458.944201,1135.076717,5199.930572,1813.708092,175.2748443
16-02-2027,5113.558173,3642.639913,1467.787931,8300.413427,6,3437.470265,111.7348686,793.7218655,1402.063397,15069.79982,5812.111432,-707.3531529
17-02-2027,125.9927528,370.4010543,-1351.268532,212.7335976,3,1060.192962,1287.152849,-327.4213611,1571.6264,10556.71853,10543.0114,2836.071717
18-02-2027,132.0903189,0,-404.397371,23475.10872,1,-9.46367508,-222.6657297,3264.097352,7457.039353,46779.36205,19377.87133,-128.288143
19-02-2027,2057.995995,131.3372642,2684.801274,33068.81783,1,908.865228,18283.43267,1192.0013,22984.32592,54425.63006,43803.74284,698.0348385
20-02-2027,0,0,408.9559613,7392.765895,3,-596.5114007,349.3359617,628.219203,2370.315577,9755.7168,2977.86027,723.472175
21-02-2027,454.7339914,0,2041.73638,2726.051628,5,-6217.572286,791.2439417,-622.7288976,2520.515601,5797.786069,11421.22372,-943.3592435
22-02-2027,2680.925479,558.552186,1897.291888,16173.4036,3,627.7673692,-185.2912453,-7.530178038,2633.763414,3897.083826,6260.772241,-123.9287062
23-02-2027,1066.22058,7895.317483,-7019.550655,454.0828598,5,457.044631,843.3105851,-307.3510651,3128.459878,10480.95622,9378.578119,1183.852587
24-02-2027,2034.592475,31415.43164,-29757.86166,6407.187228,9,1126.542085,484.7421997,-4190.808223,11053.32787,13589.09291,38503.46582,1959.574387
25-02-2027,0,0,-323.7644162,6425.085578,2,146.4730297,-130.5255491,536.4366523,2659.450301,9119.035552,4173.0242,-208.605698
26-02-2027,3640.28127,0,2166.654603,33520.74435,1,1481.063262,19543.97742,1122.036319,22257.02771,52489.16361,44121.66866,1609.804262
27-02-2027,396.6695277,2253.136284,-697.1652125,1995.45734,8,1883.765782,810.4429226,-173.7956565,669.6063695,9365.11054,9054.759559,-503.2906169
28-02-2027,1555.901049,1186.766048,247.377569,1976.889544,4,251.931308,-1677.777177,319.7690245,649.8080204,2860.885551,1520.37119,1255.143426
01-03-2027,195.9420585,481.1727398,-279.3597376,898.9881029,4,-760.4238623,-670.1351263,-93.52843653,6743.176032,15740.5316,13793.90783,42.487253
02-03-2027,513.366893,342.8863466,-547.5641286,1459.776699,7,400.7558836,189.048102,-358.2227562,851.7705635,2652.819386,6184.601849,1023.700662
03-03-2027,927.2713273,361.247502,-380.7251873,2430.486504,4,208.7968449,1695.930037,-273.7484844,1672.620027,2755.849601,5433.425452,-503.4983669
04-03-2027,446.2487522,10732.53016,-10412.39411,1755.36858,4,10208.04188,90.38028375,243.974398,5974.361927,12626.80431,10423.6038,-3522.580563
05-03-2027,185.5901259,2599.130672,-3393.453947,2204.951035,5,-10381.20824,-45.19909527,-11.25018504,5854.888346,14037.86414,15530.74334,2638.423774
06-03-2027,861.4573419,177.1109839,1618.871248,1292.019915,2,1985.077773,596.421576,218.5870277,1409.643015,6041.686993,5068.704474,623.164308
07-03-2027,0,440.5554671,-1415.436963,4652.870651,2,-390.8914639,-4179.115032,692.7617498,1741.112233,12597.52945,7237.84811,-5.216462565
08-03-2027,1432.152382,1229.97495,1587.54098,2580.771367,5,-5526.5104,1271.810374,-733.8276758,2261.363205,6363.757535,10662.98403,-1265.309227
09-03-2027,4289.015472,484.1052649,2327.106301,3408.304969,3,218.001369,-102.4702377,343.356743,1063.055813,5626.720181,1006.673817,-1460.388463
10-03-2027,0,302.2620167,-183.2535522,1982.412662,1,720.1046079,-642.8518362,-210.887577,1211.3541,2343.482111,4964.009142,247.7723576
11-03-2027,689.8377794,110.2189515,293.6090397,2021.5688,2,69.36231765,-146.9205912,-182.3082296,160.0916275,410.5549029,3996.424497,-267.9935565
12-03-2027,1555.601403,768.857997,2520.433134,6947.832008,4,-29781,950.5310625,-4017.697133,11446.22105,9459.482563,38193.3325,451.5210445
13-03-2027,2534.520705,107.4704452,2083.725936,2364.286302,5,768.844712,2557.037282,-67.52588039,2220.023519,8773.795246,7982.568907,-3283.980713
14-03-2027,46666.33385,1054.833945,45057.3195,58180.8,4,-12524.27662,2624.501319,7735.714286,19321.18119,94298.16992,42668.30453,-28050.26085
15-03-2027,809.4197091,1023.731479,1811.746875,2307.258047,5,-5394.631102,1056.280285,-638.2386371,2949.610713,4986.1149,9040.134104,-525.7460378
16-03-2027,20284.80766,19513.02895,-178.6232643,21333.82793,5,20306.64121,807.51082,3270.230977,7845.266952,45393.34918,21981.9774,-440.9831323
17-03-2027,1735.173531,1057.528999,322.3572248,3088.414245,2,-492.6767567,-2506.095701,-103.4547145,801.7696847,3047.231567,1975.246201,427.1073167
18-03-2027,518.4209201,318.0701903,264.9672163,909.3584266,3,-11669.45472,-5147.227897,-1697.229084,4279.645361,3317.435924,17650.80875,3565.824744
19-03-2027,193.5855816,583.2869604,-1196.073112,22322.85741,8,-38.47937253,713.2075669,-190.3448732,150.9908543,835.1435137,1549.997105,346.6344825
20-03-2027,0,0,-127.3028776,8578.830146,3,724.2027348,281.2362646,553.293256,2840.586688,7207.531304,4987.154368,91.60766085
21-03-2027,210.548724,1190.500937,976.534852,3594.683823,2,-129.4265574,806.7195788,43.76126371,1205.950934,5457.14934,5993.075851,1272.486543
22-03-2027,1010.586857,0,383.2469072,1646.57851,4,492.3915979,1788.754381,-73.16506765,1326.334542,3926.611698,5780.087563,860.6528114
23-03-2027,1055.477631,848.6449293,871.6303202,1399.054131,2,-8.770194346,-343.8774969,-57.72727344,2072.773934,2686.061787,4631.52642,-950.4352886
24-03-2027,1924.634556,2835.281841,-807.0269023,1234.321416,3,1490.793833,-364.0901141,-326.2394387,1019.739603,35523.04305,39991.10865,-1675.409174
25-03-2027,5172.136496,5475.510899,1299.307136,5412.761584,6,-40.72306161,-352.1429365,743.6695264,3600.196071,14787.16215,10807.75902,-930.1516471
26-03-2027,934.6320654,7551.549339,-6656.237352,0.8,5,959.6926962,935.7532357,-96.17405022,2853.32707,9846.438986,8326.645413,1004.051219
27-03-2027,0,66.24621953,-555.8648324,0.8,4,4.786185659,1818.364805,-322.3444445,955.8242597,7373.560107,9388.161301,885.0522657
28-03-2027,0,4233.47886,-3460.55673,421.5959551,1,1955.186527,-5084.62016,-108.8940114,2213.248766,5974.057578,10509.76606,32.90981993
29-03-2027,0,2199.289711,-2236.542345,608.9241875,2,-213.6089849,121.0361349,-375.1741647,5816.073532,13841.21706,15039.45947,605.9590296
30-03-2027,0,0,-811.8418085,2298.074465,4,-484.6240657,-506.9335051,-555.0112983,150.9908543,3175.357005,4781.636902,828.7726746
31-03-2027,309.877978,5661.837937,-4642.650285,4813.682714,5,-2668.372928,184.7238738,-605.293535,2777.009592,9284.932425,11337.90111,507.9945206
01-04-2027,2376.809337,210.6219993,2513.526064,3530.546504,3,30.11974314,233.0082207,294.9847563,1220.198747,4853.610595,3780.716173,-1545.774481
02-04-2027,1153.330708,945.5259507,-523.2526892,0.8,1,193.1325635,287.0040745,-129.5144164,213.2259051,1185.263368,1931.386578,-167.2157198
03-04-2027,337.3017607,27.44069723,-513.0761005,5390.127573,4,-125.0907005,-11555.52433,625.7758026,2903.180144,9865.654188,5272.659559,-1125.149037
04-04-2027,767.88933,501.8949207,680.2526685,5845.649573,6,-596.3620978,5699.854644,-5.843098538,150.9908543,7093.494756,7665.131483,-890.0599098
05-04-2027,3244.232735,298.7659803,2856.820888,5478.16928,3,752.0069948,35.7246196,488.0659425,1628.268589,6939.28318,4548.233501,-643.6983086
06-04-2027,1577.480674,1282.604526,4.48254218,6402.530152,1,-85.43352569,2153.272613,-4206.60863,11898.39449,8975.681638,38532.36223,-1145.072162
07-04-2027,756.4994699,2891.367271,-2528.807548,751.0903906,2,-389.8697126,405.36144,-434.2744529,6343.865767,12048.37314,18144.79574,65.70076387
08-04-2027,1177.408382,1224.591983,334.3486025,0.8,3,-243.6355972,544.8737414,-1325.797818,2941.468065,4183.012825,10990.45928,96.71973815
09-04-2027,2056.262775,0,1316.104318,150.7583267,3,-60.49527231,-1512.016906,22.96637871,1886.207497,7687.521155,5550.327457,1481.153542
10-04-2027,0,2239.393338,-2685.516628,0.8,1,-358.9578863,-1219.837655,-422.240501,1081.10286,3360.93454,6985.950771,159.588682
11-04-2027,28.10813731,698.6947972,560.3646212,2717.238303,3,-385.0970172,608.7281414,-725.9587756,2672.144289,9108.331317,17514.71362,2236.045799
12-04-2027,642.4029383,366.9282153,-223.032831,0.8,3,-1467.29912,585.0939748,-22.93818657,1038.811506,9784.767154,9098.75101,-480.0204556
13-04-2027,692.466638,193.6148376,633.7139607,2040.290718,4,-1317.272,-547.5803483,-341.8876716,511.4048823,1407.647238,6475.960284,-256.127421
14-04-2027,1196.037134,856.6363533,-246.4065079,21904.66514,2,-1010.357212,-835.0997246,2784.445144,7750.257442,37924.78928,20992.01382,-331.166936
15-04-2027,1613.775641,83.10569999,2392.640554,37534.58049,3,1536.312907,-2057.486449,1286.550391,514.2742672,10252.44193,745,-4274.784579
16-04-2027,2724.532537,2282.18642,429.79781,2267.91221,5,-393.739125,121.4269999,59.09528897,373.2482365,9664.228464,7497.04334,2277.18295
17-04-2027,0,1263.934873,-937.4532782,4682.039303,3,1044.167955,-1343.138457,543.4211985,1929.387516,14137.58394,7701.000169,18605.7436
18-04-2027,1742.711672,0,475.8403571,3319.267445,2,-622.4184545,561.5862868,156.3738837,759.2644071,6996.750653,5406.0577,475.6884197
19-04-2027,0,95.236591,330.859968,3204.378283,3,908.9895301,1726.502272,188.6724699,1514.694357,4719.365352,745,10633.27044
20-04-2027,0,28211.55072,-27913.79579,29664.92182,5,45557.20915,-1148.258082,4035.449933,23502.00514,95331,67328.48249,-1467.066859
21-04-2027,298.7039288,0,929.8918809,35223.24937,3,703.2941782,45483.54355,-3365.300745,10954.44518,6123.73943,30104.45092,924.4647894
22-04-2027,2194.149459,31932,-29460.86923,6804.462098,9,672.7567486,161.8686239,-4025.799163,11986.23134,8742.107736,37565.85262,986.0670969
23-04-2027,1780.160111,0,2325.022454,4936.314769,2,-145.4648465,-283.0567088,355.9916974,1142.124976,4822.497502,2011.690349,211.6762076
24-04-2027,10751.92407,573.7050233,9292.277811,13847.25682,3,334.8181665,-723.6261471,1644.894233,3540.756784,14624.5933,2707.551428,-11345.93259
25-04-2027,6160.241152,1387.908794,4998.318693,6408.913092,5,-4253.283395,2266.071525,-1254.886467,4881.466558,9797.335077,22324.15405,-1080.702814
26-04-2027,587.2277386,99.06967213,-65.171892,1368.258037,3,-1117.310698,593.978574,-1010.48586,1990.273876,6514.798966,13437.24042,265.2482121
27-04-2027,1579.51601,4635.043813,-4411.486237,0.8,12,2708.945881,-346.5915914,-148.1312998,2914.775335,4702.906619,8917.022666,1721.282797
28-04-2027,836.2635165,86.63535144,359.6243723,109.1305166,2,167.2429369,586.4400824,73.35271973,1054.85446,42104.26872,35747.17611,-471.9800262
29-04-2027,870.8319978,0,1292.705137,5019.27859,4,-1099.060776,120.5266499,670.1964582,850.9566285,8059.48729,1986.944314,1273.452758
30-04-2027,38585.21011,19461.78651,18966.46081,25139.58595,9,-1009.38179,736.4139215,3776.713928,6679.540235,50530.70278,27243.03986,-13729.65362
01-05-2027,562.980287,4105.975449,-3492.837544,11744.67844,6,2248.546391,1540.090716,572.7783402,2063.307896,11583.30305,7997.58395,-6075.341466
02-05-2027,367.1626718,1115.885644,-656.4234715,1185.565993,3,44.44733941,-124.9621558,-57.86411615,2437.226429,2984.197285,9117.215044,-138.4837816
03-05-2027,3383.956844,298.2455499,1373.906171,4166.260017,2,304.8511369,-1730.654953,-331.5307545,2145.624613,12332.32721,12282.31708,157.3683639
04-05-2027,914.2039548,204.2043255,298.075816,11403.04053,2,34.18980389,-1732.224082,-559.7703269,2317.889459,3672.689611,3999.579389,1456.405406
05-05-2027,0,3053.478221,-2323.659717,203.7183663,2,622.1537659,172.8996575,-377.689809,7533.487297,13167.67093,16216.56262,235.4313883
06-05-2027,491.421398,51.49482367,443.8626197,33098.29216,4,-2764.194226,949.779941,615.7130643,2475.659738,9692.376707,7150.383701,872.0531977
07-05-2027,20674.83553,20130.46363,295.9045835,23672.39434,5,19092.45926,100.1755109,2979.178475,6686.609088,44927.04478,22069.35846,785.9923274
08-05-2027,0,395.2925158,-166.1048629,0.8,2,144.2213909,2180.810161,-2115.93724,2115.273033,3470.192257,16743.51492,2297.869087
09-05-2027,36.35131066,255.5867419,-197.417304,1675.101726,1,-197.5549701,-386.4888217,-0.675080357,1698.990959,2676.224887,2276.477254,-522.4169308
10-05-2027,1032.531481,2740.228409,-595.5975677,4073.318776,3,1253.876796,-439.6933261,700.7518598,1585.764578,8359.914227,3416.545624,-118.0035035
11-05-2027,2210.581692,401.2310866,2112.268767,2315.506903,2,-825.0765615,-3280.465246,-1301.42148,3132.885514,6143.394586,12884.31759,1111.991224
12-05-2027,118.9794317,3777.361419,-4060.936654,406.0674516,1,1992.963203,-4058.08512,-40.19480484,2089.529319,5370.717318,8752.211098,-285.7616553
13-05-2027,574.9481592,1792.523378,-398.7883891,1436.472121,8,1379.024295,-39.34373706,-100.2249957,691.4498114,10799.86863,9262.737648,292.377837
14-05-2027,0,1577.457797,-1252.13503,3649.325823,3,2473.084068,-24.80691953,180.4874524,968.8496674,7316.421174,2069.751003,3584.729285
15-05-2027,560.9995027,1237.568529,-1906.78478,541.4892154,2,-777.4252675,270.5460198,-123.8497938,1672.147019,36548.07809,39717.78902,639.0638949
16-05-2027,2512.144203,2856.437942,-524.1268399,3247.346374,5,1132.10755,381.87291,183.7030886,220.9564878,11198.47409,7598.942606,2798.835132
17-05-2027,0,863.3325601,239.5895756,5360.737269,1,-128.9204363,-1658.153721,-1245.452124,5978.776105,13586.15152,18081.1642,-366.9239884
18-05-2027,2166.9307,865.9043353,331.2875124,1860.03884,10,-480.3537517,185.2015961,-34.21257272,646.6399202,13138.86396,8476.073127,-390.2710245
19-05-2027,0,529.5936496,-761.0622566,22836.6819,2,-463.156009,4115.231138,2595.994878,7992.278427,38654.29665,20457.02366,-34.11400288
20-05-2027,1950.96108,166.2322597,1651.041853,32456.38713,1,1150.01835,18251.69676,1230.536739,22542.75189,53274.67158,44171.12497,1077.485271
21-05-2027,0,827.7885059,-923.9171831,8697.251171,3,2105.204267,318.2758238,431.4374059,624.256031,6917.829901,3853.792281,810.6414846
22-05-2027,1111.488548,409.4704219,1179.373651,2658.692922,5,-603.6097819,6.88951314,209.7687793,1766.995948,10180.10912,9857.700982,11570.69864
23-05-2027,684.274601,0,895.0267271,642.8452645,3,-173.9698582,-196.7576649,-7.663382521,1525.07592,8215.286,8931.347789,1959.501866
24-05-2027,2621.294329,152.1744149,1295.010479,34723.22374,1,1167.212663,18861.93272,1221.112322,22846.3477,51086.141,46403.07557,175.1911397
25-05-2027,0,775.7594136,-541.0996002,4236.020347,2,-1182.778548,-4391.991608,650.8013722,2219.614261,10869.10503,6866.567629,-22.57773041
26-05-2027,109.4248213,413.7038221,-374.1250348,6966.071442,3,373.192759,124.8712452,558.2504524,2634.600771,5061.298525,4298.940232,449.2556075
27-05-2027,1288.204022,253.1959404,1980.981957,2810.697826,6,-4270.700428,-385.1850335,69.31156165,2329.490793,7768.568694,6055.488318,-666.9079346
28-05-2027,480.407893,1619.054991,398.6109271,1467.605295,3,-19.37471038,1113.473156,112.1800534,875.1008176,8684.487455,7833.732742,-2144.947584
29-05-2027,0,795.9377061,-683.3763165,16738.05773,2,-373.0274333,540.7526489,-981.8550063,1623.397963,893.887476,8942.924006,-433.2019056
30-05-2027,710.0341547,755.4848195,-884.649241,2152.759056,3,-620.1900117,1165.473207,169.7559806,1091.828676,7323.772586,5877.798558,161.469774
31-05-2027,1215.21994,0,1372.206513,4448.171376,2,622.0018695,720.8581442,219.1796999,1987.924464,6569.520963,5452.637243,77.23458862
01-06-2027,1853.859329,224.5839088,1226.918678,35712.33253,4,-505.9413884,-28679.41037,839.7354546,714.3585934,7243.223405,2799.113127,1222.716015
02-06-2027,1388.826531,0,1767.107606,3549.279425,2,1246.765448,1138.831379,144.0714924,1014.84651,7960.507381,5077.470679,679.8704476
03-06-2027,3444.571582,3444.213004,1445.440307,4776.294315,4,-24.9556302,-2676.467102,1074.925294,2790.377301,11141.92988,5494.692026,-5097.92232
04-06-2027,1713.07744,898.3769795,1340.422827,0.8,4,-79.44107516,-6956.655741,252.6281582,1535.522536,6282.458001,5222.840312,1433.847983
05-06-2027,86.76467839,745.435695,-785.5336022,461.7810064,2,351.5936626,2454.313888,-2209.18632,2968.135948,3523.98115,17048.4386,1636.73068
06-06-2027,1854.974311,1258.115635,1163.782524,2608.633858,4,951.0518455,-894.5047234,138.214889,150.9908543,2331.20951,3869.428352,1328.596682
07-06-2027,826.7768567,3289.929109,-2422.551623,608.5280407,3,-665.6878246,-685.1620382,-553.9526564,1355.945742,3673.672784,5704.76319,-111.9122168
08-06-2027,372.7057776,133.8581723,740.9639809,2477.558082,1,2304.117865,2009.855214,-121.4603671,3163.02497,6082.676557,9447.773174,-1213.879347
09-06-2027,20283.21402,449.8244867,19632.8103,22286.65591,3,-325.5805704,-2368.377948,3403.626938,6927.277193,25738.64392,1240.26289,42.44776381
10-06-2027,32869.41487,31854.38973,1995.472729,726.3099351,5,-1025.062827,-428.1640657,62.84908771,1426.966752,35437.68188,39356.57735,106.3659713
11-06-2027,0,6304.266537,-6001.989769,254.0769797,6,1588.844229,950.667625,-1252.313942,3297.689,7336.209228,16394.69285,334.2938781
12-06-2027,0,0,-309.947423,21502.30489,2,343.7720245,-942.7888139,-262.4226536,150.9908543,300,2700.373979,-939.1163715
13-06-2027,487.4145219,748.3451433,-234.2529,30493.93428,4,-438.3514213,1446.327368,3351.747578,23106.28293,86967.77985,65915.16215,1182.347693
14-06-2027,1187.300524,2114.420267,-441.0963962,3796.026627,6,125.1879877,195.48236,-56.51000332,845.9870711,11021.68531,10830.95106,-323.849723
15-06-2027,623.8579225,4963.331194,-4622.400548,1209.535536,4,1447.036035,-226.5743159,-295.6266244,2360.469653,7452.518425,8148.583691,772.4049219
16-06-2027,360.6853516,240.0546568,-358.236958,2835.651292,3,-72.29249841,-3972.72521,190.9682912,239.4230709,10367.68585,7396.363824,582.2057899
17-06-2027,764.8852112,382.674939,1330.009168,866.4526974,3,167.8848523,1668.518409,-360.4198837,1949.478466,2004.2245,4898.404303,-315.8704452
18-06-2027,2591.376859,874.7942877,1821.712113,928.9718334,5,-807.7499876,1769.426467,-159.9227495,844.6632791,6021.148295,5919.680229,-2197.489114
19-06-2027,5306.842881,802.9929812,3956.877701,6319.677089,5,-5065.505644,1535.456098,-963.8171668,5255.13037,13985.25949,22238.07161,-562.4788609
20-06-2027,1230.362653,208.5577384,1630.364395,407.5945705,4,-409.7246176,-7796.185369,159.5060022,1169.353371,6083.374413,6006.180825,67.88212036
21-06-2027,5517.201587,4572.691296,448.8343129,1142.841792,6,871.8284465,199.4313615,-238.5583759,2331.316057,9046.038957,9692.292185,633.9398395
22-06-2027,954.9173879,685.1362191,656.3724203,6610.508395,4,-29781,682.0957252,-3946.241402,11750.44043,11403.34398,38721.38861,-479.0049376
23-06-2027,409.0355313,994.1975334,187.9878299,5010.204998,5,719.7874438,4632.275572,9.481975456,2296.449484,11347.46875,10788.16083,-2243.683017
24-06-2027,0,989.0907494,-55.78038678,4405.665059,3,-387.6284045,337.1995598,-412.9781153,150.9908543,2085.140071,4925.89607,-863.8166898
25-06-2027,576.4865145,284.3668364,-811.0859798,3004.326226,2,869.2013105,-85.53728817,211.9565379,1090.675126,3680.031219,4219.922445,162.0097974
26-06-2027,0,397.4343284,-398.2371528,6949.512216,3,122.7631346,1168.440912,497.9600632,2228.305202,8062.387431,2983.562472,-733.2952266
27-06-2027,1198.778077,1994.794976,-1773.779367,1772.997809,3,1529.611097,523.6815033,-83.66031706,2503.831669,8537.33372,8617.502159,1085.539381
28-06-2027,81.9254647,1271.715516,-569.6774473,448.2780277,4,1556.889303,-1072.989809,-309.9850685,532.4244899,3740.12809,7154.474203,1806.879531
29-06-2027,0,0,1538.851398,6845.954619,3,6454.37957,615.1414514,642.9896062,2447.874094,10098.63711,2442.934159,-222.548577
30-06-2027,0,491.7248825,-858.3297264,0.8,5,1218.146702,482.4890333,-244.1577387,2489.943814,8059.996451,7965.739902,910.1906744
01-07-2027,1320.571697,1308.176825,1030.155718,1574.742155,2,-583.0085422,-2809.250457,67.16704409,1200.13239,5608.366621,4538.453278,511.7248392
02-07-2027,458.4308315,0,-417.0255793,23583.22468,3,-342.9492449,-15.58547217,3340.404733,7063.564316,42861.37228,20088.9176,-1103.347932
03-07-2027,1137.854329,1090.568983,-711.948809,5273.750981,3,750.3380417,-3808.020136,-4162.787803,11598.57217,10199.00708,37030.39122,-6060.911513
04-07-2027,2204.762532,1236.486215,943.2962543,6749.912775,4,45.71580289,-172.1774483,766.987145,1133.347088,8438.196988,3582.494756,-1579.978887
05-07-2027,899.2891978,1599.663057,-972.2317155,784.6762496,6,1912.374532,709.7001908,38.54563887,979.4651453,9655.303499,8225.053008,1927.886138
06-07-2027,508.6933429,6105.66847,-5268.966466,2117.971391,5,-3058.41971,1971.755757,-545.4754867,2774.664497,9354.650447,12201.75925,669.3972511
07-07-2027,730.8248212,9.514165361,-37.95196363,0.8,4,-745.248114,1823.181353,-221.8499184,534.4381615,7300.819986,9153.585927,1582.437617
08-07-2027,0,458.0815982,-119.6761087,0.8,2,-63.07787108,552.3133259,-271.8941785,150.9908543,300,4551.005275,-910.2797659
09-07-2027,48.07678654,1455.869805,-1113.042889,1189.77049,8,1505.113376,-331.6453939,-146.9809377,1088.411208,8523.386885,9778.433849,-271.8287943
10-07-2027,928.7538097,0,323.8337578,2164.94045,4,-726.0190419,-7198.982911,-90.97387505,1078.761433,10412.88982,6722.440633,327.0416236
11-07-2027,0,1014.049132,-184.801649,15460.09252,4,-4683.876564,-647.0428789,-987.1112712,851.4417977,957.305487,6234.382052,-1922.3598
12-07-2027,1829.604951,2803.661296,-480.2909837,0.8,10,-63.3865027,-1863.452327,-34.31035442,1102.280451,6996.006059,8759.08878,734.8510813
13-07-2027,75.74999132,637.0140513,-816.5306159,2237.729729,3,1578.441329,1531.39744,-471.6803179,2725.352863,9686.36341,14066.85032,-155.8384652
14-07-2027,473.3844433,545.2667385,12.25539719,0.8,6,-870.2005225,1578.856411,-232.4369774,755.3033567,1316.414718,4274.074367,246.7914071
15-07-2027,2357.436789,81.90179137,2415.967971,1549.530388,5,-395.9382134,1611.228916,201.9692622,1833.972191,5564.906181,5732.300184,-914.8286915
16-07-2027,1552.297557,458.8043636,1736.330633,2050.933377,7,-7173.756732,1046.811041,-129.4707172,3152.827394,11173.6289,10103.85152,1063.105153
17-07-2027,300.4931752,3079.064957,-2742.113877,0.8,3,361.0681834,1189.436989,-7.307972576,953.8976741,4426.77232,4679.468435,5864.767756
18-07-2027,1858.321574,759.7083892,-348.8637284,2252.205138,7,408.99644,1324.82471,641.0714256,150.9908543,8257.568919,5801.973527,432.2844201
19-07-2027,0,874.6408294,-501.2094541,5760.658612,2,789.1803015,302.8546991,816.0175563,2353.931613,10875.6818,3514.211877,1149.447429
20-07-2027,485.7049476,0,1452.099656,2909.696673,2,450.7668419,91.69566794,228.2402498,633.6972846,36103.76367,38351.60012,-884.7745119
21-07-2027,3368.06546,40.11553989,2193.557127,4387.280909,5,984.6022664,2117.84939,-153.724341,2011.372017,7348.577139,8829.258066,-3371.888403
22-07-2027,974.825159,0,1869.044615,1754.075261,3,623.0433676,428.890627,-616.9960868,1932.729198,13004.75102,16799.70473,205.0987113
23-07-2027,937.1153959,170.356381,1552.756119,1707.20003,2,-2589.944982,1367.705771,-693.1605478,2473.247271,9931.715605,10143.48117,-1082.755094
24-07-2027,1115.422921,289.3216312,394.8685885,35648.77494,4,459.5469875,-27821.75529,644.4549801,1405.79291,8118.68924,1864.930254,1394.441038
25-07-2027,818.085529,816.1656749,1483.46853,2903.706206,3,993.1049901,1160.369984,174.1829213,2593.272105,6879.012912,3516.419657,441.3284569
26-07-2027,751.6160176,4920.114617,-4238.585223,0.8,12,1514.917422,-60.51719134,-392.5233255,1899.660088,6228.063305,9178.553237,2245.948583
27-07-2027,2729.614757,1895.830793,138.6226901,2605.39033,5,230.7534253,-252.7589297,253.2208756,431.2113097,12245.11321,9171.472018,1984.439831
28-07-2027,761.7165555,1158.932782,-1435.080783,8255.988601,3,1012.987344,-100.7518686,291.5653523,1178.939468,8666.855304,4130.455297,895.7158969
29-07-2027,298.0405797,2057.174959,346.0816666,3954.416811,3,-464.0735419,629.8070179,200.7767055,1867.599508,6782.897211,4003.051394,408.5881115
30-07-2027,3197.710135,576.2299863,2200.290389,4869.433069,5,442.2224999,644.9900734,518.7963689,179.8545418,7490.073927,7109.529579,-1049.601582
31-07-2027,1889.251578,0,1394.32399,34877.84417,1,1085.942017,18436.99506,1390.44503,21440.24743,53349.9005,46348.27015,770.565614
01-08-2027,0,943.1915517,-1219.113867,563.587835,3,1343.259214,2665.460545,-271.2448666,893.6842973,10096.17382,11683.07723,2424.224977
02-08-2027,2633.279084,0,1772.861799,3791.622538,5,1227.967357,751.9870796,562.7605665,937.3252181,10635.08446,7531.646109,-34.69355327
03-08-2027,0,135.7821746,-578.7907842,300.2679782,2,-1441.642185,163.2538947,-203.6154782,150.9908543,361.9989987,1644.670331,-1913.553834
04-08-2027,463.2028597,0,-80.86156934,3139.568791,1,803.7002955,-320.7674824,-595.1430699,2213.683898,1868.776226,9426.520666,1022.235404
05-08-2027,457.2945884,0,-401.9208346,1171.732842,2,8.429996571,172.9749149,-120.3159246,394.471311,300,4258.251265,272.1738413
06-08-2027,60.13560622,2586.88344,-2502.163847,0.8,5,-10417.93994,-150.2903199,43.86532877,6426.758682,12409.12188,16941.30486,3265.111912
07-08-2027,2305.798723,6.926466111,1948.723437,375.543601,5,893.5059002,270.5639668,5.03640145,516.9284831,12802.94582,8037.361809,-88.48917958
08-08-2027,5495.792506,4346.326191,1543.35702,3123.646215,8,735.3367741,-160.7425715,-80.91520528,387.0988968,4610.066304,9420.436553,-916.4162744
09-08-2027,2269.205237,8.759770773,1842.112039,4005.093725,2,-2816.204392,2680.445813,-27.11703248,6184.334301,14365.85337,14666.45295,-16.26191459
10-08-2027,0,0,-121.0821883,1409.845532,1,-3568.10436,1587.955493,-317.5556089,2265.0191,4414.927981,6487.761004,1069.260402
11-08-2027,1682.193225,137.008046,2599.093933,13246.41568,3,542.6194822,-189.705599,-177.2685618,2341.579869,5312.878367,6029.059009,178.3396097
12-08-2027,938.5853321,0,808.6476541,5727.506129,1,-5691.223,-599.4940235,-419.4807654,3001.532226,9960.889362,11057.38951,-6041.270308
13-08-2027,317.4888617,28471.65636,-27367.88905,30803.56043,5,45720,-1059.853333,3891.194065,22907.18529,93260.64232,68111,-500.7508399
14-08-2027,1577.293706,436.5429479,1254.77507,6717.163532,4,-29443.66474,1055.572026,-3942.61158,11038.37998,11807.26553,37975.42713,-53.46001232
15-08-2027,0,1172.963323,-1672.199473,0.8,6,-363.2238097,-632.758127,-36.12325801,1585.927467,6542.010769,10371.16278,281.4406897
16-08-2027,398.1166914,592.2528621,-344.9080473,486.9571629,4,-759.6696626,-569.2261182,-2.042431411,6745.03464,18382.18387,12326.81574,-74.53625281
17-08-2027,1218.845001,486.3695057,953.1297573,2694.013939,4,-1466.776175,693.0874012,73.07255872,684.0602333,7641.127277,6434.094428,-914.3988747
18-08-2027,2085.668753,1797.423854,1362.329942,2280.315254,10,72.47774969,150.6738515,-210.0517948,150.9908543,8502.666933,9022.444382,44.30169766
19-08-2027,2557.562017,0,3972.384491,3648.60741,5,-58.0223409,3030.072085,105.2223843,2224.525036,2776.114371,2991.108882,-524.0060062
20-08-2027,2119.676675,62.68931447,2213.017796,5737.682505,7,-164.8415244,-1064.583117,324.320169,1343.377402,6572.432611,1988.672628,-4491.787727
21-08-2027,0,984.3385969,134.0104594,1593.173324,1,-872.6101401,-932.2907127,431.7468675,150.9908543,790.3663672,2537.773092,-450.2164082
22-08-2027,336.8111607,0,906.8501076,35.55308782,2,-133.8036482,1840.246901,-1483.791611,2932.662258,6165.404907,16862.19083,-1609.569275
23-08-2027,221.1513176,0,-114.8815021,4076.289585,1,-1987.757238,1949.64659,319.8686258,1257.386007,6024.445758,2375.101097,478.9715058
24-08-2027,48.55467841,0,-894.2944868,23032.27882,1,-124.797853,909.7524637,3046.114736,7854.392258,43922.94135,20143.2869,680.4575678
25-08-2027,0,176.7552317,-101.7867416,3750.560341,1,-517.1071247,-2179.600812,-986.178174,5521.799286,12130.146,16010.40825,279.6046251
26-08-2027,3.362920529,0,-132.9774918,2377.23289,3,3489.634254,-77.30820057,247.8121702,5862.980721,15321.85699,12688.67879,-2586.433682
27-08-2027,0,308.5446063,-623.3145168,1868.247353,2,-5382.416351,-294.2581325,-1332.603865,4626.636816,8496.150038,14931.83071,-313.5289879
28-08-2027,391.9626814,0,349.127594,2628.961186,4,-2047.35434,878.7096387,95.42904334,826.2336044,8549.507703,5389.241967,-139.0670282
29-08-2027,0,336.5571011,343.3746301,0.8,2,-478.2276901,253.7657034,-571.3598469,1920.428714,2582.407266,12141.72522,2661.477468
30-08-2027,639.6762066,701.6769128,-1278.147886,7538.713648,5,-92.92425126,4185.520264,127.4565053,2310.919891,10673.86946,10561.29021,-578.4073131
31-08-2027,365.8327957,118.0320774,527.798949,4503.227413,3,-290.0250559,-237.0846651,448.9046252,1539.633726,5297.226229,2793.858535,1490.040483
01-09-2027,1439.130382,193.8032872,1053.462077,1552.411665,5,-454.276477,146.5577822,-2.470135545,1447.426936,9592.518098,8192.574016,11927.02225
02-09-2027,0,68.73490556,-1031.127511,1885.443006,3,586.6540825,1428.364981,-207.8092416,678.451148,10346.70038,11321.40578,2207.498596
03-09-2027,1482.398684,677.3705795,1270.862848,7920.536086,3,6866.11718,-310.8053929,515.3792911,2043.383947,7832.639232,3496.284286,-285.8212704
04-09-2027,1497.204714,195.6263327,1664.2741,4643.987751,7,-96.11001443,-974.4756488,228.6022122,1474.255851,6503.34289,2494.179297,-4527.862605
05-09-2027,469.8379487,5950.15607,-4946.451828,1020.282618,6,850.2035686,-72.0999069,-995.4521299,4602.155275,7725.645722,18092.20701,553.0775902
06-09-2027,5103.553068,4091.933605,267.3423758,1934.563278,6,-210.1471961,-402.8620944,-148.0210962,1343.331775,8513.718038,11592.56064,778.0899358
07-09-2027,0,13098.35196,-12613.91924,0.8,4,-2183.056397,308.053736,-2294.497895,6156.876461,5984.693286,22229.6508,-541.6824877
08-09-2027,0,1013.402456,-150.3604114,0.8,6,1244.738626,296.0442258,-271.0692895,982.9958067,2129.969266,7014.331022,-471.6331697
09-09-2027,310.8859607,525.8230386,1316.25602,1193.664837,3,-499.6304469,903.6492498,-162.8893035,646.56374,3893.265655,4960.053269,100.2602058
10-09-2027,10610.37168,710.3005003,9838.807482,14314.07528,3,706.0789406,-1132.863799,1749.571719,3550.651026,15150.43977,816.1589061,-10836.31176
11-09-2027,0,615.24098,-1206.364605,21946.61355,2,-686.5243643,-612.8169711,2701.09787,6781.145293,39533.48056,22041.9377,689.6585731
12-09-2027,6064.989079,4483.260909,543.8165004,6002.355502,6,322.8117959,-678.6691443,849.3798408,2837.450947,15434.3511,11680.59512,-283.029746
13-09-2027,1273.84701,0,349.8803883,2573.609909,2,743.6095577,1228.703414,41.65804902,1930.899943,6608.164305,4101.88364,-435.2073304
14-09-2027,114.1150547,64.68114917,-50.55469432,20848.19873,8,-239.5503466,-117.4593958,-265.1633091,150.9908543,300,2106.447541,342.9015638
15-09-2027,473.5874459,0,-30.58148614,0.8,3,-1509.132331,34.66266865,-829.3584822,3432.237377,5344.838121,14233.64855,1399.182455
16-09-2027,2218.002642,2194.277052,294.2382511,3187.432248,7,-359.3994393,-496.1544443,-207.1356124,150.9908543,3011.69631,5853.112185,-2864.475102
17-09-2027,1741.936969,253.8151492,563.5690939,1321.770698,5,-309.8637527,-208.3762272,160.8102104,353.9043551,9509.764601,9721.575847,11462.37967
18-09-2027,0,493.3945907,728.325263,2044.59865,2,-1165.807301,-6557.174739,140.4123806,947.4011773,8709.405566,7182.115289,-1166.448944
19-09-2027,0,2890.053038,-2557.829781,568.7186152,1,-242.2797261,-1461.589251,-437.036724,847.0711039,3321.922532,8274.787564,189.8656865
20-09-2027,0,4776.812071,-4110.385922,17026.39044,1,74.62008011,-922.562421,-913.9266472,1651.988226,1206.543502,5002.962357,-450.8285513
21-09-2027,328.8931562,460.0854511,1058.706931,3615.665878,4,589.2444653,-239.2696297,207.1669844,150.9908543,7839.778709,8261.123517,-23.89995578
22-09-2027,36.55820665,1451.98845,-2346.96657,412.1921402,2,958.0979747,-346.8340649,-407.6453274,1457.308101,37636.1046,37372.19508,773.0578689
23-09-2027,160.4520684,1036.288396,280.3290147,20788.22839,5,-1180.998807,551.0830066,-375.6571358,899.0434936,2078.14963,4018.100695,-4554.808326
24-09-2027,231.6442589,708.7417854,-1239.978611,22384.40394,2,138.0027625,3375.692839,2946.758598,7427.131215,41262.09448,20513.85844,-122.8388288
25-09-2027,737.32093,92.2148406,0.224992822,1227.995979,2,-4739.905566,-462.0690841,-116.4087621,1517.695943,8355.587343,8474.671626,110.7716721
26-09-2027,40.857925,0,967.2659718,3188.999377,2,-1035.146677,-5286.982127,434.6996742,329.60307,6237.757975,7674.619284,-230.8921442
27-09-2027,1840.396606,0,1548.631031,6371.617636,1,1545.020538,-612.4229488,808.3083986,906.5131565,8115.55182,1245.594616,286.3422644
28-09-2027,2477.175804,428.4672435,3194.678308,1507.309838,5,592.9752447,1401.435493,-17.09907366,1528.59438,7503.574752,8026.153819,-3015.949083
29-09-2027,2073.217451,1288.851948,692.9604608,1576.711545,4,-840.1422688,-1055.606641,375.4800621,1222.849804,11628.29291,9824.097277,-354.9360206
30-09-2027,1354.804039,794.041328,638.0679233,1183.648585,10,1892.082355,-351.168528,-43.92764289,1016.648681,9232.350718,9762.260276,-452.6343477
01-10-2027,2200.290418,0,2321.378541,1238.121369,4,-20.69845454,-4433.352878,189.7586447,1100.331518,5371.416353,1157.238937,5.862207884
02-10-2027,448.6519574,0,835.9690274,1414.895517,2,-1045.569905,-1874.783191,-25.8050293,3248.041947,9451.121249,7846.72889,-791.9475847
03-10-2027,304.7290524,536.1476182,232.9280955,35340.09018,3,1158.633031,45720,-3174.195389,10202.50139,8492.106479,30563.7738,456.5033863
04-10-2027,183.907681,0,-342.5178311,23280.89904,1,38.12388575,98.7715447,3312.35442,6871.138807,43186.96557,18814.95728,194.004953
05-10-2027,213.575223,4.893450427,270.0998213,11930.47503,5,-5848.390904,-283.9387735,-729.2244527,2503.459263,2378.633155,5382.255061,748.059709
06-10-2027,0,6995.705293,-6505.03826,784.9609598,6,11.6634453,-136.422655,-1065.837788,3920.489137,8411.122692,18183.12248,378.3485309
07-10-2027,2055.830661,899.0391267,-571.8725223,1277.344416,7,-2511.293761,103.1622714,-322.355087,1506.745508,4442.390429,3811.981973,-96.41867776
08-10-2027,2600.020552,0,2619.995499,10938.77442,3,812.6186705,966.4250068,703.7207222,192.9866545,10908.65102,2803.930653,2557.833901
09-10-2027,0,70.60702549,3.158555102,862.7986275,2,-1200.742912,-279.4673756,-204.1019656,150.9908543,610.7008127,4576.592581,171.4045693
10-10-2027,0,6156.398037,-4957.478055,1525.534101,7,1023.439456,5727.484177,-866.5778793,2799.340611,7264.003298,10185.13948,1693.844926
11-10-2027,64.93945319,731.5755884,-419.9078178,2333.610571,2,339.8177216,907.1421276,163.4676815,1038.017682,4194.520153,4769.317348,1846.999999
12-10-2027,1336.240218,924.7514077,-622.288843,4872.141351,4,3249.557439,361.3339247,514.8237944,1484.480303,8190.180463,5695.812809,624.6233032
13-10-2027,0,1509.933756,-1026.303046,5597.819183,3,566.0775852,-165.2869711,836.5075569,1612.424182,12843.43467,5308.82619,19018.37469
14-10-2027,2607.759579,62.58199212,1350.722606,7321.816861,7,220.2736363,619.4045657,419.24754,1517.747053,9785.476277,3264.67179,-4071.437903
15-10-2027,2055.794339,1773.526211,627.1683499,1823.983145,4,-311.9805176,-916.9110194,-68.90162186,952.0683507,3359.523685,3216.028707,1867.881275
16-10-2027,377.4825069,503.2096856,-28.97376779,3074.191324,3,792.0320664,355.370069,149.8343279,385.6338072,2575.57697,745,-1088.503015
17-10-2027,0,344.9143556,-136.8020992,5159.232009,2,1073.138068,2435.496698,438.8319889,1136.813084,4287.68598,3213.996749,15.7513
18-10-2027,0,275.5297834,755.5576456,184.9142564,3,120.4335613,752.0911684,-265.141925,150.9908543,444.0952462,1246.136858,610.4956488
19-10-2027,818.3023267,55.67168568,-9.428503003,33816.74225,3,-3634.96263,942.9868101,562.0777415,1528.945673,12166.21658,6443.449208,493.2200559
20-10-2027,217.4045786,1979.199402,-315.4450182,0.8,4,254.2592251,-18.43136598,-477.9153319,1351.041453,5621.485944,8388.204716,2003.892616
21-10-2027,635.8409344,5874.306635,-5017.011619,11176.32703,5,-137.8429883,-3817.741426,-768.739203,1466.039469,2827.363175,7282.040157,-280.8203241
22-10-2027,282.7970689,589.1070638,767.8541255,2076.565028,1,-218.6411159,636.5447721,310.5301534,709.9108627,2472.068269,3152.020887,-770.1746343
23-10-2027,0,1366.907702,875.5943102,1541.693045,3,2054.402739,-513.3369378,330.0371967,1297.064954,5824.772028,2703.653446,3059.401721
24-10-2027,9814.282994,174.995578,10688.50085,12098.06925,3,-139.9327304,-626.5732413,1754.345863,3517.22152,13714.08184,3207.652272,-10222.75045
25-10-2027,94.08423855,106.817108,422.5825075,591.3456081,2,-504.865918,-10618.30324,-361.1762468,1895.132921,4053.428304,7074.622203,-515.3386931
26-10-2027,1203.987421,5060.939468,-4749.630634,34736.57304,4,1291.747519,118.0253308,483.1472956,1860.807818,13599.7712,7472.08703,1114.744789
27-10-2027,87.39264629,0,-647.3599894,24923.62622,1,89.61108862,666.2556837,3440.753417,7188.89532,45844.81006,20846.13869,381.5522997
28-10-2027,0,1039.159045,-1093.602545,1963.418099,3,3013.818931,-161.0355274,335.9875325,1203.346256,4712.521584,5659.635289,3233.036344
29-10-2027,296.6291376,812.6897809,-538.8756398,1181.356496,6,495.5213281,-275.9497511,-255.1232079,711.4568068,5544.364537,6612.014085,-930.5831227
30-10-2027,38915.26719,19000.64242,19262.52668,26318.91446,9,-744.453574,341.6723241,3491.100916,6551.770422,48038.67228,26786.10509,-12056.39629
31-10-2027,933.6639648,550.7696494,-361.96916,3059.618272,2,-208.8247526,-671.6889823,226.2853149,150.9908543,3709.717052,745,442.197667
01-11-2027,0,302.4676487,440.5936072,424.0038191,1,-6055.800129,1894.91063,-4998.142857,11289.54432,10499.49562,50350.3327,-325.3452276
02-11-2027,192.8566419,0,308.8836998,3038.765983,3,149.163372,117.366412,-545.7780396,2549.104499,12286.12076,17194.85476,3009.634246
03-11-2027,0,1488.193901,-944.4042429,1590.005377,1,1385.146196,-1027.012619,7.389876845,1011.208475,5426.319224,6165.891047,1120.165159
04-11-2027,1035.501276,0,42.61094781,3495.815638,3,20.96786432,239.1812669,-537.3191114,2271.653627,10741.69228,17674.26508,1945.62133
05-11-2027,6092.468889,447.2266176,4596.758378,5092.97065,5,-1861.801219,2124.462894,501.5624582,3050.897206,7782.068245,3933.155464,-155.3087259
06-11-2027,594.3005633,631.6390395,638.3848379,28300.8389,4,-95.60800284,1996.945825,3284.138199,23272.9727,89751.76588,64401.62461,1601.6816
07-11-2027,1947.892092,1178.814041,1838.507987,1042.139911,4,-1287.985686,-267.9504642,84.84616664,1065.781364,14137.76465,10731.05843,-415.585409
08-11-2027,1670.985945,4625.65558,-4112.409613,31010.13211,3,598.2475579,181.7735242,722.257269,2993.611741,11660.7827,6870.674351,905.9462194
09-11-2027,618.338864,1093.040952,-593.4978057,3220.881903,3,-1667.526267,566.8092105,-362.2797476,469.1984905,300,4365.246806,117.8796706
10-11-2027,213.8832701,447.8247404,-137.3842345,405.3281738,1,509.4971805,-154.3789003,61.54484153,1264.624461,3355.018792,745,-405.5452322
11-11-2027,326.3352035,382.019272,-214.3053975,1215.002685,4,-328.2018688,907.8803218,-65.53775195,766.5577159,449.5227649,2966.392699,-70.98401335
12-11-2027,10.33536375,1477.042669,-1022.665643,6340.787018,3,2337.014092,-753.2467004,936.5781477,1995.880833,13238.30782,4419.244267,19086.52179
13-11-2027,0,329.4672393,352.0049314,535.0120853,3,-12695.83354,-6516.605759,-1561.094495,4192.700977,7551.123569,17055.7811,4127.164943
14-11-2027,261.0172133,0,400.5304445,2919.757849,1,439.6801657,66.02872377,25.22991284,252.579773,1948.687332,965.4922664,136.7783201
15-11-2027,1590.875414,199.6229145,1239.694385,6986.45281,4,-28920.95554,946.6130833,-4047.913284,11732.7512,10578.72663,38837.93406,450.7231485
16-11-2027,1145.058642,716.6292662,561.5788511,390.0171487,6,-1542.092809,-2379.93249,-59.85315792,1346.362535,37608.71805,37683.63658,315.1849935
17-11-2027,19.79793378,150.41102,90.20403461,4340.359458,3,-513.0117395,-724.2722231,-629.5722724,2395.837366,12060.9654,18011.7123,1431.671428
18-11-2027,23.05640458,0,-199.9340777,692.4435915,3,765.9414505,655.9574072,25.11657611,1010.136431,8863.625905,11525.37926,-711.2381354
19-11-2027,2866.586369,880.0527491,1957.66824,9287.547305,3,2536.970307,1904.341442,367.9077076,943.9669047,7499.271557,4680.790203,-530.0768414
20-11-2027,535.9922996,232.6903942,-1135.337912,2197.818133,6,532.4430779,-1113.769778,-24.13804624,150.9908543,10296.61816,10838.24724,-1276.338333
21-11-2027,1445.474087,0,1916.457169,2371.504039,6,-4088.109068,-1103.209018,-100.8237917,2372.347753,9905.186472,4503.944481,-1394.349062
22-11-2027,2312.250625,293.6666788,616.0215378,35642.55494,3,2598.862441,-12915.22707,3324.460747,21578.90169,50394.39891,30803.41053,566.100266
23-11-2027,964.1634405,4895.39258,-5647.189941,5541.66822,5,-2945.672038,1763.038131,-368.7897283,2647.940144,10105.5387,11940.50287,1005.179546
24-11-2027,31771.43274,31379.96577,1347.292908,1695.898237,5,-1167.235095,-540.9420274,22.02734793,1955.93955,36278.16151,36652.58688,443.9528818
25-11-2027,0,1139.7861,-412.6191499,139.5812179,3,777.4625564,-9.772197993,6.414231973,2760.562081,5774.86732,6372.29123,103.2931053
26-11-2027,585.1583641,0,673.6797776,1460.280496,2,58.53060242,923.0803937,7.689073056,2616.546861,5760.13265,8584.461574,-755.7021272
27-11-2027,171.2469998,57.54181837,1925.657148,1975.12835,2,1267.97183,539.0952529,144.9787769,2083.841928,5073.637961,5426.193401,-154.366683
28-11-2027,1834.665136,73.32961719,199.0240777,3209.968621,5,-773.4182502,70.97460991,69.21686166,714.8471234,5619.283617,7610.467593,-983.0060979
29-11-2027,936.1975121,297.5709199,-160.9957055,0.8,4,-292.1863913,2248.511167,-291.0992984,1098.0078,8038.456369,8385.638555,1418.726407
30-11-2027,545.6298756,1978.687831,-1999.913945,2936.839775,5,1320.813692,434.4961187,64.32067236,1104.69995,7869.624735,4355.372543,-56.11546287
01-12-2027,65.35647184,48.28087772,-690.7389735,7265.540556,2,-76.18342667,1192.90175,605.5682295,2286.602388,7899.228192,4059.982734,28.69884877
02-12-2027,0,828.6929187,-28.08666533,5259.665794,1,-1268.734927,1073.169981,396.0875243,1077.156209,6135.790644,3270.785535,758.3485959
03-12-2027,414.2721451,5810.95507,-5050.130544,4739.738584,5,-3409.957215,2020.628897,-685.3661295,2781.9798,8537.24859,12735.30703,690.6666194
04-12-2027,6571.975677,4904.613191,1405.094958,3649.036456,6,815.1152244,-4953.745455,-501.3408433,2527.494664,9148.203684,11990.45271,-247.4858955
05-12-2027,0,0,623.6803678,5396.425123,2,5601.073818,600.0382881,-1487.525055,5463.123745,11688.81866,20701.22221,-241.943717
06-12-2027,0,582.391718,-46.68397767,0.8,2,122.3975178,183.8477453,-111.6692989,458.7379442,3152.004927,3302.005487,472.0057571
07-12-2027,0,0,257.6848293,1554.932676,1,-1222.752553,-1330.100886,157.0879944,150.9908543,300,745,259.9721613
08-12-2027,890.9128779,0,631.3752914,4995.417327,1,360.9417116,698.0096297,209.2082034,1062.401814,4885.569971,2132.982735,-742.3896062
09-12-2027,1350.539832,803.9425542,1390.140887,5114.537789,5,-5666.320398,-127.2049034,-603.6564851,1531.973307,8148.579895,8655.736584,-302.6679965
10-12-2027,2921.034412,510.1543179,2455.292076,3286.751085,4,61.02078404,-5356.878598,405.9333094,1812.404305,4737.679041,2722.14717,228.3112374
11-12-2027,370.7785469,2356.665027,-2941.422269,1170.207994,8,343.582321,-170.4798971,-397.4229112,2714.665694,6776.103854,11186.67729,1832.792897
12-12-2027,80.03487362,1481.547094,-690.6528442,114.231995,2,418.7555765,395.7731324,-605.6752429,953.0397801,3309.342438,7582.117259,3063.845191
13-12-2027,684.6463841,276.9528908,142.12187,1637.072426,2,590.7746215,960.9168966,341.8963154,1415.952242,3259.530646,3494.289749,1472.195905
14-12-2027,0,567.5237087,-385.3611291,3142.154519,3,-138.4525661,1921.969833,-183.8322316,303.9761801,1444.045598,2197.850704,-586.2985728
15-12-2027,717.4453457,1896.92331,-1566.860382,5591.658628,3,1539.077967,-207.7711933,683.719528,993.0236847,5197.918153,1219.491851,326.0577584
16-12-2027,172.8087963,0,122.08218,2811.587283,1,1992.944542,1403.033027,115.5491348,682.0833663,3650.863902,2837.800852,-245.8623346
17-12-2027,249.4754463,1357.816992,100.3410404,1983.206456,4,75.01237852,-381.6926604,-348.9427914,340.8159653,1202.302698,3535.23441,952.6334112
18-12-2027,0,5200.422829,-4786.133739,1529.61384,12,2079.197494,643.5010094,-245.0636503,2670.971997,2976.572239,8199.496158,913.5716097
19-12-2027,37618.6425,19788.76594,18339.26164,25952.70291,9,-1406.213322,421.645515,3582.584149,5657.62941,49482.63026,26204.23577,-12718.0557
20-12-2027,0,1377.47562,-1543.701672,2166.592374,1,2225.55206,-612.531048,-191.8185397,1308.601113,2890.393714,8044.351507,698.2161295
21-12-2027,1205.326853,48.94772061,829.4875755,34847.2516,3,-4104.837625,1880.988112,417.326493,2974.617373,8845.42641,5013.530793,722.8229258
22-12-2027,346.5098179,346.373594,-925.2278687,684.0551448,4,-470.0917828,-229.7689453,68.9013058,365.7002128,9096.443082,10084.36574,571.757252
23-12-2027,266.0527991,501.5501864,214.0042573,5797.052637,3,156.9055525,71.90379605,440.6910405,1583.023338,4960.816121,4556.792408,1583.574462
24-12-2027,3157.729828,0,3704.156034,5470.856316,4,-803.5418385,-688.2249078,752.1289089,2004.064949,7570.546983,2275.066362,1412.850203
25-12-2027,1370.56213,261.4919069,262.6652043,1942.956029,4,-255.1535372,-277.5808704,179.1687885,964.4709187,6833.312417,4773.212019,383.022038
26-12-2027,753.843503,1099.645964,34.79647876,1120.516407,2,160.3102485,-62.13888394,419.430037,1056.224694,4376.359946,2537.472903,58.1882727
27-12-2027,345.8113337,0,1476.488467,1645.57996,4,901.2019306,-1127.169507,-56.01251709,762.3232576,1720.761532,3252.158432,3240.960523
28-12-2027,860.9408516,2484.106897,-1053.772479,0.8,10,1244.771796,1413.75518,-954.5147006,3227.783099,7025.32787,12525.84901,392.5315533
29-12-2027,1095.269914,330.1484698,-44.0060181,2122.346576,2,600.7921252,1286.652535,-465.0038032,1660.621772,10210.14506,10191.06469,-18.84257923
30-12-2027,1777.657111,475.2221051,2276.159387,33347.02896,1,1526.728132,19864.49342,1261.205091,22166.77257,52344.30312,45450.56302,262.2935299
31-12-2027,1326.287699,456.9898385,-97.58318763,4010.564407,4,-810.61241,-1070.199071,72.33170973,619.4024256,10292.36349,8803.647638,789.3870319
01-01-2028,145.3371473,0,-170.5279014,4057.865112,3,3622.360112,-103.9279761,10.99350553,1986.262967,3708.663165,4567.460809,20406.05437
02-01-2028,20153.32664,291.3266464,20724.17222,21583.37855,3,-78.9322081,-2664.182392,3396.2422,7912.794779,26079.60511,1267.724446,-206.0385833
03-01-2028,1299.507139,398.3949002,637.5319597,4423.256354,1,1134.486465,-640.8448074,75.58520115,1384.173509,6407.173611,6097.482417,-687.941349
04-01-2028,0,159.8110356,234.5048864,2149.66593,1,-924.7355456,-953.1593527,191.4006657,414.7440498,300,1693.142668,87.15629757
05-01-2028,673.4075428,0,1301.96765,6005.604607,1,-5155.898106,-907.5065778,-189.6715942,2808.074964,9145.855963,11831.35184,-6062.610587
06-01-2028,0,55.46049649,365.8261643,2461.651626,4,-919.3245404,-137.0389622,-377.1609216,150.9908543,1856.094055,5211.2023,-92.0389409
07-01-2028,485.5174816,1271.655728,-593.1478797,227.1278302,4,334.1425785,-411.095908,-721.0886382,1291.496221,720.8762908,6384.576226,1697.487095
08-01-2028,458.039,5678.235064,-5302.564189,2284.70503,7,318.3510013,5972.568936,-725.4735325,3333.132349,6654.204448,9735.045523,1645.890308
09-01-2028,1077.949934,3463.798001,-4045.477506,0.8,1,2025.674606,-4939.524813,1.95869118,2177.454764,7447.418374,6104.445899,1765.300117
10-01-2028,426.072173,681.0193084,-153.9483183,0.8,1,-3388.069758,2365.723056,-121.7639225,915.5312052,2986.216648,6176.669013,542.9625729
11-01-2028,474.663099,0,809.3034506,957.0809304,2,81.46499324,2105.764089,-1616.51771,3381.427036,5470.571644,17367.95582,-895.6976662
12-01-2028,0,1474.853557,-659.1295395,102.4867898,3,745.3295304,870.6563217,-434.529597,2590.669928,8927.068437,14213.07481,-403.5443903
13-01-2028,0,141.0049329,318.1484435,0.8,1,-223.5171772,-2948.023824,165.5249295,1396.659092,4270.629534,4399.442736,4447.226559
14-01-2028,3686.743026,0,4000.957623,5144.133869,3,597.4199239,-423.4515952,568.0989439,705.0372031,5321.165791,2388.409309,-505.6932542
15-01-2028,479.2749105,496.3083363,-961.2323425,1290.573568,5,927.0427625,879.0414459,-292.1925216,2309.932976,5642.84173,8168.261958,1139.441375
16-01-2028,0,988.1200452,-154.0449829,3900.258467,2,141.9687903,-4231.173355,645.8311714,2541.572171,10506.13687,6124.03128,47.11619113
17-01-2028,799.574766,723.4686405,-1062.388966,25.59071871,4,-1428.740851,1456.276669,-452.3414481,818.6989666,2351.13341,4827.098367,443.2982089
18-01-2028,0,133.607889,-199.382735,817.0210444,3,620.8665984,703.5406472,-355.8554706,1819.849166,4762.553689,7478.57795,-1117.782443
19-01-2028,195.7984225,0,-42.12716589,1021.019888,1,-35.36567835,-63.45718839,-136.0413279,150.9908543,300,2088.316468,69.63524135
20-01-2028,1189.69428,642.5805543,1597.734155,5089.038633,2,-1150.219987,-2518.935179,-49.47074606,1466.584917,6792.89883,4635.567066,969.5813584
21-01-2028,598.3222838,736.3416589,-263.6417708,2372.427923,5,1660.447959,185.0363345,-141.9362194,2012.272366,6850.313342,8330.743386,376.7728916
22-01-2028,6139.595426,671.2442946,5475.716242,5822.398677,5,-2248.686079,1981.914593,660.668192,2110.261305,7551.147729,4744.824203,1290.408487
23-01-2028,1076.230698,0,1741.439233,1756.227699,3,326.1051498,698.5600658,-666.328747,2132.016679,11486.26938,15686.34571,-72.3461027
24-01-2028,29.14821792,0,169.0287863,659.5327668,1,928.9169732,1332.373951,-483.6015275,1444.833185,3687.8711,4505.714479,-1230.106235
25-01-2028,1007.929706,169.8839737,953.7056115,30.14364947,1,-2497.478816,152.7982402,-128.335255,5026.247083,16118.04469,17602.83497,398.1225582
26-01-2028,5779.788532,507.9294044,5366.538711,5249.21443,5,-4994.347516,1975.151953,-1299.733002,5567.487537,13514.10192,20821.54164,845.2927886
27-01-2028,966.9578899,312.2070508,689.0616296,1751.795185,4,466.4431589,-152.9426058,-280.4603175,233.1015188,3633.284239,4276.343201,442.3385113
28-01-2028,2491.949252,0,2942.177628,4776.655097,2,-2508.680015,1192.196732,-174.463916,6095.718157,12381.05061,11931.94417,-135.0903784
29-01-2028,305.0368668,396.629119,39.35004364,0.8,3,-1183.966044,646.5256825,-969.0572582,2600.105153,6188.990601,11807.95607,1804.452716
30-01-2028,0,369.6411228,-296.8673456,46.75957777,3,-435.0188976,-1659.075249,-200.4430635,150.9908543,300,745,114.6520423
31-01-2028,193.7259641,0,-37.09943282,21035.3359,1,191.4339102,46.89183744,3274.329283,8122.139938,45463.77251,18671.52916,-1454.440021
01-02-2028,15.48888128,916.5699558,-773.2297381,2115.362729,4,-1271.992661,1883.921191,-133.8940601,236.1269402,4296.554858,2235.096987,181.7651877
02-02-2028,1165.716172,1028.976662,257.3171983,3942.825108,3,434.8676039,-681.4935081,553.6572406,1955.727507,4435.33414,3237.245476,1480.604084
03-02-2028,3760.088462,3866.124404,-828.2159318,1300.267592,5,150.1051803,518.2822187,-262.2429264,1210.188508,39461.50511,43308.07393,412.8428987
04-02-2028,10971.06175,0,9664.196585,12874.45402,3,195.0223393,-884.7562774,2109.122048,3953.315791,12598.75533,745,-9578.539534
05-02-2028,288.6355437,6510.040748,-6562.764554,0.8,6,751.3310147,132.2979217,-1346.998239,3671.93205,9521.039617,17173.65426,520.8409416
06-02-2028,321.2702927,560.9318614,80.02190722,3638.073193,4,1228.264347,156.7489234,348.6187481,1139.821696,5542.893626,2814.757163,-5457.324029
07-02-2028,306.2303076,4829.524224,-4204.834862,0.8,4,-206.988025,-196.591124,-398.7939083,2314.05775,6024.847835,8280.334593,1099.069671
08-02-2028,0,364.9406382,652.6555608,2722.421436,1,349.1775469,-164.4562192,133.4289894,1291.535314,1606.497745,1421.498061,-430.8702279
09-02-2028,0,422.7363188,106.1294269,3525.28945,3,-72.82567443,1287.764875,301.0276842,1405.366437,5010.13956,866.0285109,10730.67395
10-02-2028,1163.023552,0,563.3260147,559.8669371,3,-201.2998408,-1372.279569,30.649189,2460.388025,7791.364962,1774.130863,608.9773018
11-02-2028,0,0,-71.05435032,4099.585448,2,1780.470016,2118.744651,267.8781113,729.6920955,2896.553726,3273.555758,181.1029919
12-02-2028,826.0041393,15639.04621,-11808.1288,11805.45833,7,19333.90849,803.0530302,1657.141222,9190.078202,49077.80705,40921.30007,45720
13-02-2028,37559.50325,19506.70213,19378.95316,22989.11704,9,-846.4072855,2128.476133,3735.308326,7017.623985,46827.59345,25561.3519,-12432.71007
14-02-2028,715.7757929,1149.939503,20.52085129,2323.264878,7,-11318.45848,534.8445422,248.1643177,6636.708494,16252.56572,17547.05303,765.513062
15-02-2028,0,1073.566648,-316.3242565,1923.985807,7,-242.5793512,494.9438172,-355.9813257,6857.924507,15027.5291,15114.51986,104.3351375
16-02-2028,604.7371002,870.3152468,622.9468042,2654.914002,4,-633.5222162,-1469.76119,48.27317016,494.6921663,8056.928682,7716.669125,-680.358008
17-02-2028,2563.120122,651.8066977,474.462705,33343.8926,3,1699.555203,-12264.53117,3030.75128,21648.97595,54044.85064,31729.17892,590.9357238
18-02-2028,1225.933351,807.8262882,-304.9236109,1748.868069,4,125.2004746,477.0100899,-83.2813203,667.6269732,3115.606971,1239.759716,971.2570406
19-02-2028,2691.363616,387.8489717,1465.29072,5736.204629,2,-400.8190286,68.12697735,509.8328073,150.9908543,3911.219797,3799.428483,-2263.95797
20-02-2028,243.0311971,719.1461401,-566.0047985,2148.465233,3,1531.147523,820.9816143,-575.5621053,3134.681269,7957.002007,14879.09669,176.0287381
21-02-2028,991.8847267,38.91958657,481.1997716,789.6591929,1,-2646.626842,164.3342043,-652.4189081,7414.192693,11961.80121,16788.63389,-1055.990004
22-02-2028,530.3798319,2225.053264,-1059.419944,0.8,10,176.6406535,866.4178242,-767.4724256,2666.450188,6681.395106,11856.23555,97.01782893
23-02-2028,0,539.7869602,-877.2605606,14375.14623,2,-533.7138339,663.5737984,-889.5560784,2081.229721,941.3618236,9568.900111,-7.812133582
24-02-2028,4578.042303,0,6648.669911,5894.287107,5,-2408.51112,1826.026401,552.4588885,2558.741037,8622.498537,4941.489808,1742.812511
25-02-2028,344.7302377,0,-55.31408315,794.5210567,1,-789.1651643,226.6370778,-191.1788574,150.9908543,448.0170889,1253.413459,-415.1587659
26-02-2028,2265.709421,1052.00187,423.4668207,424.3089878,7,-1943.516988,-398.8822942,-360.9248084,1258.683757,2105.794211,6914.744589,687.7246376
27-02-2028,121.646377,0,725.9672362,3206.683588,3,-1.35000434,1056.223035,-503.207908,2921.156626,15269.60792,13543.65754,1690.515438
28-02-2028,1757.876569,0,2429.182468,5252.31012,2,313.9348278,842.2578507,581.7771328,428.0460136,7378.673246,2746.332145,-1598.742052
29-02-2028,252.8600101,0,564.5771105,2505.547181,1,-3066.715123,-66.36002123,-297.8317398,5881.473171,15853.1763,17983.74877,-109.6246011
01-03-2028,1742.288786,303.5722273,1955.56231,7731.100736,5,653.7902844,676.11133,613.645337,150.9908543,9261.257361,2000.250746,1901.892819
02-03-2028,937.4614878,937.5661507,964.8934934,2469.028767,2,757.5076205,1286.513873,-279.0438374,1377.30461,10318.02104,9993.700381,259.9630118
03-03-2028,0,433.8936055,-110.0024265,3933.786369,4,2645.852431,-20.72322208,303.3547267,1187.330602,10738.87118,7410.78518,1688.646193
04-03-2028,1561.399196,702.904368,617.891701,4059.297976,5,6.867054604,-693.3781691,2.266853654,1387.817125,6270.156026,9491.388603,615.8073379
05-03-2028,2819.927531,202.617389,3356.3122,3299.322061,2,-1715.754966,1620.137932,-150.7790347,6731.573312,13303.3479,14566.92476,-307.0432638
06-03-2028,65.3261767,1435.912626,-1310.119085,1433.271072,3,4197.336109,85.27071012,340.5885418,1073.989056,4797.973403,5515.410426,2834.864529
07-03-2028,171.1849684,266.0999389,-1785.115684,2150.07528,2,-1152.284886,469.8961485,35.76864545,1560.389166,4009.287892,2907.364706,1470.604945
08-03-2028,1071.839252,699.0141074,862.4300522,61.9974134,5,126.6490334,177.6173525,-36.27850316,150.9908543,300,3188.712015,474.7844237
09-03-2028,204.571598,494.3245173,319.7124052,14675.1363,2,1257.488784,718.2790257,-70.66904681,2480.303285,5454.671953,8003.53599,-2029.502661
10-03-2028,0,1207.808863,-191.7871788,2476.604528,4,-661.4317555,2200.506486,-439.7932282,1006.828464,3165.481172,4356.382645,796.2821037
11-03-2028,456.2994068,1321.020844,-983.0028016,561.1177278,3,-12.58580982,1588.66773,-362.8141479,736.7656802,8380.455635,10337.88704,1830.534396
12-03-2028,1125.199386,24.06893125,12.73010272,457.1390186,2,-1132.155066,-1238.711561,327.7210636,2533.631555,7226.39313,8031.887951,16.03792176
13-03-2028,1381.819817,442.2227029,1201.098073,3369.365085,5,-6144.102326,808.78339,-588.4939809,2690.175643,5883.399453,10098.01789,-304.652202
14-03-2028,0,828.0508915,293.5217608,2500.291273,3,84.371116,366.9999423,411.9227932,1460.220413,4453.460798,1590.798581,10979.2655
15-03-2028,563.119521,459.6629914,235.4100482,5902.357122,4,1838.772833,-429.5829522,251.2818685,716.8779661,5543.911766,3367.473368,-4603.198862
16-03-2028,1894.799066,876.1657453,606.2341304,2258.932605,10,-582.8284423,-630.52148,73.12332061,777.1708631,10724.74261,7031.437245,799.341171
17-03-2028,804.9688537,3.393872382,305.9293381,3923.375661,1,849.4401017,-1402.847583,103.8305252,150.9908543,7925.898477,5996.198505,2492.688762
18-03-2028,4558.215091,622.1777436,4216.581676,4503.561511,4,-20.65647112,-61.08477184,-899.5767731,5207.293388,9154.606031,17398.78566,-4884.618134
19-03-2028,2377.532936,1375.950978,69.36046518,1946.620811,2,-985.0339356,-2113.89321,-7.64903173,735.1173055,3404.822586,4461.332068,647.3329776
20-03-2028,423.4683825,465.4587143,142.4995532,135.0069915,2,-70.18476618,118.2533728,-251.0196925,175.4409382,1247.509151,1866.238451,-22.35756781
21-03-2028,409.4350757,71.62689481,9.404197046,521.3639291,7,1435.097421,1200.758494,-394.9207866,972.0588466,2502.490487,2126.245212,1390.753689
22-03-2028,0,347.7359393,-358.3278824,866.0144162,2,-1114.009581,10754.08469,-2004.873985,3781.861647,2301.758685,16180.76786,-297.8395913
23-03-2028,0,22.40279549,518.0432333,477.0739155,3,980.3487817,666.6076941,-206.3753426,463.8533325,9978.002798,10170.08909,1679.453036
24-03-2028,179.426602,0,-245.4884133,4460.026542,6,22.73736537,-657.7558946,-343.0124277,215.5459248,4322.197262,5758.656888,101.175853
25-03-2028,0,0,120.7816528,4141.145294,3,3226.922983,-1019.534844,201.1347315,1256.376563,4522.079001,4837.34638,20262.38371
26-03-2028,204.9948406,789.0718621,-693.0584646,0.8,7,-1540.105993,1793.223145,-349.0579424,6640.660335,12056.27106,13083.15591,374.8298487
27-03-2028,385.655482,313.2274229,1572.273673,1716.735205,3,-1028.062179,326.5621115,-973.6674237,2619.677745,9426.321403,15121.36654,974.4210566
28-03-2028,870.0907662,814.1305655,216.3362372,5486.949354,6,-1670.33287,5666.824542,-122.2983796,339.819522,7251.91328,6277.115257,-1048.88989
29-03-2028,0,4199.096883,-3313.746379,10581.0646,6,3030.219975,1188.156333,464.5472645,2093.138159,9909.145908,6567.226482,-4958.113029
30-03-2028,1231.77395,1690.743901,516.8710073,1694.309562,10,-7.718830994,-225.6698053,-31.15338402,765.3912368,10868.56152,8913.522397,-553.5697367
31-03-2028,632.6508077,4558.82144,-4718.819698,0.8,4,551.5951903,-366.0933657,-286.8893567,2553.259246,3449.789291,7443.747985,1208.541752
01-04-2028,1446.460506,477.0297797,910.1075698,1744.135831,2,897.3231949,1282.083921,-665.219833,1479.840853,10490.49037,10728.30321,524.7055981
02-04-2028,0,544.4406829,-136.9559976,4036.861747,2,-985.0393246,-4212.693523,628.562771,2088.209386,9917.498792,6443.596424,682.3089679
03-04-2028,646.0021713,2348.055158,-1442.842559,6100.545388,3,2700.157645,418.0710221,654.5949451,1428.921183,9207.471904,4537.032421,-236.6775718
04-04-2028,600.6434085,0,523.4281429,3406.250749,1,2388.217604,838.0651121,141.2034862,949.1108933,2402.219114,1996.752546,153.4266561
05-04-2028,15.83576416,0,955.6081008,789.7796534,2,184.905712,2705.542483,-1660.61309,4087.068174,4423.403706,16561.44066,-600.0318955
06-04-2028,997.6371683,3474.61142,-2826.19609,530.3325609,3,13.9588324,-903.1796039,-448.2353649,948.5919471,4113.352001,7291.5892,-495.9988458
07-04-2028,920.7254843,708.838293,359.2111559,2509.785553,2,1559.475219,558.2020362,236.5912516,2754.076968,4975.984959,4760.057238,7.34494162
08-04-2028,806.4459949,654.9494396,-110.2569554,2206.51788,2,59.48921313,-368.4758673,-230.6245104,283.2702567,300,3022.9697,-293.570298
09-04-2028,47.30581365,0,90.4683102,758.5231061,2,831.8427815,1350.109389,-34.00476847,846.9682993,6012.620188,3029.24407,1840.155996
10-04-2028,1838.537451,0,1987.034243,0.8,6,-4676.208854,-57.71084189,42.42712038,1888.126307,10713.33109,7108.279996,-1092.450992
11-04-2028,24.37637637,0,399.2121319,1508.727817,3,68.02512833,1113.187304,-212.55475,783.0216471,726.2452899,2542.465601,-283.4036805
12-04-2028,611.5938934,4605.532725,-4266.232377,432.3162477,4,587.370445,469.4766936,-797.0532744,2426.874517,5845.271729,13786.11533,203.0860124
13-04-2028,2437.361404,0,1245.727448,973.201233,7,-7540.354529,-239.6264647,-82.65000413,3211.282412,7737.754315,11059.68915,774.1155987
14-04-2028,2464.855567,119.3359199,2060.254942,14805.85286,3,2849.016818,-164.9630842,1352.973316,1227.798027,12971.39628,5606.213698,-3659.99481
15-04-2028,317.2855548,726.2555101,-274.9645255,4923.030716,2,2715.036656,-5427.309088,598.8657518,673.9527419,4245.008454,745,2160.953582
16-04-2028,918.1114264,0,444.8665328,7502.821222,1,-5834.687572,-978.1432377,-426.615482,3227.893148,8310.863257,12933.72262,-5983.789737
17-04-2028,1382.727844,661.3712694,1052.12755,977.9748254,2,-1750.692431,-458.2802736,203.0782892,2800.255513,9379.104067,7266.211936,-53.96775836
18-04-2028,0,974.1528287,-804.166558,135.084547,8,689.5887774,-1291.496008,94.74486043,538.8193238,4270.895077,6273.426549,2678.995675
19-04-2028,0,0,40.55650178,748.7236426,2,283.9683328,1738.983152,-1438.038248,2702.979664,6344.931823,16095.18373,-965.2662347
20-04-2028,1386.823945,469.7293645,-149.1610526,5383.828632,4,2491.557633,670.5157508,396.6191005,1177.036321,5058.739868,2391.887567,-3943.412434
21-04-2028,2485.851421,0,1646.344568,34728.94169,1,1034.934992,18396.0397,1387.738497,22317.26898,53691.58622,46075.21977,1133.650892
22-04-2028,2158.060822,624.5316815,2539.460506,4929.339507,5,664.4616836,546.8743963,569.0236672,1299.954621,8082.105631,2845.078818,-208.949171
23-04-2028,10325.7119,358.8177415,9819.767438,11745.3526,3,420.35688,-273.1141585,1773.134703,3700.265445,14399.70316,2526.53278,-10819.9621
24-04-2028,689.7529888,0,638.3053923,3044.822796,4,468.2875852,452.7935062,151.9602532,305.4548926,6441.329282,7522.29442,635.6326298
25-04-2028,4184.728002,4208.966537,-662.8483643,0.8,5,167.1034147,451.5966075,-67.46758545,1398.408804,40614.58313,40945.15066,-728.0663629
26-04-2028,891.1825353,0,141.7324532,2339.518845,3,-121.3521253,149.2263636,243.4956343,150.9908543,2226.132304,3339.554714,-747.0950861
27-04-2028,808.7089501,85.34039669,715.4032489,1796.020753,2,-4660.88615,-1042.990333,-294.3511463,2632.161865,3081.693108,5707.395862,-840.6744794
28-04-2028,2484.194273,0,1748.202754,10882.06643,3,858.0810174,36.69210171,695.604136,1121.786349,10257.33197,3264.344932,2414.907001
29-04-2028,1560.475228,0,985.5307067,2905.742934,7,-6501.571824,1218.478107,-77.10750456,2545.435471,10789.70752,11520.62959,1453.157904
30-04-2028,293.2343298,284.1070978,-395.9200789,465.3018005,2,-150.1818429,1701.760197,-275.4133686,546.0287495,711.373876,1808.544463,-448.8658183
01-05-2028,0,628.5195221,-781.5197517,2087.199338,7,-1372.813183,1139.417006,-156.7788396,7126.365652,12171.41103,16747.59415,-9.326203079
02-05-2028,3641.913474,2348.588126,1468.443383,1875.795611,5,-2230.792791,341.0353185,27.829648,944.636281,8550.743524,8254.268597,-971.3981374
03-05-2028,261.0844804,304.6544977,101.6174234,24029.04185,2,-721.8617561,20647.11697,-89.45470558,810.0615469,18255.76082,21906.09352,-221.503149
04-05-2028,1599.296484,0,1946.564575,17895.83349,1,135.9460139,-380.8575501,-592.821181,1649.488946,2346.501949,6893.961507,-1093.023982
05-05-2028,355.9916616,670.5315288,-903.4990363,385.4664495,3,255.2861611,1138.049709,-180.6377327,2128.560046,5605.922687,6836.583364,620.3807233
06-05-2028,0,0,831.4005779,13633.78296,2,2017.636026,-503.9545967,-128.5530035,3018.74628,4760.845553,9129.58454,-1772.097037
07-05-2028,612.3704589,1427.55367,-1180.217945,1462.049354,8,1998.318726,7.778966883,-22.70916651,1154.807353,7886.294437,8313.024301,236.6008511
08-05-2028,0,0,11.91939688,1856.561116,1,562.3587085,-299.8222753,-71.45144016,1353.038351,3410.95145,2665.802777,-170.4490163
09-05-2028,212.1893725,0,-83.99707384,3954.19047,3,1258.449906,332.321004,-614.2932645,2810.643922,13625.08542,15004.07551,219.405324
10-05-2028,374.6212369,600.6047797,145.1643362,1072.349005,5,456.3491981,1844.069021,-144.3595511,870.8187966,7057.660455,4709.127842,258.1230322
11-05-2028,1118.641565,438.0303566,1082.566434,2276.381492,2,371.1711302,481.0838535,258.7688455,1961.485082,4521.241287,5403.743795,-220.4580451
12-05-2028,0,2085.199827,-2257.971877,0.8,8,1440.890055,-362.5119283,-496.4488212,3127.155418,9304.65457,10902.43597,1388.402959
13-05-2028,383.0243888,656.9597093,-1027.404949,2326.006737,4,-869.2852859,1753.938201,-552.5379677,1480.56197,3029.345829,6120.680839,1039.179805
14-05-2028,2086.557218,170.5954977,1701.985832,4085.762958,2,954.558292,189.252776,519.7099993,1404.177695,7339.971222,3585.621722,-1695.430897
15-05-2028,0,1942.837857,-3432.557636,455.3877914,2,-788.9514519,9.645186997,-345.5884782,6722.084743,14176.66072,16059.32086,259.742934
16-05-2028,1524.34148,248.7412113,-604.0456018,30309.97062,4,319.7782548,1124.572146,3170.682833,23386.39272,89396.3854,63486.84726,1642.672922
17-05-2028,1519.344443,803.9456248,-169.456341,2231.803065,1,2002.52929,310.7351624,222.9946192,672.9215031,1458.879111,5232.413998,628.587522
18-05-2028,1873.755185,1902.75725,-252.9264751,3364.040239,7,-98.09841731,-261.623666,-239.5018579,466.8508482,2957.725163,4081.570836,-3456.848168
19-05-2028,0,0,-212.8219443,2399.392886,1,1991.639948,783.5832437,188.2594615,938.5309392,1771.067186,5809.595247,319.8112448
20-05-2028,1469.675849,167.7188379,-1007.910044,804.5061206,3,484.4372616,-1112.857818,-28.54425492,693.2886712,6935.253941,6701.721271,328.9647504
21-05-2028,0,554.454084,-726.7633508,1065.078034,2,-520.3520909,-333.8692937,-151.1943288,150.9908543,568.7953103,2941.629471,-1084.753441
22-05-2028,778.6211623,393.0440284,651.7131873,944.209581,3,-712.8835727,-243.8419723,23.39458627,2167.340245,10240.7756,6022.999395,1452.402323
23-05-2028,902.4529754,214.5875944,-227.6212867,3130.900725,3,-274.6439371,1009.72266,144.2375956,1884.910764,6992.847296,5606.991362,-429.6238187
24-05-2028,873.579708,1396.593134,-425.8675263,3194.589139,3,3043.057092,-274.4660091,222.2871969,1104.706878,2470.429083,1220.279127,3215.644278
25-05-2028,208.1949458,3413.802427,-3064.274377,434.7286217,5,-10760.86885,-633.4500247,-169.0465272,6066.755337,15048.41501,14385.4897,3114.248658
26-05-2028,0,830.7269038,-341.9363281,965.5996065,2,31.75947959,788.6003834,96.0201751,150.9908543,473.5695361,3466.414805,-1379.551411
27-05-2028,0,729.1270746,-946.6493209,0.8,3,676.1384663,1580.491768,-117.8530026,1047.398696,9736.597849,8576.911182,1667.432564
28-05-2028,5355.326965,5231.135697,14.74446929,6813.459678,6,1041.550009,-614.0012045,707.162527,2830.782694,15587.9954,11800.26596,-658.5532405
29-05-2028,31.0935136,907.5537096,-844.8668948,2502.155541,4,-82.994796,1277.874309,-173.4578253,6382.548171,13179.95592,16269.51729,409.8582158
30-05-2028,27.31601051,2099.399058,-917.4280745,752.9695467,6,-544.7704252,15.05765694,-53.9159774,1659.672055,8737.185222,10567.76973,-365.4087932
31-05-2028,3719.429365,3299.980059,259.5706185,6842.581859,4,605.7356444,-2341.652774,875.854628,2104.416311,10263.70382,3290.254428,-5625.860897
01-06-2028,0,10885.29105,-11390.39237,1128.057651,6,11065.51543,-388.2019553,179.5382054,6880.501862,13872.97163,18345.77442,-11.65577624
02-06-2028,3536.405606,0,2526.609143,3696.455157,2,-2769.515521,2184.831729,-38.99564957,5617.967898,13766.29819,15110.47355,662.9110205
03-06-2028,1223.876881,1646.643033,628.5109525,5868.260289,2,-179.3568006,2034.974245,-4452.316354,11934.15199,8366.171935,37978.31953,-788.8283122
04-06-2028,2665.158355,2560.021593,2857.817561,8686.660869,3,1547.36913,2565.910228,625.0039657,1411.758358,6085.944816,4292.108379,649.9911708
05-06-2028,590.8076674,59.41083277,107.0481781,962.2113851,1,1199.263231,2667.669695,-122.1465741,3077.224459,9567.470295,10700.11311,-3320.373547
06-06-2028,4090.895685,3863.843086,738.014347,7139.150908,4,335.1220599,-1879.953297,852.2858313,1848.530146,12301.17776,4063.013386,-5297.987571
07-06-2028,0,23.74267476,109.0868015,1250.161543,1,-916.1245971,-880.6931927,18.48314886,150.9908543,2195.022644,745,-37.79827014
08-06-2028,859.9744664,5634.89436,-4772.022917,5451.017429,5,-2841.479251,799.0508131,-621.9751753,4068.780973,9649.636508,13117.65492,696.5859783
09-06-2028,3704.246667,4122.029396,791.5130909,8951.028818,4,231.6578323,-2595.119679,1066.768133,1965.271511,12482.41404,5353.828249,-5849.424587
10-06-2028,46720,635.9852225,45720,58180.8,4,-12651.98631,2761.033855,7706.732068,18638.18679,95331,40470.76069,-28614.01399
11-06-2028,179.810392,717.0618832,-36.20421778,492.2977543,1,-827.4448524,228.9978402,-381.0861335,150.9908543,1729.245463,3567.477881,343.8674223
12-06-2028,19926.73717,724.8234638,19886.05866,23843.02677,3,-389.2260995,-2878.855926,3617.944128,7633.500684,20705.92656,942.9520935,-358.125125
13-06-2028,850.9542567,285.7204311,780.1950436,3166.475569,2,1115.487286,916.3406915,217.1318331,1507.053839,6853.799654,6027.221288,-418.9415114
14-06-2028,479.0646717,2488.132931,-982.9350335,921.4810875,2,-963.5377983,848.4213161,-240.1462869,882.0470288,8777.09571,11141.82272,794.8589892
15-06-2028,1180.275375,3089.715249,-1716.450015,4346.488364,3,718.559544,-3836.28435,-3665.754619,10804.4945,10690.9475,34252.89009,-6078.681177
16-06-2028,2143.802824,31877.36337,-29781,6777.175718,9,717.8485734,169.3824644,-4274.819239,12054.41892,9935.163929,39384.76011,1199.871817
17-06-2028,0,0,858.7790441,3019.852186,1,-1279.315312,-1560.520288,193.3408282,740.3102498,1827.169584,3068.022771,-523.4547974
18-06-2028,625.7924109,0,121.0578817,432.7297438,6,-3757.607891,1090.536636,-687.825519,1998.108584,10329.62799,14300.52778,-381.8118996
19-06-2028,604.1365474,1128.219356,1153.783827,4898.119752,3,5991.402016,148.9196179,670.2551427,2279.422742,9298.221601,2448.756247,-572.1396165
20-06-2028,454.9623043,526.0283796,265.735017,2328.657229,4,-201.8209882,-2178.919581,-196.3806457,150.9908543,2354.223877,3282.251575,397.4116361
21-06-2028,0,275.7994268,100.8648263,3470.743548,3,587.0248659,709.0218242,246.897531,929.8790072,2908.884217,1113.131373,10952.11779
22-06-2028,493.0641567,1907.960382,-1892.674911,2328.321889,5,2089.606494,987.8623882,475.8831873,604.8649586,6995.35433,3548.837922,-399.7633
23-06-2028,764.0881793,1681.419596,-300.7085319,2347.783788,7,-10641.57591,798.8440313,418.9182991,6499.229067,20326.20064,17274.51258,-368.4817376
24-06-2028,0,218.4310002,-833.2844682,1203.005526,3,582.8088541,1788.884094,-235.1783373,794.567696,11175.52971,8009.914905,2208.653794
25-06-2028,858.0294642,0,-671.2210953,4392.572719,1,767.8323599,-795.82526,-293.6917665,371.4854101,2947.382006,4816.890755,479.4685978
26-06-2028,935.2882561,0,1333.408554,1312.943883,2,-6009.160921,-580.8524249,-12.00629963,1777.212154,3576.302233,8746.597411,-549.3220517
27-06-2028,420.8899068,0,957.5007027,1689.249252,2,-1921.818967,-1810.278591,77.33079554,2412.26661,13685.93966,8690.273919,-638.3773415
28-06-2028,380.5823,1012.117301,-224.9751036,0.8,6,-981.6992502,-674.9848021,-86.54687976,357.650468,7226.715359,11595.21154,-359.4854133
29-06-2028,236.8232662,543.3304767,83.4720557,377.0527815,4,1206.542461,1344.872456,-15.03749276,150.9908543,9647.106664,10729.51003,2255.057651
30-06-2028,464.3200934,616.1846252,-453.294585,127.6884481,3,-70.92251076,908.2784566,73.51037716,701.8588205,9513.192796,9755.140239,-268.069214
01-07-2028,0,524.1905245,-158.492761,23865.32094,2,157.116356,3686.597124,2778.321161,7962.219183,41819.56224,20151.78326,-1059.848713
02-07-2028,268.4210567,11121.82716,-11509.8538,3104.091516,6,12024.47806,-89.37038084,403.5521201,6568.456298,17403.57563,14112.07997,-785.6111915
03-07-2028,0,79.46951352,149.5591126,2732.03027,2,-3091.272129,-1551.20201,-389.7856009,150.9908543,4787.177928,3711.501742,731.8508732
04-07-2028,2005.826211,929.4228521,1317.970814,30206.57051,3,-448.6854201,-1108.366465,3552.233028,23502.00514,87288.68396,63274.09766,2707.112206
05-07-2028,0,175.3454572,-585.8530078,0.8,3,-252.724303,-29781,-539.1968877,1938.364359,13901.5459,16696.50331,1901.415604
06-07-2028,648.3995476,23.00479088,-300.4223811,6359.009685,4,1677.745208,-379.7244688,447.8292,1273.846663,3010.748409,4139.277071,-4329.397808
07-07-2028,1069.151901,41.83038674,-591.1528531,2204.278134,2,-618.791407,349.9204747,-553.2541743,2079.64207,1774.51617,6510.134692,2539.903562
08-07-2028,1438.777132,27.3852212,1286.337455,16799.23017,1,-55.33277194,-182.9082453,-715.3215108,1716.088603,2937.552896,10388.79306,-337.3546967
09-07-2028,208.1003286,1808.539673,-571.7109113,0.8,4,-988.0815108,-713.1623529,-146.7201933,684.9366919,8189.827879,10119.26254,678.384384
10-07-2028,70.58418017,28753.15834,-27654.02579,29608.85999,4,45720,-1663.806417,3771.225645,22794.70197,95331,66839.27683,339.029284
11-07-2028,10890.37658,0,12026.33243,13868.94823,5,1057.317003,-34.25010945,1821.10894,4637.618275,22768.22455,9348.083127,-11518.16249
12-07-2028,6374.639933,14125.48048,-6320.781681,0.8,4,-900.2204324,1002.707021,-4929.713852,11774.48471,15740.77667,50609.37963,-249.9519881
13-07-2028,921.0554856,697.2894128,782.3568302,599.0461011,5,-215.4758382,-11690.90166,-287.2748002,150.9908543,2507.65318,5226.597127,1884.437079
14-07-2028,1141.499666,1453.786592,133.0641368,1445.964899,5,-403.2178459,-11472.69234,-224.2428744,150.9908543,3380.237837,5518.17095,2277.850223
15-07-2028,2272.920509,0,2509.320262,6735.732091,2,1255.710113,-1990.109356,-355.0935905,3460.972874,10573.34426,12911.34504,368.0672383
16-07-2028,881.9897655,106.5906711,-932.6783674,3990.387279,7,21.15746412,-860.4482759,222.4074265,265.8419605,7091.897744,10129.31795,-415.1751343
17-07-2028,230.2947089,0,406.7951971,2149.672447,3,2387.279657,1464.944235,-659.6115606,1720.341482,11568.66359,18606.46407,474.8861201
18-07-2028,32896.90345,30174.81331,401.8020235,1465.768077,5,-1077.077111,-257.9166152,-200.3601557,890.8742652,37650.13786,37857.8791,-0.851311824
19-07-2028,6160.887575,5892.816379,1301.731339,4039.724636,6,2008.177377,-5451.464504,-265.3408171,3482.030024,10706.24555,13948.51479,-458.6617462
20-07-2028,2700.951813,628.6147381,2594.411264,4398.708936,5,895.9427427,854.9751429,285.8355837,1169.49021,9406.980044,5156.610062,-695.0728258
21-07-2028,0,318.7906558,-571.63858,22981.56983,2,431.3361776,2916.225948,2676.758236,7392.462069,38917.70054,22775.00442,-1369.012295
22-07-2028,145.2966684,181.7042217,-532.2478898,470.1339238,1,-101.3331742,-172.3724623,233.4027129,513.6373833,4134.475826,1920.845519,-194.2202298
23-07-2028,1182.317664,4234.613917,-3047.920551,10190.13788,6,2620.291419,2078.969829,867.9984489,1589.292461,10737.8716,7668.877757,-5228.863183
24-07-2028,0,439.3826081,197.3909287,17768.40862,3,2249.362356,-802.1308471,-658.77409,1002.925582,2932.126368,4740.399486,-5696.463723
25-07-2028,228.2050296,566.4604538,-73.51827622,792.9979089,4,100.5330931,-2811.009022,214.0736988,240.416493,3868.462017,1043.101521,2.286113355
26-07-2028,739.4925794,1369.946673,-649.6400337,1544.044385,4,354.8359843,1404.861154,-16.90218402,6588.087347,17559.28587,17795.54509,-363.8860952
27-07-2028,534.6541327,0,688.8269643,1653.689297,3,-554.2881626,-323.8779926,-191.6345095,1599.018574,5456.563138,8353.32824,2518.646035
28-07-2028,13.76849137,199.1276629,230.2680761,1390.550826,1,-1164.751154,2015.566318,-457.4495871,1355.399622,2637.933152,6726.248494,-336.5844719
29-07-2028,1311.220153,31932,-29781,6041.984271,9,630.186248,1293.380269,-4234.968558,10977.98479,9416.542834,40313.82996,533.8842976
30-07-2028,151.1287717,744.5811617,228.7676427,3208.189973,3,577.1131034,1010.50821,88.84871849,1747.658316,5312.499372,4791.318014,517.2679543
31-07-2028,1585.254279,858.8119436,1365.084554,591.2773112,5,-659.1109683,-186.4874809,-41.67008614,954.7149929,6317.991813,7416.501454,566.5322127
01-08-2028,398.9791985,0,451.4990966,32941.82141,3,1111.764705,45720,-3404.155232,10204.53408,5457.873798,29400.43435,1601.364986
02-08-2028,1279.378451,0,393.0363638,2296.156939,4,-1144.893582,268.0429783,96.83402413,1056.345669,5361.04636,7153.632811,-350.264417
03-08-2028,0,443.8395884,-118.8216197,22388.18752,1,-379.4859799,491.5669828,-558.0564269,150.9908543,300,2745.091835,517.4580147
04-08-2028,0,30.7490156,615.1119668,925.8429434,4,94.11396636,-1621.019392,266.3134436,150.9908543,3260.128425,2111.666389,67.13400445
05-08-2028,685.8755945,437.5093388,590.8756452,0.8,5,-121.4377511,-331.0811568,-444.0610361,1088.592917,5098.115345,7858.857167,-1246.515056
06-08-2028,1508.36123,2499.679059,-688.9960857,0.8,10,-432.613579,-2786.458693,158.5127001,1304.222194,7465.604713,6046.221045,956.0423743
07-08-2028,1527.256626,0,762.7817817,260.1660908,1,745.0467172,-1919.665723,405.5030855,747.4085504,7256.807494,4338.319774,2394.657745
08-08-2028,45926.21068,1695.564374,45720,57545.40825,4,-12459.38594,3306.910134,7735.714286,18510.56466,94950.93633,40704.03687,-28476.53492
09-08-2028,730.6497911,398.2349563,160.4895841,5991.800368,4,1799.145261,376.5576847,389.2867965,1019.113959,8765.758089,3835.300108,-4132.93067
10-08-2028,0,0,-272.9041933,2897.510147,2,1761.304603,1939.209029,-206.4765338,901.9895342,3967.984465,3295.26626,22.90628158
11-08-2028,433.7540869,1338.96622,34.13034225,0.8,5,567.5270513,-186.3017078,-140.5887347,649.2926863,300,3238.237963,190.838326
12-08-2028,0,0,-349.5783967,1848.779776,2,1434.505288,-1228.511009,68.39952729,2059.074323,4619.347874,4571.335931,222.6347473
13-08-2028,0,412.7496618,-421.0124385,3394.497988,3,722.2040121,355.1301632,-267.3549442,480.3393148,1114.071275,2378.657983,-882.9901958
14-08-2028,821.3829744,361.7483015,698.6822399,0.8,3,-263.1386362,108.377998,-1133.751668,2850.788507,9200.950692,14139.02959,1934.666171
15-08-2028,15.32503891,1350.021466,-416.0373225,4249.540026,3,-109.9086582,1454.115139,-398.5509464,603.4238428,3306.555491,5416.980248,-1253.19683
16-08-2028,410.9650889,812.8984199,-535.167531,20327.89651,8,-463.056081,681.6807443,-265.4841906,150.9908543,300,1327.84094,-556.1339251
17-08-2028,19879.36899,0,20171.55501,23251.64547,3,-463.8476769,-2388.907389,3407.155677,7070.854531,25820.83781,2358.713849,-178.2042889
18-08-2028,0,187.2379895,33.81324113,2874.567421,3,312.5610959,698.0454444,307.841924,1577.849836,9936.716444,2577.57843,10500.331
19-08-2028,3059.346087,0,2735.453701,2681.773501,2,-1819.092979,2478.518375,59.83574456,5155.778484,15413.59384,13446.93149,-410.4070656
20-08-2028,0,235.3009942,-481.5377011,15302.54721,2,-1028.617623,-201.7963619,-837.4412518,1350.989328,300,7418.28919,172.2132691
21-08-2028,471.7763519,774.9973172,427.2494026,17256.46598,3,1715.346215,-229.5407747,-871.2630319,2108.232812,3747.265486,5382.293868,-5999.84446
22-08-2028,611.8813698,1258.774383,-972.3657973,1218.554194,4,-369.9989747,1087.877005,0.43867472,5965.616196,16720.34742,16494.36922,-472.3442307
23-08-2028,51.4580832,377.342956,-296.9476208,21163.1153,1,-204.3402733,111.8506762,-226.6786406,537.1518108,300,1312.563525,1.320574091
24-08-2028,0,5999.196875,-5324.252652,5563.999704,5,-4205.973159,887.5220403,-388.1768295,3275.01904,9319.286996,12894.07784,1362.998236
25-08-2028,1385.52327,0,973.2967431,14334.29709,2,1220.930731,-405.1170585,-218.2867481,3020.540783,4999.087609,6633.355453,-1532.548103
26-08-2028,419.7107525,587.4736775,-13.95598106,362.9328068,6,510.1630715,1257.255049,-705.1530143,1524.777311,3788.420925,8861.457265,835.8423077
27-08-2028,1408.003783,113.4243339,296.6594806,3909.452604,2,1246.277225,-960.482325,342.0503906,443.8167548,3118.154229,4515.402449,-465.8949959
28-08-2028,673.4511369,218.4461981,-820.8507894,7341.993671,2,-817.0720467,1778.191301,187.2865288,617.5636692,5610.637685,5051.135508,729.9861548
29-08-2028,11684.3624,212.9729488,11538.56031,13051.62499,5,1850.421518,295.3396527,1958.974275,4909.445948,20765.98455,8897.712651,-11100.38469
30-08-2028,0,344.6712421,-351.3619749,30286.59316,4,-1110.321435,1096.088356,3269.122909,22395.82121,88498.37375,65782.59198,1495.372747
31-08-2028,574.5624871,960.7120269,70.0538458,4421.182559,4,2368.73451,499.7884663,784.6006104,1527.618292,8280.271114,5875.959929,841.834164
01-09-2028,0,0,-571.7456514,956.821141,1,-758.9420741,-1166.828651,114.0726677,663.3097034,38706.50501,40714.13136,630.2080701
02-09-2028,1579.488822,0,1222.008838,6111.533508,4,467.9923787,-1275.302132,719.6774935,959.9946008,7651.573221,1910.682871,1023.934573
03-09-2028,32859.89554,31043.49881,709.0749146,674.8083253,5,-759.2133767,-195.9167614,-384.980374,1015.896535,36546.05792,36969.61124,373.7158879
04-09-2028,1085.042912,122.7446389,2104.445939,5516.942862,2,151.923109,956.385096,371.9219766,453.3647442,6351.737213,3803.377367,-2096.633006
05-09-2028,0,566.4107399,-8.372495565,6637.947189,2,722.2605774,-648.8052473,550.7744286,2794.844786,7617.825018,1607.909651,-376.8313837
06-09-2028,2084.673206,0,1890.590408,5558.73841,2,70.23386625,1878.550605,394.2992467,403.2921882,6074.569287,2182.232846,-2190.860495
07-09-2028,2380.998689,899.173842,580.125917,8902.864326,3,779.2080798,-1623.878409,534.8974843,1284.334631,5585.287403,4345.406058,2264.185809
08-09-2028,2089.941988,723.4453784,1283.806779,6927.608973,4,-293.8338563,-14.54029678,901.5717637,632.9968914,5561.010581,745,-1047.187645
09-09-2028,504.6064176,5943.357225,-5336.865406,11625.21405,5,514.6911012,-4761.336183,-659.4862371,2337.380473,2339.034467,6107.77895,127.0464511
10-09-2028,108.527811,405.8534015,-801.7957832,3222.164376,4,-141.5550366,-166.1372178,304.6306046,516.3005486,5079.955639,745,-1155.193282
11-09-2028,894.0735401,16.77514895,48.61827854,0.8,2,-6653.751796,1538.966799,-1492.484532,2871.913586,11014.12484,14900.71573,510.2693323
12-09-2028,1597.229177,650.0628053,1494.871602,482.7835588,4,-1135.201725,373.7306486,201.2055984,567.0568553,12100.91709,9321.419163,-1161.776275
13-09-2028,30.55579171,284.748253,-670.6357185,1570.299502,3,1636.567955,1220.304219,43.64220126,774.3949208,9563.197731,8201.13562,2211.071794
14-09-2028,0,671.7817488,-427.226384,1750.978973,1,723.7076528,-421.5292859,-398.1989391,985.9922311,3170.363348,5528.796448,1151.195053
15-09-2028,0,1542.096478,-1175.447906,2290.201543,3,706.2706044,1811.403502,128.0697742,1671.258885,3576.022052,4964.373797,-921.0449708
16-09-2028,1228.238702,0,760.9282403,4389.160547,4,-1013.156208,-154.9129559,-269.8251275,1640.732728,5363.4262,8471.358553,-4035.971117
17-09-2028,7644.993495,11734.72746,-5134.27284,44.5057327,4,-1580.930876,995.1180626,-4998.142857,10824.58083,15946.06449,51327.1532,-376.0765828
18-09-2028,0,0,736.1003605,3449.853087,1,-4225.649737,1889.656431,-351.927948,1979.998304,5189.728573,5813.581924,1333.546889
19-09-2028,253.7949229,86.76701869,572.1820522,1447.999216,3,-1198.17126,823.0874653,-1067.992424,2880.562135,3958.337999,13182.05881,-315.5477724
20-09-2028,2335.463237,533.3067376,-480.1423361,4726.179002,4,2422.305984,-581.2694274,804.757626,551.696933,9338.280109,7328.855655,2434.807841
21-09-2028,10.08101518,244.972006,734.8364641,5485.005024,3,5434.497877,390.4093511,-1218.205342,5858.65643,11013.02732,20829.31394,-222.5377755
22-09-2028,1356.424615,671.798313,240.4805338,338.7498771,6,-273.6945329,1936.448171,-130.1047762,1318.039174,7563.254159,7677.416392,-2774.721515
23-09-2028,1311.208804,1387.692589,877.0650925,735.3018602,10,-738.0245116,-361.3982999,-17.09399836,527.9299424,9062.21575,9855.860413,92.17020109
24-09-2028,183.4409484,416.6521691,153.114129,2692.010866,4,-304.0335196,-1185.10143,-482.7932101,692.7906159,4913.440587,3566.440312,465.1866034
25-09-2028,4234.495106,0,4163.586816,4390.187043,4,-183.8982981,-220.9780551,-764.7146425,4901.11867,10982.24146,16233.94133,-4788.441965
26-09-2028,46477.38613,915.824589,45720,57306.22557,4,-12206.65118,2941.098005,7735.714286,18995.70514,93715.32817,39413.77879,-28357.27152
27-09-2028,21173.65942,673.6378048,19929.00961,22342.40291,3,221.8064581,-2406.480848,3414.20751,7244.860452,23168.18362,745,-47.56038943
28-09-2028,569.2226268,456.5794098,-941.4882988,274.7621683,2,-4.083348677,702.6091077,-292.1908109,550.6662688,1846.52001,1243.787886,1690.428953
29-09-2028,1666.164362,471.1693509,1924.682406,35953.26359,4,583.3054015,-28095.18469,922.2598106,847.2187046,7985.180685,2356.717163,1762.579965
30-09-2028,0,266.6732277,22.06523106,2713.364394,3,1709.652034,332.9812759,-677.4808431,2653.264305,11634.92485,14417.25893,-357.9054779
01-10-2028,2059.745076,490.4655862,2400.542826,3711.901328,5,784.597146,1089.709097,-260.8272627,2148.702551,7065.269426,9283.092791,-2710.489617
02-10-2028,5049.781282,0,5120.606276,5049.669982,4,-124.1676805,-473.3921603,-869.6421868,5228.421955,9757.108766,16064.94776,-4326.208581
03-10-2028,1529.000371,130.0440802,903.9881149,38720.96373,4,308.9873731,-28296.71207,694.3919471,447.3524091,8703.887767,2625.417634,1163.318653
04-10-2028,522.6798111,2139.555427,-2027.344674,3774.434215,5,1597.294268,471.9502275,173.8881727,1523.272731,6411.425393,4322.000954,-426.0637144
05-10-2028,2418.485955,616.5289853,1895.515184,5121.601985,5,762.5044053,380.8321644,567.3765137,1095.777941,8588.605753,3495.880124,1600.560559
06-10-2028,391.5971473,581.0126876,25.91195379,1205.698039,5,-35.72201914,55.07771928,-34.1217741,2819.183653,7146.917054,6519.57194,617.3660848
07-10-2028,0,0,-237.8975422,2640.827855,4,-250.5297654,-68.47440311,486.3646247,553.7992926,6645.95344,745,-2018.688726
08-10-2028,25.85386779,513.6667785,370.8755595,1717.681729,4,-1218.950502,34.11530318,48.0267824,1297.418237,7078.759452,6540.747091,-553.1385581
09-10-2028,2374.690231,0,1606.095077,3374.838526,2,699.4869781,-114.7956417,403.3648035,2154.932523,5611.40506,958.0150812,466.9178147
10-10-2028,0,0,-846.4390291,4580.473064,4,2606.942116,-3.574711452,533.5530948,1364.320655,9816.763222,6367.261477,2043.149453
11-10-2028,585.002226,90.77802309,176.887765,1008.401594,4,-1028.994386,653.1777149,-229.3440169,827.2771177,6951.300338,10098.11024,1163.830565
12-10-2028,0,499.957311,-279.5963596,1820.57554,2,669.1839389,-203.7936375,114.2591219,277.3360235,2856.244432,745,-1382.054672
13-10-2028,976.1685945,1588.26679,-6.117205279,5087.097574,6,-310.7871714,-697.2864037,-241.396896,189.3336289,6150.643018,10464.62438,48.53003988
14-10-2028,12.45123514,208.3354582,-514.8826603,3467.464097,1,1628.806548,-297.4966329,-639.3578819,2616.310461,6517.696292,8141.142394,696.8304049
15-10-2028,1082.444574,498.2645524,660.4789998,3871.744617,2,224.7669647,268.3031131,145.83627,697.7763641,5819.625747,3164.34807,1720.617954
16-10-2028,5356.343234,4540.407408,515.0733221,3419.743996,8,174.1700774,-244.6659068,8.245452151,766.3562937,7467.713449,7908.698089,-1070.368986
17-10-2028,6731.052246,4393.153742,1684.24366,1860.038846,8,130.4091312,366.1816486,-71.03641996,409.4464987,9828.084077,9334.299534,-600.8926709
18-10-2028,1985.972666,532.4096851,2622.65101,4459.945448,5,775.804776,1215.5757,-243.2884421,2396.723691,6932.048223,9131.012499,-3694.047269
19-10-2028,0,0,-778.4938915,2924.699144,2,1981.113015,3184.026753,113.6122982,1006.408627,4140.93508,2965.286494,-1279.288938
20-10-2028,216.6810861,130.5494662,430.2282782,4057.02142,4,514.5205672,213.6593568,157.978288,580.7451358,9597.32892,6797.790358,455.5609701
21-10-2028,15.30388961,0.055599475,-878.1752982,6889.972096,3,1763.540978,153.9527374,259.3603139,1496.112126,9557.157273,5600.703226,303.156745
22-10-2028,267.8701974,1375.007639,-584.031457,14.55283782,4,338.3383245,-876.862283,-443.7861505,1129.760396,4147.814335,8965.123721,1933.720849
23-10-2028,470.9048333,1569.549314,-1610.019522,0.8,2,99.95067074,298.0376578,-35.3263442,1080.801366,37222.72845,39113.6854,837.0946937
24-10-2028,0,204.6700527,-29.85813088,1432.097162,2,126.3980455,1067.185825,141.1899835,812.4184823,5954.901921,1206.59804,847.1675397
25-10-2028,567.3779628,1098.097945,-826.6035505,2904.134161,4,105.4545988,368.5014121,-49.73517038,6831.288542,18427.41135,16362.98408,-387.4796289
26-10-2028,0,1197.914881,-562.5510779,1407.225078,4,-2174.874904,1549.526691,-489.6610352,1096.262234,1272.2257,6132.511878,-99.13794228
27-10-2028,2342.491551,14871.97202,-12295.2442,13427.08507,7,18994.78257,514.393868,1541.3173,9802.539773,51641.66195,41317.63407,45493.39062
28-10-2028,2260.94142,669.5662962,1318.785993,6356.696341,4,382.9010661,-648.1525124,1132.968609,921.4735133,6415.95628,745,-1364.756862
29-10-2028,0,0,-124.0940568,942.1831883,2,213.3609881,-10538.30283,-427.8562072,1460.753965,3291.448544,6552.852426,92.82924695
30-10-2028,0,2246.142494,-2614.009473,0.8,1,-596.7925632,-832.4218923,-541.8320351,174.092195,2339.795618,7364.837995,-751.8598737
31-10-2028,1024.630322,6360.982972,-6013.183579,319.502737,6,578.9781629,1231.578346,-1072.757211,3272.434461,8019.861919,18871.36085,358.4010455
01-11-2028,995.6577097,0,1435.254708,17274.25061,1,-529.9254962,-94.16572861,-780.5589247,2314.598619,2893.09817,7290.200215,203.0654399
02-11-2028,941.6456113,1340.931036,-280.2787382,1501.069449,7,7.899087579,-907.7418347,202.1236492,6975.737706,19855.36325,17692.32823,-1269.024053
03-11-2028,141.9195198,43.06229355,-715.7215036,3045.588065,6,-87.22336182,-1076.91554,-199.9968369,563.3723823,9062.738692,9239.819436,-98.15920664
04-11-2028,88.77291666,295.5626318,226.4457965,6016.733114,4,1486.281998,16.61989204,275.2172254,742.9125512,3600.687377,1950.829361,-5383.960831
05-11-2028,2275.00933,930.5336638,3462.583088,3005.757462,2,-2335.099424,2464.686017,128.8340223,5793.467959,16425.30221,13812.18888,-1284.867523
06-11-2028,0,1143.591755,-1175.510662,1379.043155,3,192.4903517,1132.939142,-109.211705,463.2201307,905.125121,2931.208584,803.7550091
07-11-2028,520.9449451,738.1599778,-1402.398464,370.0638274,7,-316.8758166,344.3714892,-197.8884964,7106.519023,15933.29851,14230.97958,337.6080994
08-11-2028,64.87636784,1015.838508,-329.9263626,21148.52424,8,239.6729792,684.0405569,-346.538023,673.1671502,300,3532.734275,-75.76472972
09-11-2028,1888.371462,0,-461.7354383,4725.395188,3,-895.6078041,269.616471,324.0552829,856.6543584,3601.21785,2154.777646,10322.96703
10-11-2028,3096.588271,3870.0584,-654.0747494,477.5343759,5,188.0657425,595.3839577,-111.1770305,1738.373834,39767.58954,39894.35452,-601.7244536
11-11-2028,687.9409213,101.3804959,568.3480561,1030.804573,3,-288.8434688,629.1418315,-151.7437723,1900.383913,4711.49439,5684.40257,1898.106222
12-11-2028,0,266.7639128,-417.1845388,1159.490314,1,-3797.080792,1451.462133,-82.53875803,1863.127424,2883.7265,5915.026409,1225.478997
13-11-2028,93.08858465,433.9806149,-469.5821397,21261.41573,2,242.0227063,49.54010457,-452.7233443,342.4290724,3558.99895,4350.763495,-638.7440641
14-11-2028,658.7347149,0,1680.893076,310.879507,2,209.0098148,-345.8369601,112.6953152,1886.007932,8854.091059,4636.737681,-571.0495297
15-11-2028,6498.396163,5629.360386,896.6838549,3124.065282,6,1983.105189,-5143.264101,-303.696702,3126.765293,8808.841667,11802.23044,-650.0272916
16-11-2028,1816.259702,0,2388.87203,11494.1823,3,1122.921483,615.7461436,813.7506763,1510.740455,11253.555,3271.829183,2290.685268
17-11-2028,0,1374.430793,-587.6367733,3628.681173,3,200.8584277,320.6973271,-221.400267,496.6228662,4045.325135,5572.088632,-984.7743363
18-11-2028,0,0,507.3917651,2061.692936,3,2744.54693,-425.3142203,110.0810615,1295.372586,3070.477486,4751.854303,19946.63827
19-11-2028,19123.39359,20082.34479,297.2788265,23071.96492,5,19393.34354,730.7317838,3382.881303,7892.772112,44025.61682,19149.25445,622.2293768
20-11-2028,1182.377479,263.9942141,1669.890432,7588.452441,3,82.16355853,-2051.638287,627.8837716,150.9908543,6821.070552,4166.666919,2845.351103
21-11-2028,0,1206.355247,-81.35492967,0.8,2,900.0128352,2510.011404,-1963.028224,2591.731528,3505.704178,19652.44714,1912.410314
22-11-2028,1130.443403,981.6409112,-182.8911533,1159.12763,3,-207.4915198,375.260609,-1047.001103,2825.444478,6362.642887,12782.46408,-147.4909145
23-11-2028,2813.247354,2337.416109,141.0368615,2198.363412,2,1121.142232,-228.1002955,-178.1871212,1052.961432,39444.95792,42021.83148,-1932.833545
24-11-2028,718.8954635,6378.628096,-5810.198254,0.8,6,567.6995998,-53.4875302,-1121.106596,3092.105552,10420.6505,17682.97361,-82.78387502
25-11-2028,414.6631457,332.5849111,68.91927478,2760.475073,4,-410.1009736,-255.2156319,377.7156823,630.1460553,5703.669157,5194.731096,182.6020328
26-11-2028,32.0352066,1125.955577,-431.5092341,51.47076159,7,-488.7192527,1058.578721,-330.5896653,902.3944037,4279.369585,2870.846695,844.337636
27-11-2028,1277.237845,235.3881172,1184.683328,6410.430128,4,705.784361,-999.8972639,847.8222731,1266.577732,7494.945739,1824.209714,1978.340252
28-11-2028,512.4153476,2801.894179,-1842.628808,1393.229032,3,917.0945154,1182.930311,11.2343239,1210.194078,8437.804126,3651.583122,5177.237582
29-11-2028,406.2368785,469.0635948,178.1983493,5257.270367,4,657.6257945,555.9470076,378.8438213,812.2523484,6643.110897,4314.571952,-4846.874824
30-11-2028,608.4384717,593.9358875,110.5608724,5009.293132,4,765.9527276,-501.8466604,34.2268141,1738.456594,4974.21579,5402.462683,-4985.048726
01-12-2028,0,128.8097984,-852.0226167,748.5919998,2,-1008.540625,-6015.992769,339.4602093,1500.724399,12429.16123,7204.833423,-1120.613461
02-12-2028,474.436905,0,620.6585564,2491.814803,1,498.8674949,2794.615232,-286.7771456,2927.2493,7467.66804,9998.6794,-2044.439856
03-12-2028,0,24.51872298,114.9473604,2955.50102,2,638.5874146,-809.2568751,225.9555051,2045.359528,6824.094115,3981.283132,-455.4526489
04-12-2028,954.4818766,0,952.3193571,2469.859253,2,-5233.963511,-256.0674082,-400.175277,2108.404581,3878.040369,7871.657472,152.3813371
05-12-2028,1240.195642,8138.756016,-7438.093222,544.2444613,5,656.4212349,526.6436982,-76.18325121,3174.170794,7876.373162,8931.090405,1797.788471
06-12-2028,502.4487165,462.9682166,669.2751753,907.0829272,6,-1886.4852,-2548.947765,3.616926623,1418.363953,36989.94389,36823.89726,302.0028594
07-12-2028,724.2004339,336.5246965,-171.2262682,4994.880711,3,4363.955216,220.4729859,-1273.030053,5830.262549,12334.89191,22280.34695,278.094802
08-12-2028,149.272858,1505.049578,-1709.970422,1041.04183,4,589.5163988,1941.562816,51.53305156,6445.315366,13887.54497,17049.58809,-82.61351085
09-12-2028,0,0,-41.83627861,34961.61349,3,1020.830839,45720,-3472.011278,11112.41074,3532.563977,31167.21265,845.0408215
10-12-2028,537.0693396,4977.555052,-5313.224384,505.5921227,4,189.7589216,-136.7939849,-335.1788927,2119.248579,6181.547514,5586.512924,583.6695056
11-12-2028,868.6543645,596.7276133,422.5200027,7935.613607,4,2590.712105,-36.4702835,983.0378968,320.5941061,7889.124541,1604.372649,-6379.09413
12-12-2028,247.1111696,234.695666,89.42614494,7807.711207,3,-98.29268316,126.8347882,605.2369852,2976.880595,9714.648049,3156.470869,27.52203161
13-12-2028,0,0,-464.4364123,590.3895276,7,-593.4390479,1272.094364,-310.976616,6393.150656,17666.63555,17586.86432,-72.05597942
14-12-2028,1492.032691,73.71162177,1258.108238,3582.585497,4,722.4663853,146.8994012,-435.3120405,1953.475968,7212.173106,11109.26293,-4368.686268
15-12-2028,173.8607692,1042.061873,-989.6095144,2242.042453,3,250.7325665,638.4441764,-180.5220336,771.0356068,2699.32299,5482.566615,20.94162508
16-12-2028,720.4387885,675.3032416,769.7583641,1774.38001,2,-505.6230125,-2047.534445,-126.5656869,1035.453771,300,4235.075913,257.2624408
17-12-2028,570.2667714,1032.54684,238.8475794,7399.852787,2,49.37170536,2110.379791,-4327.369591,11657.91833,9827.283598,40305.35145,-1626.3855
18-12-2028,3135.055761,72.05217589,1994.354168,36597.81911,3,-198.8013012,-525.0114994,1180.884908,707.5633739,9965.832843,1114.378682,-4197.465332
19-12-2028,0,181.5454535,-295.1674812,2643.603773,4,-2482.915623,-63.91145861,43.11844897,1226.736759,7255.894292,5774.901072,-271.2110627
20-12-2028,3207.103557,0,3665.535371,4453.15362,5,521.8898248,2698.288061,130.9139771,1715.191211,2624.58962,5930.852798,189.6774955
21-12-2028,0,0,-299.6588843,15723.86092,1,-888.9959671,-1382.192248,-1078.910883,1168.428987,300,7430.711262,1944.541838
22-12-2028,194.8472833,995.6507378,-99.34389171,21121.43263,6,-96.13110785,545.8751119,-131.5982365,611.7712085,1958.507245,4893.715386,-4343.148618
23-12-2028,1612.680381,0,1614.555769,1494.536179,6,-3776.335505,256.2953071,-97.02550393,2676.865099,6769.696651,7321.434014,-1564.074479
24-12-2028,449.4149504,0,541.777615,17634.4217,3,1684.324905,369.9638268,-696.1686047,2484.913011,1336.266014,6679.446609,-5894.732789
25-12-2028,468.7212507,479.5487228,524.5993321,6545.073612,1,-5527.177026,-694.7260777,-402.3028905,1709.953854,11656.83901,12568.24278,-5296.922917
26-12-2028,5662.767644,736.7972674,4606.61831,6114.156354,5,-2253.939294,1827.461613,683.8093026,2865.761431,9640.108882,6804.808242,1553.878816
27-12-2028,679.3041773,0,-410.9849307,6903.470544,2,85.76676536,458.501083,601.4278193,2261.257386,10709.8511,3825.716449,-373.934328
28-12-2028,975.961016,3748.943469,-3217.313861,590.2082889,4,863.1101695,-446.5393892,-904.4020652,2429.689085,6142.434447,11245.45633,176.3483277
29-12-2028,0,631.6668759,119.2601345,5036.699841,3,-522.3524494,-189.5545728,472.3036286,1474.303173,6222.200734,2725.867632,1314.902135
30-12-2028,1267.616939,1655.52714,-914.6066114,1107.563851,2,-1247.854281,864.9249983,-43.37992867,596.0163356,8288.316882,9294.095056,597.4510295
31-12-2028,1469.859876,0,576.0967407,1950.293714,5,8.934605289,-275.958686,34.53311229,791.3869489,5182.266446,7971.335221,-61.37675907
01-01-2029,465.6952004,1197.777531,-523.1791524,6278.599582,3,857.413698,-215.3306419,292.8175898,1474.982265,6557.228055,4032.897838,299.1233971
02-01-2029,0,613.2649488,-807.525126,513.9812659,2,-170.9908307,1240.287161,187.9411894,803.2927306,4167.480477,4482.413418,1549.932294
03-01-2029,0,406.7631342,-855.9007843,17582.21939,4,-5096.170739,-824.3727297,-865.789393,1266.515606,3141.71927,6568.427701,-1039.934614
04-01-2029,306.4934131,1354.455583,-537.639169,2353.1337,3,-1195.836517,3172.659834,-158.507987,176.3258729,3191.501386,1705.084397,-12.70559834
05-01-2029,3596.622656,274.1539456,3239.859738,3291.19919,3,436.0715906,254.8661041,400.8932333,1274.972797,5948.383251,745,-1314.399764
06-01-2029,1545.58522,1391.353077,1104.137894,2297.266108,4,-837.1734751,-715.9069276,196.5236319,708.1661088,10410.41909,10912.27569,-439.6985831
07-01-2029,5811.239423,5254.400517,1797.552306,2220.71843,8,101.4895566,745.8189783,-158.7356698,1205.0112,7644.218795,6364.587522,-124.8811667
08-01-2029,1612.589224,693.5824249,730.8172513,4120.203589,6,-5396.957341,-382.7244713,63.3914962,3627.748233,7332.31213,8675.191066,-1027.711795
09-01-2029,0,0,158.9761351,4908.300304,2,2394.769639,-5823.473762,629.0876364,919.0907187,5951.35133,4186.581305,1943.68529
10-01-2029,1479.669696,607.1635881,436.4774343,1589.32601,6,-1404.517389,-1232.974437,102.3942548,1249.714375,39067.52424,37796.59963,208.6825636
11-01-2029,0,0,-796.698566,0.8,1,-3447.081286,1807.155075,-201.4152002,1861.87161,5080.637213,5723.518776,943.3902407
12-01-2029,3165.404951,744.9746284,2444.890936,5872.639198,5,808.3701767,231.4982449,453.1164762,689.7302182,9622.389554,8211.192627,-757.3389999
13-01-2029,678.8771322,322.0911174,420.3578681,1367.675929,5,576.5277082,158.9983293,-242.2400491,1132.588035,4324.215222,6795.370514,-452.4724015
14-01-2029,305.2244133,0,70.07103091,1667.336992,2,-426.6168298,1538.328104,-120.3530792,256.4942913,300,2463.116978,-161.825056
15-01-2029,1350.363759,875.3598384,257.5299618,8742.337867,2,-1044.724065,1600.70884,271.8307866,1505.762383,4487.855058,6343.093146,392.8960168
16-01-2029,0,113.1498663,-375.5092049,2372.761699,2,1255.106099,-647.9258891,52.75609729,1922.092607,5321.686363,2710.856514,561.6539843
17-01-2029,128.8243669,0,1097.322499,33536.68481,3,529.5775678,45509.20194,-3388.875417,11618.01157,6893.481597,31665.80624,1452.703598
18-01-2029,1495.052423,186.764591,-19.17694686,5869.027869,1,1394.191548,91.54781738,1078.27527,1137.539588,8589.172043,2915.284004,534.7974507
19-01-2029,0,537.9487377,783.0225607,32808.67512,3,-3347.995176,882.3350795,799.2194893,1810.362965,7894.48591,9652.240731,1314.486012
20-01-2029,227.0650824,529.514924,-1564.708649,2208.579571,2,-791.5772913,339.3871877,-25.64310506,488.8763523,2864.25216,4598.498704,-2457.520521
21-01-2029,826.9380714,53.71020123,772.6049493,2633.841617,2,1152.697407,754.5948951,135.4468858,1998.311247,5188.317228,5014.277348,-652.3724068
22-01-2029,1765.917189,1358.411242,459.4553105,4657.226157,6,-1029.753378,5138.094072,-287.1112175,729.641402,9393.857827,6375.045033,-821.5962021
23-01-2029,950.2176276,856.1791651,-650.0808592,2342.074862,3,-416.822805,1407.965617,266.7253433,1752.39154,6293.99201,4808.973298,193.6141706
24-01-2029,754.6150653,93.9581459,-97.95004077,0.8,2,1083.586843,2283.234133,-1458.045219,2996.766545,3532.942882,16749.36458,-467.1230999
25-01-2029,1029.449292,0,1638.883241,5425.044274,3,6034.273472,500.6576613,444.5470048,3146.01047,9543.146474,6247.488127,-70.78472425
26-01-2029,4122.576336,3842.015775,680.1076483,7490.430768,6,3312.601786,-310.028448,872.2416609,1475.236271,12385.1585,5998.732036,-193.4413893
27-01-2029,988.270527,700.9906541,1426.364492,1238.13539,4,-615.1375208,-6647.438726,154.0399423,1105.352861,4411.31214,5049.055668,972.5769993
28-01-2029,197.212152,2189.072357,-1721.929691,0.8,2,-212.0397509,341.4256156,-539.9814597,1363.668176,32638.29864,38750.50472,320.2602294
29-01-2029,1194.800061,637.988934,410.7487928,222.0574844,5,-1022.47339,-70.70391221,-196.1024171,358.5546677,2733.318948,2422.937279,422.8618809
30-01-2029,1771.433572,190.9410565,96.30978793,5555.229835,6,-618.7275285,-13.96383833,-219.0211151,249.2903755,9207.824069,8678.046368,-159.3220287
31-01-2029,396.0549233,0,876.185917,2735.761279,3,1256.78132,-299.9036081,-635.4780256,2314.394187,9507.651149,16043.73514,501.1978573
01-02-2029,0,536.112149,-861.3956485,14903.15347,4,-4405.921698,-161.0475464,-638.3706741,1085.765009,3048.689336,6255.989047,-1414.101934
02-02-2029,0,779.2943203,-1122.853552,1770.576589,1,2259.615979,-1879.154528,-200.6648011,1413.160103,10563.65608,6821.038472,-80.4446406
03-02-2029,60.30249862,685.9579884,-177.0971076,9648.465232,3,834.2956049,-897.3242482,452.3846236,786.4593645,7622.880955,3944.500513,-120.3551324
04-02-2029,0,1052.360886,-892.3502808,1609.333932,1,2335.456383,-659.7118979,-182.8378192,1029.220057,5425.74582,5626.317807,-816.6831847
05-02-2029,1840.204403,0,1448.736719,7108.213347,3,6993.436813,-935.5012977,643.8349055,2147.826067,9405.415169,6231.917037,-651.014407
06-02-2029,129.9478623,105.549988,91.09355627,8517.446224,3,84.91736444,-147.484729,667.1202871,3181.261125,9617.517003,3532.699415,1992.049798
07-02-2029,710.9258035,0,1092.907334,786.409332,1,-618.876342,-325.6075037,-23.83822982,926.8353197,42006.15928,40962.3828,-242.3578522
08-02-2029,0,693.7653347,-654.3545069,2003.320703,3,-188.4119965,1372.915445,-406.5127593,1768.089032,4951.919544,6725.528418,97.06399252
09-02-2029,1619.348405,0,903.990534,1778.360208,1,1302.318436,-843.8819216,312.2692973,1875.610574,6896.459402,5576.362241,1909.572484
10-02-2029,6387.836928,579.8726615,5265.280839,5948.543306,5,-4885.951205,1863.649216,-1156.401667,6564.375453,13044.86936,22505.43038,-325.5422785
11-02-2029,0,0,71.79993079,3272.358333,5,415.1216927,22.68186048,588.4700328,651.0619267,9024.187152,6576.728039,-160.6951742
12-02-2029,1349.364518,638.2775999,626.4199121,380.680281,5,-21.06702091,-11295.98025,-234.6198451,566.3441017,3824.904684,6551.735458,1312.318988
13-02-2029,0.39144297,933.543465,-419.5442616,14828.23718,2,-952.1455815,-820.5470817,-934.0779919,1282.189541,300,8274.310569,-217.5886274
14-02-2029,0,120.4007679,402.3490358,2106.079414,4,-1099.686361,162.4044555,-170.199686,1576.05369,3363.851007,4086.687476,425.4109628
15-02-2029,1300.913961,518.6440037,1385.709368,9077.717934,3,6819.523039,-443.6186993,493.9758178,2608.35092,6723.235267,3365.097807,331.258308
16-02-2029,489.2928816,6597.438073,-5929.336724,2033.17107,6,243.4794804,721.4832609,-1327.500172,3398.124808,9956.712114,18256.23292,675.3176042
17-02-2029,230.1502293,392.5510824,712.0190854,610.5256446,4,339.8844141,180.3442997,-57.89482489,452.2439989,4344.649689,1782.256272,3389.877107
18-02-2029,919.8459441,1671.608186,-1552.916726,353.4572352,4,1659.310803,-484.230947,-411.9420381,2372.437668,7760.583988,8667.206017,675.423498
19-02-2029,31856.07661,31058.92034,1375.622022,561.9303088,5,-748.2605693,-624.9946096,-346.6862256,457.0338819,37093.44169,37217.79579,787.0824245
20-02-2029,0,1229.951243,536.7207061,2651.810899,3,82.76291467,861.0458835,114.0809678,2422.782321,2454.541043,1756.258079,-384.2423053
21-02-2029,1735.756269,105.6082181,2608.479444,743.5520683,6,-4459.011068,-324.4133944,150.7025904,1538.229292,8609.417067,7626.030464,-1303.337804
22-02-2029,1861.607276,2202.185146,-1088.467088,2046.36103,7,413.1178447,-212.891602,-231.1640737,1319.375819,4697.884041,3266.128261,-2628.338003
23-02-2029,1272.961553,650.1642215,838.706335,1753.645296,5,285.2643006,-34.31829423,-277.8766438,844.7473418,9634.674352,7903.518428,1194.084954
24-02-2029,210.9056798,99.15674388,-288.735889,16978.20961,4,-5104.472362,-229.9402132,-818.1066257,1879.998777,300,7285.900809,-908.2703178
25-02-2029,1175.70723,3767.249779,-2866.891734,0.8,3,-1236.287278,-693.6792553,-207.7832998,1468.399043,4671.672886,6066.975184,-148.7853523
26-02-2029,903.9833416,815.8993299,-608.1108525,4106.458056,7,-11255.59051,1851.139645,266.2174612,6164.874236,16617.8057,16089.08392,567.1834469
27-02-2029,0,70.93255974,138.0840568,5677.649695,3,598.8191099,234.1255327,741.5490883,2389.697474,8988.613589,4807.965499,-24.29606163
28-02-2029,254.1902111,10214.4073,-9541.076143,1988.936454,4,9762.360367,-498.4435012,458.2090854,5910.921121,13039.07703,6225.582138,-2252.317142
01-03-2029,0,159.785265,-618.9909126,1832.210579,1,1899.596087,150.0080652,269.4552511,760.722539,4598.238332,2105.593305,421.5279847
02-03-2029,1931.123656,864.2894377,-21.67466017,29421.28309,4,-229.4456508,1873.858037,3248.585739,23502.00514,88237.17507,66541.78323,883.7590948
03-03-2029,553.6859664,977.9279561,499.8456677,2579.615454,2,40.11343983,694.152388,344.1205826,373.3417994,4253.891938,2251.507038,-146.2020157
04-03-2029,1134.404471,612.59638,4.419241969,14400.1239,2,-386.3599725,-241.7748529,-834.1257454,1670.121932,300,6338.795357,-266.5664222
05-03-2029,23.63832934,205.5409321,153.8622499,0.8,1,1817.762179,64.1828047,-477.5436023,150.9908543,2720.139554,3178.801661,173.8674046
06-03-2029,424.8212509,1844.999011,528.7954239,4039.246141,6,-561.7294881,-65.72681237,-236.956214,541.2752699,8697.04349,11305.00504,610.6496438
07-03-2029,1168.110996,505.5488175,-299.9653363,1188.204493,5,263.7475331,-79.80932816,-269.9410175,2250.155489,6917.225316,7193.789161,1355.384739
08-03-2029,1632.19233,0,1848.774662,9626.191394,5,-243.7132693,-156.2883879,666.7355042,2348.70999,9367.501848,3379.037735,1432.230047
09-03-2029,362.0684484,1765.807092,-1593.3191,6346.007197,3,984.3459693,169.3146943,821.0159727,1477.084503,11412.06134,6327.334083,20295.6168
10-03-2029,830.7388146,3851.927403,-3567.927141,197.8482287,4,1397.285954,901.4506382,-855.8583382,2509.294789,6974.280346,12797.88027,-214.34028
11-03-2029,893.5903128,5660.829156,-5620.295708,3927.685009,5,-3480.330039,1719.727841,-436.0140652,2774.764033,8649.975416,8187.161791,1619.931513
12-03-2029,0,4915.228464,-5160.835706,11306.47161,5,561.1628487,-4729.107816,-686.2608685,2779.190868,3660.095733,6903.197501,539.9362254
13-03-2029,6511.765653,632.8902362,5827.177988,6804.500901,5,-2846.850069,1029.854725,351.9448888,2367.485799,9047.747666,4528.189885,270.701423
14-03-2029,20200.40373,0,20403.615,23086.32107,3,-114.5535112,-2592.863141,3294.675754,7586.662234,23688.36386,745,-830.9321592
15-03-2029,721.6818945,16.04839935,-38.49393767,156.6663166,4,-475.3991759,2212.792983,-103.2316876,625.0559917,7918.108448,5224.508736,1128.780217
16-03-2029,0,512.4042663,-7.099058151,23310.77622,1,251.0311515,149.205403,-242.5331833,241.8599074,398.5528357,2695.005797,268.7558476
17-03-2029,1674.9978,651.525089,1122.012491,8729.360153,3,36.45296209,-1945.380779,629.1402938,825.8790692,8198.369385,3965.525808,2397.720423
18-03-2029,0,0,-670.0837795,19972.89517,1,275.6001159,713.7496276,-205.915633,762.036538,865.3913858,3499.055572,-293.2357135
19-03-2029,1398.556071,626.0192375,-642.1214919,2770.298179,4,-165.3382569,141.088657,-294.2744091,749.5066028,1984.564022,2745.445215,1137.660214
20-03-2029,1045.07304,3627.950199,-3372.975044,10906.98041,6,2462.863078,1364.017616,708.5906335,1219.653137,8965.374594,4396.196717,-5620.095581
21-03-2029,1543.707716,196.361163,1188.144432,6946.383102,3,647.9847464,-1697.084509,427.0700313,1234.737766,9126.420576,5897.286825,2455.137703
22-03-2029,1896.635384,570.6219973,2308.827574,2487.800272,5,-917.3747157,160.6476629,-6.892781138,1685.392474,10660.38425,11027.54828,11018.16532
23-03-2029,1414.702649,331.7372916,1387.000095,911.8677424,5,-862.5492205,916.9615712,250.6924959,1331.684641,9639.041511,6483.819355,11251.96911
24-03-2029,1414.401064,0,1554.497692,6621.081903,2,-4867.529316,-1796.713317,-299.8011655,3404.510952,11203.08585,12518.53624,-6460.746256
25-03-2029,11835.27115,0,9481.44243,15550.73518,3,101.5813114,-578.0109004,1522.95833,3062.288996,15120.00428,2927.594679,-10818.73915
26-03-2029,1113.056085,13023.6618,-11222.81681,400.352294,4,-2965.006557,187.2031975,-2480.099211,5036.760808,5147.375082,24789.56055,294.0408774
27-03-2029,1823.57913,883.3580156,645.5307298,1118.473729,5,-436.6522462,-11154.30862,-164.8038007,645.4061046,5203.923164,7234.400672,1544.035185
28-03-2029,1787.999185,358.5795091,1934.755003,4025.987752,2,-61.83186704,-653.3708972,771.6208101,469.1977798,1784.178261,3219.358855,1348.954648
29-03-2029,1148.02316,587.7643303,1365.647289,526.0984582,2,-2406.544545,997.8417568,-550.0223648,2397.933343,3629.62226,11158.1043,-1609.220346
30-03-2029,623.1700247,0,-26.59223486,5067.842286,1,1428.073913,1311.026551,55.25099008,1610.6049,5265.940649,4746.505183,-661.1180028
31-03-2029,1034.315479,12435.27036,-12182.97099,863.5737144,4,-1974.584203,150.3323397,-2127.793542,4598.384797,6109.560079,21721.64126,885.1006554
01-04-2029,379.6722746,0,1466.810886,4391.872378,1,1777.459576,805.0150527,30.8110824,1088.486288,6840.826007,3892.635443,-959.1010945
02-04-2029,2259.826494,16224.58662,-13060.71433,13939.48604,7,19366.24347,696.1630197,1586.647498,8407.111088,51555.35701,40754.17652,45720
03-04-2029,6352.522391,5049.918256,680.6005166,2732.824536,6,1822.048764,-5167.56839,-261.217567,2401.104148,9752.765652,11830.19945,-204.4790961
04-04-2029,4457.059122,3756.857224,985.3031052,7812.900601,6,1859.6158,140.3315096,1170.771196,1231.96959,12892.54566,5417.6169,-546.2338447
05-04-2029,1886.524639,0,1019.393445,4100.612599,3,162.2407288,53.29838913,404.273566,336.3548241,3151.359811,2959.817472,177.535312
06-04-2029,1216.185071,523.9992884,819.4278181,33087.29646,3,-4211.169631,1976.273938,434.6570069,1817.492963,8704.147336,7926.294138,1402.136997
07-04-2029,914.7741299,1563.628515,395.8036955,2959.594971,5,460.3283371,-422.8008387,73.04215449,1425.497027,1909.464231,5876.385526,111.6012045
08-04-2029,720.4478515,0,-241.6386178,4037.986358,2,1759.422827,2695.87508,5.398252817,1120.411625,1866.87324,745,-870.0064902
09-04-2029,641.0728149,400.619779,-309.6611608,629.9175986,2,-684.6458115,-1502.455777,-172.1248143,265.2135289,1510.541966,7174.775177,900.9530434
10-04-2029,208.4914698,196.4856905,-129.5839524,178.4344839,2,-280.9182248,11506.85501,-1984.299384,4364.326131,300,17925.46411,-45.63742227
11-04-2029,0,0,-63.56980189,4929.862847,1,17.85567435,1269.533501,513.136732,1434.348596,5591.390133,2366.704494,693.5210546
12-04-2029,881.8166497,491.077964,1386.283571,10314.3085,3,477.103286,-1262.275439,484.1068769,851.2714004,8819.673197,3999.69384,2221.209261
13-04-2029,344.6081433,988.7999103,-262.2118163,1152.848721,7,-12076.42095,479.436645,305.3319967,6619.478874,19416.06082,17383.14958,504.7434104
14-04-2029,604.7517455,0,757.6686747,8659.771681,1,-4780.964951,-785.3720667,-248.7441523,2482.813896,8542.952003,10885.18344,-6406.019618
15-04-2029,663.1063449,12518.25227,-11755.47521,275.4107074,4,-2141.248639,297.6361888,-2382.806159,4874.20158,5241.196166,21605.69367,-540.3799982
16-04-2029,820.4683051,442.3077745,760.7732599,3867.465424,2,1001.983913,-276.9014139,-56.21851085,1000.858938,8295.110654,3227.92444,779.9658953
17-04-2029,621.8029225,517.0150854,-249.9021134,2556.405203,6,920.8926285,1483.821879,-164.5222081,1453.19839,4951.401993,7505.141906,-1578.718699
18-04-2029,5167.926108,3849.557275,342.3987486,1517.381393,6,480.1989553,-329.5277235,-170.2243983,1988.107545,8108.656822,9876.805062,448.226326
19-04-2029,0,329.5486303,-905.6903628,26.06296407,3,-537.8133308,-810.9230916,-209.8386805,150.9908543,300,993.1134006,1309.400575
20-04-2029,370.2149889,2022.319886,-1286.093003,1654.172819,4,-1274.518664,2393.672759,-371.5658652,691.2580024,1412.757279,4040.782122,470.9707552
21-04-2029,3145.979945,0,3751.117689,5196.72474,4,-623.2750851,-506.4175989,681.4758614,2130.101596,6680.615822,3873.107669,2020.629841
22-04-2029,181.9283003,5621.573007,-4971.239655,11586.67198,5,1309.896379,-4537.825684,-858.1997584,1696.85982,2002.110693,8531.042746,655.5063061
23-04-2029,6141.643573,4989.375949,1327.551917,1970.98544,8,393.9675413,-489.2042705,-20.42967997,628.8930145,10865.90053,9712.11155,-910.3156019
24-04-2029,1266.148227,936.6458393,1157.597252,198.9762923,5,-178.759331,-764.3020301,-112.4287178,150.9908543,300,3526.148216,472.9188154
25-04-2029,1466.424886,0,791.5515388,34290.78748,3,-4374.184388,1076.452461,504.7103891,2014.390514,10337.39184,6383.59586,785.6366288
26-04-2029,1226.327111,761.1440714,-486.356834,1107.827132,5,-1015.637708,-11077.66676,-371.6457948,353.3131114,5107.969266,5245.20851,2208.144289
27-04-2029,0,19.42366406,-1114.179542,1715.162073,2,-710.6109959,-6130.666354,343.8523197,364.5656771,9546.486791,6441.268945,-1105.352233
28-04-2029,4361.545456,218.5468029,3081.189433,4106.178626,5,1115.8902,395.9656545,550.2333435,1507.997979,11654.11538,5083.679064,-953.6346903
29-04-2029,2223.319412,1170.615768,674.6495078,1964.718807,3,-1430.041873,-1366.7579,119.2915986,1086.18951,11864.31624,10951.38807,-1061.019969
30-04-2029,1579.600531,13.3565079,957.0349913,2360.867029,3,474.3397519,1810.152663,-757.5970827,2625.503216,11741.64532,17730.83696,-17.09828487
01-05-2029,624.5347107,208.0697777,-794.9988789,20989.73799,8,267.5755856,-89.3736015,-168.452314,150.9908543,4366.792686,2749.836914,-207.1061768
02-05-2029,20271.50965,19669.78568,-178.7460292,23639.20122,5,20560.8893,1860.786002,3280.601173,7179.477986,44668.20263,20301.92154,-987.4024555
03-05-2029,235.1216058,0,-268.524772,15693.45943,2,-243.3471347,-131.3805998,-1029.798202,1153.424759,4881.166295,6336.391546,154.9707774
04-05-2029,978.2871352,155.5896474,16.80992369,1597.553459,4,-65.63786256,1261.631241,-240.0769473,1349.980402,814.3288533,7924.956495,-220.5031257
05-05-2029,528.003719,1201.376436,-472.937466,0.8,6,-3498.310688,-376.2003083,-987.1420559,3467.568088,9239.332658,13372.44946,767.3295973
06-05-2029,2058.183576,25.41760631,1973.62337,32951.14376,2,1632.931511,18302.59797,1219.366501,22316.63719,54407.45751,46650.83618,251.5665618
07-05-2029,334.0636803,456.993084,208.6140324,203.0207382,5,1806.841662,-56.92943125,-55.15398473,1289.367899,6907.896143,7143.071737,1071.544136
08-05-2029,1055.311083,719.5138711,-740.8886356,1090.327265,2,829.9354073,1450.649304,-315.6222311,1565.205937,7509.337022,11384.33642,301.0950129
09-05-2029,0,711.6910727,-1210.297647,3361.697175,3,-100.0418211,593.5312125,-321.8117369,669.6696138,3008.330376,5324.582242,-448.1171645
10-05-2029,0,2525.501569,-831.6563136,5734.260827,3,1784.48354,280.7877247,795.7832273,946.9658194,10346.72886,5465.924555,-245.5501681
11-05-2029,0,1068.784641,-660.5066996,1407.69459,4,751.5763817,496.6703161,-389.0824102,1199.566453,1476.903329,7949.753619,1471.587984
12-05-2029,0,2880.628033,-2572.476913,150.8902687,5,-10517.93344,-11.13273403,-15.1239904,6239.804431,14886.55533,13705.00242,3416.350427
13-05-2029,56.82451066,853.2656433,-1119.066396,0.8,4,762.2535567,-874.7110654,-413.2944031,159.820794,3415.904621,9354.638837,1805.456625
14-05-2029,524.7797837,129.0103867,220.2980589,985.2544014,2,-6000.334211,853.3665164,-1316.025003,4116.478703,9202.756554,16810.1433,190.0270155
15-05-2029,0,256.1078667,-138.1128806,22222.58664,8,61.36632447,-294.1325248,-175.172909,806.7100096,300,1741.248509,-908.6481515
16-05-2029,85.07840381,1977.695346,-1883.374474,5256.352518,3,1757.394894,142.1134819,946.7254494,1099.872167,10055.93166,3957.154101,66.95573044
17-05-2029,32.85198189,2305.813888,-2909.010516,0.8,1,-267.3143576,-18.48424655,-718.2547555,1293.186427,3142.087214,5794.808642,45.14062965
18-05-2029,314.3488095,0,334.8668833,5048.600982,4,-778.7587974,-10905.58403,608.0801147,4083.503809,11689.61271,6627.222148,560.4390523
19-05-2029,135.4055409,777.2533087,515.6289803,0.8,5,-547.3332125,-225.025129,-262.8970682,150.9908543,3759.062296,994.7042521,-114.3256988
20-05-2029,509.2340801,684.8462796,-96.68471634,3037.111005,4,-1991.114883,558.4224903,-21.81005834,1604.906703,6790.417426,7154.686325,427.1127921
21-05-2029,929.3394639,365.6422679,109.5672554,0.8,4,952.5778324,1372.479308,-25.48258488,850.3812418,6425.9422,11378.52375,-11.2628273
22-05-2029,873.3410666,786.1052704,-9.194522348,21221.25195,6,-254.4534068,244.4875014,-308.1620148,150.9908543,1990.851901,2045.866923,-4746.924634
23-05-2029,505.4662281,18.98651556,-151.2155175,4050.303966,1,-1314.799873,1050.376947,545.7433604,586.0645734,5925.039786,3180.743514,-283.8694681
24-05-2029,3642.726832,53.11097372,2080.746524,34405.34762,1,1930.386608,18502.54591,1127.944508,22754.28308,53764.66303,45479.8109,-51.8142591
25-05-2029,399.684294,1364.684342,-1291.820731,759.7182457,6,1515.864736,-1193.862767,-110.6948987,498.3722099,7924.21072,9460.061229,1418.741026
26-05-2029,33.3790494,239.9302794,-1145.118433,7097.687216,2,750.8761885,-347.1356424,490.1945842,2953.643076,6876.660955,4755.485225,-98.44722369
27-05-2029,19.41804627,1421.450446,-434.3508084,13444.01428,2,2481.99166,-542.3561133,110.4380609,1625.156378,5524.796688,6505.503586,-2373.913394
28-05-2029,1.183692317,806.4085425,-907.2542617,21790.95812,2,389.9494854,3279.928035,2869.935263,7732.333468,39456.68614,22250.61292,-818.1842258
29-05-2029,1349.671025,346.7200307,270.8662417,1172.16943,3,-835.7529886,-1422.596052,-351.8231401,2071.682008,6968.466916,8426.06097,2228.04859
30-05-2029,304.8298705,745.7160341,-216.8096363,462.7707228,5,-258.649441,-724.3779109,5.489127708,1209.757598,1580.20651,1554.455546,762.0095762
31-05-2029,39.4198199,1653.158287,-517.7437044,1615.179086,3,74.1919504,610.1310319,117.6168371,1182.711417,8229.469005,7200.906353,-68.43391489
01-06-2029,695.3801467,362.3026495,268.5442106,2933.249755,3,448.6603061,377.3484911,300.8269609,1070.58031,6115.540373,2805.017248,10197.95243
02-06-2029,750.6312712,945.4536946,-1361.20697,0.8,8,1296.935383,-2366.599093,1.210986415,479.2344117,5133.779119,7911.389875,1461.701048
03-06-2029,0,385.6356134,884.579234,4316.121717,3,5209.643645,-384.8982931,-1380.775959,5631.500433,12708.28681,21530.70034,-295.2356757
04-06-2029,2227.708407,0,1372.281596,4972.954706,2,427.3070214,-360.3601459,266.0508566,1255.127864,6955.305554,1832.8016,534.7045177
05-06-2029,108.095593,0,621.0526103,1730.182159,1,-146.553338,-209.047264,321.7538477,775.8253297,1434.185577,874.3412812,276.1250686
06-06-2029,1238.300804,390.1802089,35.7547448,2162.351919,3,-11529.78765,-5187.903547,-1407.671567,4103.162577,7004.581023,18886.10053,3775.623444
07-06-2029,39.82062339,327.9076191,-514.0802606,964.7342644,3,766.2840517,82.10493363,-468.3724603,2702.415294,4107.568522,7730.125925,-16.79930044
08-06-2029,889.6625093,626.2461892,273.8998045,2854.406775,3,-144.3344728,448.5770735,90.68454622,1304.187809,1987.640182,745,-597.5537438
09-06-2029,1150.249329,0,-1435.662669,2877.166458,3,3495.147889,538.591296,-4.434611663,6844.156384,15196.05561,14997.42473,-2700.476576
10-06-2029,308.8474978,109.6068827,-206.2260141,7256.83602,2,238.0747432,632.8857015,717.3458514,2910.635116,11085.53899,4111.844777,975.6842809
11-06-2029,613.3256702,12.83725748,159.7538063,29225.52501,4,-231.3365077,1769.083252,3189.618591,23415.88559,86115.00889,66595.16904,285.5219723
12-06-2029,662.4074427,1726.42292,-913.7930945,0.8,3,-865.8411184,191.0697623,-281.4569159,150.9908543,995.8246158,1159.406097,-196.3318056
13-06-2029,2569.528524,0,3448.258196,2889.483911,5,-47.17946443,1067.309321,83.06871726,673.0387294,4620.363855,7789.680845,-631.9093218
14-06-2029,2711.383182,275.96777,1534.987537,36760.50359,4,478.035506,-26997.80145,966.5180508,517.7643769,9228.803552,1593.601381,1877.689977
15-06-2029,1442.318298,1471.334729,507.3245387,0.8,7,-2143.196589,70.57134156,-457.0901705,890.7874693,4974.104654,2230.861873,490.7460979
16-06-2029,10474.02454,1080.382169,9510.232474,12791.43971,3,-92.56457374,-897.9827166,1867.57346,4527.248889,14919.56972,940.9024628,-9796.70394
17-06-2029,0,1004.803016,-428.625083,25321.82194,2,769.7448848,3424.502187,2574.39561,7354.750358,38912.73943,21725.28018,-10.58359032
18-06-2029,1294.317081,5782.284217,-4836.304985,5733.304532,5,-4555.016109,1487.781557,-671.0187053,2900.654703,7899.444311,12514.69733,960.3681324
19-06-2029,705.5782589,735.6228107,397.5064906,15642.19867,2,2124.308718,-267.4560887,-330.285071,2328.199402,5113.687498,5756.42227,-2028.257981
20-06-2029,396.6475495,253.6303064,547.316508,34258.16671,3,534.0874625,45720,-3260.354946,10349.32574,5467.784095,28830.73302,423.5628937
21-06-2029,368.8314641,540.0002221,-846.6918866,29247.30242,2,-27813.24048,3163.429205,3351.047314,23336.52317,92790.24156,68111,-212.795888
22-06-2029,0,676.375781,-427.834881,1550.154328,5,1082.576418,-288.0857014,-116.1138337,2561.912993,8543.890475,8785.534369,-428.057646
23-06-2029,856.7144463,593.184414,-109.9844489,1912.525724,5,-504.6610938,140.1710544,-294.9120309,1209.243347,2056.043434,3719.41057,-5.219725657
24-06-2029,907.4557081,517.4345336,311.4420032,1441.960417,5,405.1394735,321.4603419,-253.3325938,1266.134694,3824.695864,6038.91772,647.4449384
25-06-2029,837.7282145,569.4510843,-542.4998773,2080.694024,1,1373.729167,-544.6317482,-702.3593889,2519.859074,4099.915371,10763.42011,773.4313625
26-06-2029,0,2865.486194,-1628.655695,4318.546395,5,1863.261918,868.8602825,126.5204409,1336.779674,9065.177424,4842.381979,-58.43191119
27-06-2029,0,104.8286054,-481.1719559,2927.511112,2,21.05891046,-9695.281151,-462.739963,1757.152004,4813.314574,6330.824071,233.9394065
28-06-2029,0,0,451.7025141,33348.12691,3,847.8761126,45543.08359,-3395.906541,10940.75727,6405.037664,32875.29197,1532.797404
29-06-2029,0,53.7662537,321.1759259,24307.34209,3,408.9612505,329.8895305,3279.178151,7266.571806,45132.39911,18419.51255,-735.2706686
30-06-2029,942.1373349,79.72025024,-402.9808049,2174.315493,4,-228.9964971,-506.6559341,149.3791813,587.7266675,5042.814838,3891.552139,-3104.468575
01-07-2029,492.8869435,176.2679433,82.44184798,180.8342637,1,-5120.530962,594.1707756,-4920.872362,11206.90188,12513.74651,49091.96805,414.9928337
02-07-2029,1121.363229,12885.68497,-11316.92484,763.789448,4,-1851.918451,-333.6079482,-2246.644263,5374.916156,6372.066017,21862.75349,378.4075818
03-07-2029,745.8753121,0,-293.3946433,0.8,1,-5784.793561,248.6968242,-4998.142857,10999.96245,13044.7625,50620.55742,72.72989203
04-07-2029,344.5527178,232.2784943,347.6124107,923.6647183,4,993.0223405,200.0928268,-141.8501743,245.3323606,2378.022578,823.8556842,-398.9365092
05-07-2029,796.7050355,587.521871,861.6613069,234.3899377,2,-1068.268307,-1008.213572,369.2880893,2141.68413,8288.712234,8261.337639,-208.2013765
06-07-2029,428.4304265,4880.242675,-4111.309888,469.2054066,12,1813.863764,-615.218198,-220.3767359,2646.140596,6258.931763,7852.950915,1822.139856
07-07-2029,0,0,493.4179444,9935.077811,3,149.2938297,-114.3854085,310.0954915,2199.886178,8967.57203,2064.422405,1101.38079
08-07-2029,152.8747847,637.1044027,100.6759149,7376.605643,2,-602.688439,1202.702281,155.4857525,970.827508,4767.505309,7255.035448,688.3321415
09-07-2029,487.365777,72.15309437,651.2050972,556.3812902,4,210.6223405,426.5765136,-286.8796181,937.9703752,300,5077.531256,159.6414399
10-07-2029,0,831.1460067,-422.2562411,580.2953716,2,-388.682044,2344.627829,-175.1582463,395.8634017,349.7976265,4920.574775,-327.2942148
11-07-2029,343.1039087,382.5164217,-656.2076582,1039.351184,1,-5344.542493,814.6549031,-4879.366521,11348.86507,15251.93039,49286.02725,86.01536789
12-07-2029,407.5148882,1248.188155,-437.6167759,2379.897224,3,-318.3067877,1706.764615,-152.7111084,763.5149146,300,2195.40115,-371.9865888
13-07-2029,0,1058.246486,-1590.405461,3379.208852,3,554.7351306,1248.280002,-449.4304332,3060.152184,7867.918653,12196.84665,576.8229515
14-07-2029,168.230567,318.2684599,131.2701434,386.8199864,1,-2479.757334,-177.4328371,-373.1967287,5900.779962,15301.61438,16213.36736,662.4080485
15-07-2029,590.4895945,0,725.8587227,35354.8176,3,566.6538607,45720,-3187.957529,10517.72706,8218.001658,31740.75915,723.6836742
16-07-2029,453.2233714,1177.800016,-1423.051295,2170.753097,3,1290.131224,-401.2653596,808.6725915,1008.664061,14249.57154,6529.732519,18946.55772
17-07-2029,682.0437199,0,1347.518607,1991.962934,3,-1689.418569,703.4834405,-317.6787859,1132.301003,3029.43626,5304.214938,135.8834387
18-07-2029,29.96508823,0,65.77989099,1978.870831,2,2663.5508,2069.56081,116.1933356,613.6147362,4409.93535,2265.212171,-695.2383991
19-07-2029,219.2678993,344.3487792,700.0786762,433.7808598,3,-95.41052293,-29781,-790.1368547,2457.551246,11394.60157,15523.53745,1765.11744
20-07-2029,0,5715.090724,-5315.085451,12079.59336,5,863.6467704,-4658.950033,-1171.230832,2718.888433,3094.258879,7946.763678,309.9128589
21-07-2029,1121.336487,1182.000532,1602.722524,0.8,4,-630.9022176,-6685.972529,-129.4904969,1921.611083,5005.92849,3998.68207,668.3068924
22-07-2029,133.3403984,681.0620438,-707.7060745,3239.172222,4,-964.8427365,1598.205264,-17.24984492,1126.529762,5414.652947,5669.117668,112.0534841
23-07-2029,845.9091832,1515.333161,339.4065311,690.4464131,2,228.1081604,577.5792575,-920.2569884,2622.586905,6862.222421,11103.85036,-646.1779901
24-07-2029,1161.606454,0,1573.360356,8100.303553,3,5904.892425,-501.6670267,794.7124027,2478.286192,10142.68129,4272.597031,-213.900418
25-07-2029,0,748.6604022,-496.4688591,317.0363036,3,763.1069995,1196.399825,-74.33424869,3055.696299,4630.5855,6983.346666,650.0106621
26-07-2029,660.1264716,465.4096963,88.6289873,0.8,1,-902.202931,647.448437,-381.0181796,150.9908543,1184.776199,1862.193102,226.4611688
27-07-2029,1051.332584,220.7759968,-248.6720463,2805.25853,4,-654.6094289,-529.9353228,-412.7962997,398.1165904,2082.891308,4121.765462,-397.1499037
28-07-2029,0,272.9432214,219.0924087,2836.121539,1,-130.6850314,172.8574383,-79.25214498,664.8869061,1205.025663,2120.48391,-475.7255205
29-07-2029,580.5160581,374.5634939,-698.9468005,4548.918464,4,2288.383324,121.9779404,858.625815,718.1251112,9857.569983,6434.951823,1384.844874
30-07-2029,0,170.7897791,-1156.966963,1817.875487,3,40.57524734,1240.90842,-545.3299934,154.0586755,300,7407.412946,7.12054581
31-07-2029,46720,1304.702016,45720,56834.90649,4,-12707.43934,3093.114622,7735.714286,19147.87148,95331,40250.90164,-28048.47017
01-08-2029,0,779.5231157,160.5898545,2649.761488,4,-931.6500342,-1635.582354,-411.6228982,150.9908543,1079.1815,3189.986304,-138.0118458
02-08-2029,1063.971021,3847.424922,-3924.532416,11214.54842,6,3252.886823,2282.462645,547.3224199,2557.372604,13073.2468,7079.182412,-5550.354827
03-08-2029,1920.755071,31932,-29781,6046.915257,9,624.8269056,1239.427471,-3845.87486,11761.99522,6196.437676,36770.65833,1810.901528
04-08-2029,0,151.2335458,223.9477059,2388.670519,4,328.445104,10681.54928,-1753.695826,4485.402192,2870.276517,17619.77278,-1267.001069
05-08-2029,0,0,65.09224183,371.4990436,7,135.2063032,1461.85958,-353.0435543,1007.784916,3266.600494,6778.338812,928.2407584
06-08-2029,276.8717029,4948.356322,-5155.11519,557.6745412,7,-140.3899177,6468.17746,-183.7210002,2088.118517,6418.603345,9131.320066,1200.417134
07-08-2029,0,243.7849979,297.4148944,1770.542348,2,-328.3311148,1221.342713,-408.4263081,150.9908543,300,2450.131606,-286.154871
08-08-2029,249.1508997,971.9290245,-1234.104908,221.5573185,8,884.0917411,-1204.075389,-151.3491846,541.0329795,4007.494967,6154.164192,1513.499563
09-08-2029,467.9194705,129.7455932,-2.498590193,2425.942498,7,-11187.32725,134.8167268,108.8322331,7210.121944,20091.85085,16915.88067,-273.4003023
10-08-2029,36.70932348,0,-117.3460523,3136.648788,4,-1946.501317,425.7466493,157.7272364,1894.612992,9125.515202,6890.132374,-340.3302144
11-08-2029,7629.276546,12865.03437,-5998.599837,1791.996832,4,-472.823409,1673.671499,-4967.87732,11351.93531,13550.736,49981.02356,-267.913163
12-08-2029,1615.947605,151.9267012,1967.087123,4823.974618,2,-374.1158192,-205.035278,542.4702547,1260.814581,4476.332784,1372.604985,-2220.914534
13-08-2029,69.41137946,128.5645197,229.742118,767.7153019,1,-839.6241103,-731.3708745,-289.4110797,1726.747146,42335.86443,38742.81514,708.2739862
14-08-2029,1027.787707,1209.439407,-783.9829119,2071.147242,8,2480.633476,-73.17597006,17.7010213,1364.122258,8315.394655,9020.563029,-910.8106664
15-08-2029,150.3726533,116.4520138,481.2080925,0.8,1,-2833.909117,457.6705651,-209.8084491,5991.048829,12598.86929,16168.63921,-289.9390505
16-08-2029,1695.644799,5442.22915,-3814.475417,33688.88445,3,2005.122229,136.2727974,498.0239164,784.2061337,10662.84359,6585.696935,897.0899334
17-08-2029,997.6334871,906.0930372,-833.6460365,23546.36271,2,254.6743341,3828.109749,2728.44961,8114.440418,42926.06878,20422.4056,-186.8672316
18-08-2029,631.8508034,3134.256016,-1667.6718,11788.76687,5,-36.40232895,1638.211349,-702.4561368,2600.135691,5566.266336,8558.210416,-11856.13759
19-08-2029,0,669.046796,-493.0109855,1099.924481,3,-588.2180973,882.4104224,41.32388681,895.6688364,10247.03392,8743.933885,-129.9196503
20-08-2029,630.1346877,310.6767346,534.74928,206.7852071,6,-409.4782977,1836.363422,-140.8410262,399.2338066,3735.190071,4585.740211,842.9522722
21-08-2029,3144.735643,58.8333024,3534.427438,6171.158918,4,-1134.658002,-630.914809,716.663566,2191.779219,8970.303452,4171.372,1179.9492
22-08-2029,2957.770726,148.8049273,1393.287932,4759.25559,5,372.2890179,1528.669134,-131.7101383,1772.344507,9352.586138,9369.709476,-3782.760295
23-08-2029,3026.678149,0,3770.86512,3504.121342,2,-2576.544264,2819.068656,84.48972388,6769.106708,13842.35031,14870.5905,166.8851633
24-08-2029,815.1695918,397.4663888,808.6236109,34310.4127,3,2266.841986,-12107.36295,3131.879473,22161.77804,53400.44322,32382.17735,269.0365922
25-08-2029,2586.764351,0,2500.351512,3967.168868,3,467.0608735,-49.19406927,713.2778285,1275.007207,4911.850232,1537.698951,-608.0375907
26-08-2029,1138.320441,4181.860793,-2333.262685,526.5541535,3,-465.5896112,-445.5148216,-281.4558216,1278.463543,3911.48269,5390.787266,-453.8177236
27-08-2029,349.5440061,0,845.2802863,4213.932126,1,915.560006,-130.5089187,30.19589372,796.2336041,5249.469875,6280.93175,-138.7607777
28-08-2029,669.4882491,484.5440718,-27.10843465,3399.455651,1,917.7247109,2251.768477,-154.8217146,3222.153604,8000.298643,10090.26613,-1520.772591
29-08-2029,1003.868011,250.8263824,-88.14360351,4467.565326,2,2302.065824,-5866.928216,832.3343478,1355.008465,6117.190033,993.7549676,1488.826244
30-08-2029,0,837.6510941,-490.4472105,3602.813645,4,491.8661483,675.3319387,-186.4024354,716.7746979,6335.89152,8469.306205,231.1715462
31-08-2029,1881.278285,0,1045.152508,6096.080897,3,285.0872712,684.2505561,689.6095988,150.9908543,8941.03193,4246.727392,-1442.688092
01-09-2029,438.6712348,748.6716822,-203.438198,0.8,6,120.9718907,1702.636666,-328.5598829,150.9908543,3687.811639,6946.413064,509.4767435
02-09-2029,793.2188661,1216.172015,-166.2835654,1290.665339,4,-887.4277707,-1409.151591,19.13757045,675.6807761,5558.512509,10130.40632,43.64331842
03-09-2029,252.3298935,543.6842451,-688.4376406,0.8,2,-467.7528751,11858.73244,-2047.036427,4170.844844,3092.860795,15661.87334,-86.49487289
04-09-2029,2384.760955,480.4566969,2497.920988,10031.70097,3,408.5704692,531.2714431,780.3275185,1628.318931,7888.224558,4455.975074,2850.506052
05-09-2029,956.5392874,608.2260311,116.7081038,3260.891612,7,243.2192299,389.1794322,341.9650714,170.6181348,11189.44763,3813.816971,-44.76522584
06-09-2029,0,919.3682533,-1583.887736,1231.352786,4,706.274627,-739.2305887,-384.8551564,1289.887205,7858.655592,5116.789885,1720.385943
07-09-2029,1566.350778,526.2548763,1432.003797,1212.064361,4,-2199.806231,-65.55952984,195.4495745,1744.695024,13366.14331,10078.95265,52.46430631
08-09-2029,2462.007938,373.0895059,2592.590918,1993.732216,5,1243.3501,1671.932073,-38.43415085,2453.507496,7012.943796,7277.004455,-3654.767259
09-09-2029,904.0486988,777.9022805,-41.68870397,2336.17248,3,906.4594977,921.8791244,-762.2310683,2640.930023,13102.51648,18616.29439,842.1207843
10-09-2029,0,599.4376487,-63.79435801,22719.64103,1,395.9868128,298.1773813,3579.549575,7399.820812,43092.17316,20407.73312,-372.1936463
11-09-2029,0,140.0101067,182.4509694,2235.876876,2,-1985.062588,1142.845428,310.5552444,721.0868774,7074.960166,3412.525847,215.0283504
12-09-2029,0,0,-12.64489962,2099.35607,3,1239.546411,-13.29239462,-891.2085261,2207.697133,10512.42588,16725.4391,495.9190153
13-09-2029,1243.783533,57.36538891,-587.109324,759.0950619,5,-416.3851424,-11192.43155,-171.9477792,150.9908543,5812.097606,3374.311715,1265.347648
14-09-2029,2153.750047,3044.874428,-540.7298348,1407.166539,11,-316.4131314,-2524.334829,-133.3410083,1444.996675,4969.953887,7401.191098,665.48234
15-09-2029,1359.958941,656.1087698,-169.2560454,2424.3841,3,-298.3852519,879.0198636,-869.8658278,2900.270569,1670.227863,11763.2729,628.6472615
16-09-2029,1307.947129,0,1371.463515,4032.175704,3,-347.5189707,-1745.037322,134.760753,183.6627868,5544.120932,4465.029775,177.8511195
17-09-2029,1356.85868,0,1670.567993,3548.352419,2,1160.487752,1377.272597,20.25753772,1915.067291,6887.451247,4858.939497,441.2304385
18-09-2029,0,0,-100.2868928,1995.842433,1,-567.2884853,-3327.062871,426.6017042,150.9908543,5894.203349,1883.963381,-82.59525961
19-09-2029,2191.159563,1213.994314,900.5581263,2292.507255,4,-399.2946036,-1812.070682,224.3925419,534.5975971,10781.15596,11094.77492,387.0767433
20-09-2029,247.1852767,106.5560973,309.9946768,3032.00077,1,781.265533,-173.7071055,-170.1084812,837.13245,2849.022614,745,-31.49722247
21-09-2029,902.7001009,0,1562.750289,6590.73703,5,-1155.454665,232.0599662,490.9034127,615.6328937,7698.681478,1035.805512,1402.334062
22-09-2029,0,238.2123447,-858.7064829,7434.537817,2,2145.754244,966.4200073,474.4848263,2189.210346,7367.225573,4207.7397,110.2803357
23-09-2029,436.2325441,0,-119.9574128,3183.736823,1,2638.436749,482.3892283,231.5894977,752.4140671,1717.472516,3511.635144,-209.1136246
24-09-2029,0,10718.08981,-10356.29421,4487.978563,4,10262.40528,266.253964,293.9262897,5202.267382,10936.70644,12608.9606,-2436.487607
25-09-2029,1339.495116,472.5923242,482.3106796,263.7703714,5,-617.2948747,-10636.39769,-305.9980296,150.9908543,6137.922461,6870.021156,754.4980104
26-09-2029,380.9261169,0,555.3023559,1677.549227,3,128.8715553,247.0467963,-677.724886,2320.098758,9369.592416,14854.71377,2917.285324
27-09-2029,0,1203.547802,-223.2680399,0.8,2,374.8414162,848.0244853,-493.6134202,604.8286175,34137.79447,40753.12146,359.0552709
28-09-2029,1222.949655,0,101.9780313,2599.28841,3,534.1777046,665.4860958,-385.8330193,947.9429584,2170.08153,2507.515451,14.32833884
29-09-2029,733.698136,796.8242277,1182.146069,0.8,6,-330.0496211,2275.132682,118.3187555,844.8739466,9131.748318,7740.107766,-745.3194459
30-09-2029,599.0718638,1582.352499,-267.322527,0.8,2,-2040.750318,1600.876819,-114.7602712,1281.825598,10293.9313,8288.403529,551.0161611
01-10-2029,3831.415802,3682.190194,687.8492375,8435.02106,4,-232.5313812,-1595.967431,964.9074855,2369.192556,12268.83424,5377.64359,-5202.924143
02-10-2029,2454.872585,981.3657156,1803.609866,3015.314805,5,-509.7296006,1566.360223,89.58738426,797.2049683,8102.095233,5847.658692,-545.1407854
03-10-2029,469.2077182,0,989.9153171,14238.43337,2,2750.915388,-387.3300465,-233.8857374,1654.047779,7512.262994,7228.659824,-1984.657689
04-10-2029,0,973.6871672,-2134.619685,0.8,3,642.2745988,2080.858621,-104.9381307,1842.141816,300,7059.683159,160.761854
05-10-2029,1075.097886,520.0376468,543.3769902,1717.437238,4,-1209.904528,577.0777022,315.1151486,1662.773248,6296.101439,8753.780798,-493.4819903
06-10-2029,0,0,522.6727708,0.8,1,-821.3798398,-1107.557342,-103.4660805,1144.284442,40215.35392,40295.17361,-526.9375788
07-10-2029,1025.871634,551.0895492,-327.2800629,15420.1058,1,-644.1495838,373.7406903,-877.9335158,1502.076038,555.2602208,7409.242773,1931.949417
08-10-2029,278.1876567,0,52.55704106,408.8037863,6,1122.457884,-547.8554949,-99.64722229,527.7779691,10942.95178,10149.84067,-1276.690867
09-10-2029,258.4536403,1158.657119,-1575.554433,2862.85967,3,1988.958992,-758.7178617,79.76921618,1284.260186,10448.51718,6571.043801,11.42411279
10-10-2029,995.4180553,715.9182732,-562.3179601,3331.577498,6,-108.6687611,-271.0682011,-294.8349626,752.22595,6047.02687,11040.6273,627.1433182
11-10-2029,0,277.0360974,-199.2876635,1051.861691,1,1303.161879,-282.806828,-294.7917838,1369.140559,758.609365,4831.513529,427.958242
12-10-2029,483.4481132,1593.191535,-691.6429164,3822.808043,3,405.7436701,100.6007956,-334.3770062,150.9908543,300,4461.701065,-299.1348767
13-10-2029,1819.369474,1802.2812,-170.1670703,2286.98866,7,78.05200805,-62.20790813,-310.548908,615.8580217,4982.548725,4395.748439,-1989.992218
14-10-2029,2901.541554,4173.929988,-980.6970035,0.8,5,247.086579,731.4591509,-251.8183048,733.0048128,39924.33689,40259.34158,-467.1135743
15-10-2029,3051.620433,818.9561067,3080.690049,2243.088796,5,-694.5994245,1017.800971,85.45096021,1071.727907,2857.765028,6154.796719,-650.7300295
16-10-2029,551.9643765,1092.992231,-772.9310368,5741.648865,3,1898.779877,-591.4651136,859.1932145,1557.614297,12792.6862,6294.393175,18798.14776
17-10-2029,0,1275.881807,-320.6248595,964.7007661,2,102.3125339,-157.1947394,-764.3308088,1992.066709,1770.094596,7763.943574,2199.515558
18-10-2029,838.1450344,1218.694082,-1922.37478,637.8373616,8,49.85420635,-1186.983353,-63.80361227,310.6614134,5345.553212,4208.23065,2144.683839
19-10-2029,1871.058361,1052.669638,-837.4363671,649.0416015,7,-1572.873845,-187.6765723,-515.61321,966.9622276,1562.446487,5593.032333,780.8179662
20-10-2029,1323.539955,0,1742.022639,16028.3689,1,-496.9594365,-1588.930355,-739.998454,1496.402055,2675.876867,5139.363851,130.4715795
21-10-2029,0,2165.527223,-2322.120362,12.27692985,5,-11018.89713,-213.5960084,-16.2204755,6143.021927,15342.57522,13664.27954,3282.898118
22-10-2029,624.9420643,0,3.417247985,23096.59271,2,-827.9459924,19954.93178,-19.165715,150.9908543,20514.78612,22911.3323,195.4378173
23-10-2029,0,228.1955822,66.05414288,0.8,6,279.7907074,1274.825295,-119.3656399,1372.739901,4487.681571,6497.764989,830.1770648
24-10-2029,2238.016248,2117.082218,-419.8865833,5389.814373,5,541.6567082,-59.88624998,258.115461,258.7730449,10782.19307,7561.040816,2176.863684
25-10-2029,3986.463323,3323.70812,1618.217418,7405.613801,6,3382.964925,730.6381392,1100.786648,1532.193968,13377.76133,5396.524153,-1130.740137
26-10-2029,0,841.2985239,1041.361352,23498.09312,1,-253.9843733,-247.8458027,3282.26887,7814.264953,41208.60437,21052.92502,-187.0572782
27-10-2029,166.232864,4489.752155,-6078.422956,1199.861965,4,-302.7783429,-98.3357054,-92.5954796,1469.51351,4936.124339,9908.333949,914.4521662
28-10-2029,545.6730245,599.3298114,137.2914604,3061.080974,3,215.2330072,-64.961465,425.857054,1277.296007,6878.444529,4338.987952,1851.141358
29-10-2029,0,471.2496202,-932.5882264,4215.842088,2,-82.5545409,-853.6575599,190.7731896,359.4042731,2373.51599,873.2689722,-1477.071873
30-10-2029,0,160.946322,-969.7559446,4980.236485,1,-49.60586171,65.82750312,-187.6277014,756.509298,8849.428658,10230.55198,-663.4847938
31-10-2029,1351.780467,223.3508209,-793.3456727,1695.318582,2,-432.2045064,811.1356828,-62.95790431,164.4898049,300,3281.618329,-108.4902103
01-11-2029,1002.759214,991.0112696,-935.7990303,0.8,8,820.3306641,-1477.835088,34.80718553,1131.495711,10381.7356,6329.244438,1817.663499
02-11-2029,0,354.8716074,60.78125033,1230.820607,2,240.389114,116.6056189,-467.1742303,1815.190845,4306.399265,6011.238434,1541.672924
03-11-2029,1291.043148,56.05328178,1075.515285,5532.137658,1,2433.757442,577.3753094,213.7336435,1880.665723,6055.475507,5063.684609,-613.4309839
04-11-2029,0,4359.145879,-4507.725471,2213.39696,2,4395.131922,73.72744535,-1684.903288,5250.413971,7851.105697,19876.92299,4867.161686
05-11-2029,2017.667644,0,1262.869216,3603.162205,2,606.3415709,-24.43105902,361.8325653,150.9908543,4526.845929,2340.575792,937.2610377
06-11-2029,6238.017886,4998.822018,1036.985894,4293.396532,6,1849.919269,-5331.189441,-321.2563353,2265.26494,12137.59027,12148.61482,-130.4045903
07-11-2029,1582.640001,0,768.0874963,6551.943628,7,-1128.471876,641.044735,547.6996371,1388.003484,5362.658736,1359.417034,-4419.793998
08-11-2029,1395.917581,192.1933581,21.80155936,1141.381416,6,-1359.667399,1806.982876,-27.84932855,905.4742794,7311.19291,5704.205878,-1190.557928
09-11-2029,609.0059528,1512.356122,-551.9209417,0.8,2,-447.3004276,746.1580119,385.7652445,1337.373894,9331.765015,9592.37825,-3.050185139
10-11-2029,6.68215508,279.5367593,120.3256331,17473.12257,3,1799.59141,-557.3893857,-686.3228118,2247.764882,2777.511589,7406.542099,-4993.419998
11-11-2029,0,1509.512058,-363.3915663,965.9307941,2,406.9067457,8.316668201,52.48959433,442.4569282,2191.486502,2358.146057,-181.9175148
12-11-2029,0,1292.568974,-1446.430316,382.6911395,3,547.8258834,1105.91037,75.31370753,2189.591317,7852.007644,9409.46718,1438.699383
13-11-2029,0,294.6225706,537.3828007,1175.946492,1,-380.4116237,-253.9749443,210.9935642,1003.841984,5120.328083,2506.9105,-1710.993089
14-11-2029,148.2092653,204.2050119,-129.77551,17764.72162,3,1786.025225,-277.2193469,-707.2838902,1944.891403,2739.010266,5906.915446,-5467.002107
15-11-2029,0,618.6557927,60.86532384,6047.310789,2,732.800547,218.640905,622.7153842,2670.617126,10641.84689,2573.023324,-225.9334319
16-11-2029,0,258.3471748,-12.60870322,519.4835417,1,-1690.370865,-1228.628965,-22.31589733,592.9961976,39493.80238,38420.83396,-319.2002184
17-11-2029,1339.33057,5334.532014,-5291.81216,7287.966751,5,-4106.607035,1236.364037,-288.6049961,3134.785829,8914.192844,11875.16731,1048.826431
18-11-2029,1209.738925,0,313.9268644,1521.37755,3,-32.19497295,55.77386021,42.39054211,545.9863684,7814.908932,913.9025361,844.429123
19-11-2029,591.4678938,277.687398,405.4145152,3938.360948,4,385.9684805,-26.0263967,270.1509802,150.9908543,8273.942355,8442.255529,-20.90597842
20-11-2029,11499.58283,0,12459.03333,13393.28776,5,2292.725504,46.70027822,1815.742884,4742.012674,22732.21831,8786.318483,-11154.91914
21-11-2029,920.1395749,387.8842655,-492.2792523,4858.570942,5,-136.2956847,4335.624776,-196.221884,2607.293959,9516.772361,12355.23881,-733.235297
22-11-2029,234.4774004,364.9211622,-630.8918298,4397.541549,4,-493.4848815,341.3279023,-85.66105226,645.8955547,7131.279587,6943.989755,-535.3335067
23-11-2029,2647.18469,297.9737538,2410.21605,13101.87046,2,1717.980338,1032.77444,1102.018707,618.6343435,11511.60531,3707.647929,-4676.600118
24-11-2029,177.4273994,664.0661542,690.6618962,78.35307287,2,824.3070437,1913.69931,57.60243432,1572.210779,40027.31664,36522.14145,-1160.865486
25-11-2029,141.662086,754.8650893,-586.7534094,0.8,3,861.7287498,-1085.318675,161.8693098,1211.663737,5622.920966,6433.824355,190.1023423
26-11-2029,2315.033236,658.4357793,1085.579025,3594.063494,5,-1528.978486,774.1340979,47.21774233,928.6720475,8709.724274,9077.084468,10439.20162
27-11-2029,456.8692715,165.9242848,-65.33798732,671.1675982,5,-115.1229518,243.0599301,-408.7866745,1581.503468,5391.872873,6753.897946,195.5986905
28-11-2029,1032.405215,0,144.0676828,35856.72099,4,724.4643147,2476.658415,481.3347237,1867.167023,7103.215676,6340.656875,-29536.60992
29-11-2029,1082.823061,411.5830491,1085.973525,2760.651572,2,-592.3366786,1050.973183,-142.5859782,2747.509952,7020.145071,7815.114267,1090.045522
30-11-2029,155.3539851,0,536.8642893,1488.182367,4,201.016155,-103.3566341,290.4677638,775.5922834,7901.350286,5760.609414,-574.9006278
01-12-2029,0,355.526908,147.0603607,3176.698979,3,172.4005555,995.8817064,178.0736542,569.8385788,2623.506347,2793.59063,169.093368
02-12-2029,1557.402787,0,1230.151063,2505.162375,3,-692.3448634,1380.399813,-840.1660341,2362.583091,12166.75125,17228.85818,663.3863905
03-12-2029,2086.255003,449.123123,845.4199307,16487.4146,1,-178.2243221,-4.113195758,-923.5307002,1916.422485,5059.822152,7918.482496,35.87270694
04-12-2029,5102.221096,4330.693847,1224.210933,1843.509893,6,33.55717921,126.7476241,58.21502965,1087.203686,10305.58859,11019.92218,298.010895
05-12-2029,1732.346212,1010.791484,1101.877095,2071.410252,4,92.04138407,-637.3469109,-57.09234093,1144.933934,2530.37102,4286.427171,1873.569521
06-12-2029,148.3227886,3825.599459,-3245.657903,1790.299137,4,1894.287731,333.2615475,-1002.842391,2507.937117,6039.826352,13008.99771,308.1653486
07-12-2029,2289.570263,0,2840.660578,35062.24107,1,1199.051033,19313.81982,1044.864629,22379.93806,52662.63533,45451.11137,763.1234038
08-12-2029,0,0,-746.9488715,1404.313885,3,680.1560563,1014.182675,-436.7436721,2213.858673,4018.479871,7789.070877,-136.4213492
09-12-2029,85.2065098,688.5955524,466.1509676,2432.645828,3,-1054.027818,572.6810838,-556.0190266,1841.202107,13334.7701,15750.70071,2456.434465
10-12-2029,1083.65612,658.7211549,649.4548572,2791.262993,6,827.9173151,-533.5024326,-119.0312739,466.1366886,1506.113508,5810.09627,-33.71497085
11-12-2029,768.082232,4758.853209,-4691.369154,2320.235715,4,-800.5916044,-56.20816949,-209.9950115,1864.918492,5938.589269,9257.95655,1091.891011
12-12-2029,1416.380965,0,1768.728861,32387.55564,3,56.00704209,-631.4228075,3592.983876,23214.38204,90464.46485,65208.31172,2150.602593
13-12-2029,3152.879688,1118.475283,2262.729208,10047.52961,3,178.7574628,2349.132725,326.2302018,1100.005825,11329.07468,7605.467051,-81.71313623
14-12-2029,356.250635,4798.373318,-4116.592057,0.8,2,3766.375061,420.4299383,-1616.121448,4946.260451,8961.961896,20683.67565,6266.328538
15-12-2029,20466.75861,0,20101.01256,23263.26039,3,314.4295618,-2655.048426,3303.697911,6780.376108,27137.17119,745,108.9912247
16-12-2029,5039.461756,4990.455718,418.563042,5801.874362,6,363.5887798,-538.9683616,532.1321386,3238.40663,14893.29522,11122.49081,-253.962646
17-12-2029,520.6174821,1100.131725,319.2259577,1884.820832,1,307.4282926,229.3514533,145.9270442,150.9908543,4701.983854,1613.680917,-385.7980792
18-12-2029,0,988.2855236,-852.6315049,2606.54645,3,2883.736184,-170.3202561,406.589904,636.7192703,3788.74675,2517.166572,3610.368589
19-12-2029,1609.96855,505.1160128,2003.206321,1985.666525,5,168.4104958,252.310865,232.6447716,1158.425292,10939.80096,6214.501298,10724.12439
20-12-2029,7500.388837,5666.983119,1554.933004,4181.869758,6,1840.34397,-5420.566813,-90.04588084,2580.576787,9124.995029,13294.93467,-609.8830235
21-12-2029,742.0710216,306.0536486,851.4814077,774.0511133,2,618.7105319,1478.886006,-1464.834736,3475.006472,7029.170669,16458.03576,-1147.963192
22-12-2029,50.28741945,78.99453723,-8.422788513,0.8,2,-4975.794924,1932.462224,-1373.478445,3830.998,9020.23942,16572.53388,1238.965231
23-12-2029,1776.43503,275.466448,2861.909884,1889.901683,2,-2044.160107,2418.884933,161.5948316,5506.872371,15648.10761,13249.35545,-6.835545831
24-12-2029,960.5668395,317.5818651,-309.0782061,1305.010161,6,569.2887445,367.8942788,147.8466199,670.5217103,10741.23768,8585.033814,-912.2503219
25-12-2029,10196.68925,997.8616654,9912.077922,15007.43622,3,389.3242984,-761.2556646,1749.532621,3645.876662,13547.63975,2193.036516,-10181.75887
26-12-2029,710.0666168,4821.742432,-3936.423768,33135.68582,3,2675.045667,263.5499487,641.8681426,2203.861547,11776.39302,4588.001948,1286.469427
27-12-2029,442.7579386,0,816.725621,2172.4765,3,424.2652865,541.5279273,120.514249,889.5895854,991.8366712,1672.976324,-75.90356248
28-12-2029,704.5322558,0,533.4250296,7199.171394,3,5332.121322,437.2699328,-1317.017152,5453.042715,18040.80212,21100.36369,43.32953117
29-12-2029,326.1539884,0,32.10764056,0.8,1,-478.4742627,-1004.686241,-116.9099242,1073.656811,41194.64197,39753.05594,378.651028
30-12-2029,2197.133766,2220.116098,-194.850635,2086.200635,3,3351.928079,-788.1875514,-343.8290588,1144.857775,40133.7766,39905.37787,-1392.300388
31-12-2029,2503.28967,2258.485966,-102.8622919,4112.868227,5,-174.4802005,1106.234835,314.6655977,150.9908543,11519.4911,7265.216737,1633.930029
01-01-2030,0,562.5334871,638.3000205,13599.614,2,2240.21687,-377.1394473,-11.25805549,2476.710623,3984.067277,7206.641613,-1431.136344
02-01-2030,52.33363973,332.1138164,-33.4066945,0.8,1,-302.8344242,1148.302743,-239.2978195,150.9908543,300,745,-96.00783909
03-01-2030,1644.949081,1129.471587,216.9354766,1399.313185,10,-376.5976286,-570.1488789,23.7944006,923.8028653,10376.62135,9391.676404,-460.9019357
04-01-2030,1206.651972,5080.642236,-4191.288097,0.8,12,1309.644894,631.0640497,-211.565741,3265.673835,5727.792151,9091.136904,1280.680075
05-01-2030,591.6357788,374.4529721,-686.5904765,4441.033914,3,2270.888977,1151.664339,-254.87304,2526.003339,8091.360822,12674.50947,770.6108563
06-01-2030,3084.713451,260.2230467,1448.832538,8122.648808,3,1129.928955,2601.838381,725.2619016,1776.763644,8293.195362,3753.758602,-906.1482944
07-01-2030,359.3498936,43.3397615,779.0604763,34124.59703,2,382.5997969,45539.19456,-3064.646162,11204.77884,7268.471595,30763.4309,827.0732835
08-01-2030,417.2945625,257.7329203,487.2713243,56.25793111,2,-6414.828637,893.8935654,-1252.548652,4147.076818,7926.655456,14477.57381,-211.9976535
09-01-2030,567.7401002,1719.088544,-1412.711443,1921.462662,3,-792.4088104,109.9736507,-1.164932472,1177.26502,11217.65971,7952.061504,-693.9452397
10-01-2030,849.7199947,961.3172003,-148.0014384,2175.613025,7,-589.2464247,-993.5013193,395.742595,6852.430227,19849.73024,19074.17194,-1017.78501
11-01-2030,0,445.2534821,-385.5639219,21082.64299,1,-453.0388433,-38.18771901,-250.202463,342.1900596,1790.08996,2166.177848,-658.6873597
12-01-2030,46.43826544,0,154.3429835,3037.154957,1,87.08138226,-3658.606929,336.5118941,150.9908543,6844.357757,1486.822279,101.8393798
13-01-2030,460.962857,807.791204,297.0984794,2364.69287,4,581.9379212,-2854.905291,299.8591216,150.9908543,2533.698081,3988.480491,-826.4548904
14-01-2030,0,544.6071447,-302.8019154,2720.108899,1,1894.175095,486.1538654,481.5194831,909.3683063,2237.508324,745,399.6830464
15-01-2030,0,967.5242532,-872.3764022,0.8,6,219.5937691,1827.99429,-178.0724761,212.1333829,1809.856414,5606.471562,2257.583581
16-01-2030,5272.831185,4765.383508,1344.366326,2378.442164,6,536.9066992,-480.1092774,-225.0977541,1309.891084,9818.844043,11355.50447,386.6093308
17-01-2030,242.6224572,0,-767.1495415,136.548714,3,-1951.585537,-239.290997,-17.90040247,320.8897762,9766.048804,8062.475046,-143.9143378
18-01-2030,79.06867453,345.4900199,-14.8721662,2383.631943,1,-381.2679596,263.144257,-74.90429737,592.6548541,1624.396895,949.4409517,166.5705495
19-01-2030,1832.876112,1168.331455,253.9919104,1816.959414,2,-1167.362928,-2938.961523,100.6106143,584.674248,3491.487387,4951.563099,2189.386745
20-01-2030,1399.378773,1480.547524,-6.819000013,1438.348943,7,132.3374498,-1067.270614,432.0245231,6322.127426,18583.12747,14406.73152,-1076.259936
21-01-2030,640.381464,779.9899373,1346.975613,4065.770633,4,2246.502603,258.4151938,251.7282206,811.8722549,5211.039213,2797.204669,-4960.522818
22-01-2030,0,511.3662129,748.3535667,3214.136995,3,3628.928927,-96.30125158,-29.72855873,2396.176639,4379.461178,2533.836106,19982.78977
23-01-2030,0,5538.223503,-5519.184857,339.4924927,2,3896.663846,743.7291981,-1578.335382,5466.841591,11130.90145,21143.09758,4549.955176
24-01-2030,5628.092721,4566.878784,1062.797075,109.0508707,6,-239.74899,-779.6512722,-235.7908432,1201.866767,11425.15395,10928.83324,263.3022542
25-01-2030,2640.654312,2407.265583,-139.6321229,2835.543121,7,-940.4886036,93.04963298,-78.28039738,256.7734932,300,5341.334233,-2478.663812
26-01-2030,154.2608811,401.3237975,49.63854025,1411.70375,4,-124.2658208,331.5338751,-6.928578242,1228.909596,3366.94136,1841.52948,-25.85005292
27-01-2030,2177.748314,461.7779174,2434.97191,2716.528646,5,495.2186588,1899.319226,-209.2059191,2862.712653,7655.778823,8271.084834,-3925.902721
28-01-2030,346.4396365,1419.28467,-462.6744222,5449.558171,3,1512.837543,-401.9744869,932.1482991,2281.679261,12938.17171,6880.542292,17807.42759
29-01-2030,20365.92911,20205.72766,177.6979391,24240.20681,5,20529.39035,678.5861912,3228.647874,7758.662118,43770.97666,21180.64808,-808.4796097
30-01-2030,885.4509691,529.605276,-20.20594361,2462.2474,1,1037.466403,746.4658925,47.21243757,1258.063895,7435.707759,6129.978809,-819.8764665
31-01-2030,0,0,578.8955953,2327.132924,4,275.360473,1479.163943,-180.758965,2253.66974,4248.440013,5037.064051,177.0098681
01-02-2030,2151.685269,656.9679488,924.9173848,3815.386504,4,-210.3748396,-2201.389323,196.2972544,699.3437281,3283.268029,2667.243999,3069.719006
02-02-2030,0,5674.810927,-5717.442942,3228.509332,7,257.5899869,6373.840693,-439.4239486,2287.31374,8699.768174,11250.83222,1843.199251
03-02-2030,1174.175738,982.4020716,728.5589217,7317.345116,4,-29781,642.5668448,-3949.464423,11772.0619,10883.54546,36829.91401,-407.3320208
04-02-2030,74.82930449,728.9851697,286.2729292,3899.366037,4,847.6326359,328.4940867,333.7783196,986.2237565,8963.837482,9142.420696,1165.635569
05-02-2030,0,652.8157432,516.7188397,6769.41758,2,748.5346021,-149.5032188,726.0211474,1815.204804,9675.304619,3337.515063,383.655645
06-02-2030,143.914507,0,-462.2156295,3367.737045,4,372.4246138,131.7371333,323.6131571,150.9908543,10102.06189,6738.04315,425.874579
07-02-2030,2171.5835,0,2494.700389,3721.861963,4,-563.2461815,-4311.861257,502.568386,745.6788281,4941.645299,745,258.853537
08-02-2030,227.1623769,717.0054137,-736.8599624,21582.48464,2,-484.4752697,-803.7844802,2489.185993,7602.357089,41460.56248,21087.80893,832.1312161
09-02-2030,481.4102422,968.4851072,-1963.263534,2783.807863,1,2426.371118,-1044.2833,33.06713697,822.4028052,5142.516732,7668.027147,951.2276848
10-02-2030,0,392.3567877,-50.31275527,2634.5406,1,1408.847296,821.8721167,-612.692708,2132.270614,6131.447031,8364.416268,1090.09327
11-02-2030,1516.682769,707.4908736,76.34453962,0.8,5,39.32205135,-11042.64092,-324.0873673,886.5588227,2486.810535,6585.495637,1189.694614
12-02-2030,0,1072.80232,-1932.572082,6060.300207,3,1359.13218,137.0991056,895.0341349,2833.881187,13814.2905,6819.091968,18551.36564
13-02-2030,215.744102,474.1466135,-780.4283674,1159.193912,2,-247.8305115,151.773625,-532.765023,688.8448443,1296.116692,745,339.074386
14-02-2030,780.2566198,250.1042764,74.47372965,12321.95953,2,423.7867121,-675.4950855,-471.8746667,1185.794253,1672.3553,5881.74586,1029.421518
15-02-2030,14.10435055,10210.7672,-10798.66059,3051.605495,4,10419.05344,-238.2939037,266.5638365,6358.253647,14092.43902,12765.05253,-2909.866333
16-02-2030,0,293.8421992,-1074.732189,1260.625372,4,-272.1986797,-1221.428752,153.9462422,6983.448751,16078.67947,15297.70424,-1148.351316
17-02-2030,3839.829979,52.12036287,2757.050558,4364.441972,3,364.7091175,112.8312143,464.1352922,1168.37897,6191.656716,3707.582229,-1530.887023
18-02-2030,938.6676808,707.4433892,1104.588783,36078.38536,4,-27.54150534,-28160.71259,720.5941069,610.9200135,8977.149945,869.9734404,1683.016121
19-02-2030,1028.692645,1387.324115,-436.4892499,1947.56452,8,1748.373872,30.64452641,-210.0218448,792.4824671,9727.730107,9111.527874,-402.5190829
20-02-2030,608.0695764,1339.995089,-1.147186447,2419.382016,4,-1145.971358,-548.0489635,-679.4679311,618.6089368,2698.566304,3879.64853,332.376494
21-02-2030,1108.425287,157.9650227,745.3343463,2020.121781,2,150.0970251,566.1345565,156.0502235,2353.810003,8227.091352,8557.892735,-142.9688634
22-02-2030,1262.502748,308.5045812,-755.9994297,4896.13907,4,367.7712493,6.12144173,-429.5758846,1129.624391,6341.48606,6601.143123,-237.1617329
23-02-2030,610.107776,1616.906973,-143.8872208,2306.24431,5,4.312677756,-129.8331107,-335.937045,1398.283226,1407.517222,2706.634512,-832.7363177
24-02-2030,807.3832076,817.1075164,-474.8669381,840.1638572,6,-249.0122529,1929.8948,-148.066743,927.6523031,2339.888235,4637.180489,589.2992768
25-02-2030,586.6852447,1586.270534,-1100.625897,1750.880238,8,2239.022952,-120.2911482,161.1483513,1232.746309,8489.766952,9032.052029,397.4831628
26-02-2030,1860.46769,1481.360779,654.3662254,1389.485656,7,-1988.634115,-859.3541754,-204.0181751,386.2896466,3161.586328,4438.991536,114.0484044
27-02-2030,0,494.558466,-613.5984816,0.8,2,32.2573748,881.9031256,72.6733508,309.786801,3751.874646,4191.141862,1012.644624
28-02-2030,1262.511373,757.2836523,967.8836993,7263.857849,4,-29781,1110.543521,-3962.952376,11682.54754,10613.18482,38898.61249,-848.6725043
01-03-2030,2420.931524,0,1281.0368,7901.07007,5,265.5175908,126.0087499,545.2941308,1441.605369,9335.321406,3275.284244,2589.279249
02-03-2030,584.5842465,2544.504652,-1253.334718,0.8,10,1919.027914,1572.949351,-1093.10617,2723.882176,7357.842512,12823.54447,-766.2885002
03-03-2030,0,23.99655534,-528.846132,1986.28089,3,-441.588483,994.2834011,-41.94807073,902.2683523,1787.180916,3032.028944,-770.1552233
04-03-2030,1404.045546,50.45792203,1478.257878,3158.627967,7,-6556.03505,815.9108759,-338.1954357,2980.901386,7790.055347,8880.131277,0.551575475
05-03-2030,460.1706896,0,212.9793317,22989.79521,3,-326.2726736,381.2603471,3356.027545,7401.984848,43786.78167,21471.21534,-817.3068396
06-03-2030,651.4814465,212.995225,-363.8180921,1859.246017,1,-1445.797731,-859.363398,24.11667802,242.8629429,300,745,-148.5152651
07-03-2030,56.65332601,374.7499422,-609.4307338,15347.24114,1,69.04403942,174.1889085,-1010.696277,1618.316547,1987.221371,7486.083361,1713.149849
08-03-2030,735.7977454,1092.194646,-958.5226237,1297.816436,4,-675.4348281,2514.909192,-342.5591608,772.0628497,2535.154507,6189.859805,126.0708817
09-03-2030,882.691109,75.48242582,1842.96216,17606.45935,1,-271.4091866,-621.9841871,-697.0284581,2098.289188,4947.869908,7453.384842,-249.4186935
10-03-2030,0,0,-120.4022147,1421.727197,2,474.6074403,618.0029597,152.1033327,654.6159808,5657.67604,2248.710737,1500.160998
11-03-2030,110.9008327,2094.509086,-1607.735375,3098.562518,5,2181.449152,546.5709188,488.4317027,1302.896707,7291.714661,6917.7358,-811.3487504
12-03-2030,900.6438961,394.9240841,79.56256391,34917.54003,3,-4982.213389,2217.715043,395.2853954,1774.070597,9440.888392,3377.561914,1321.797318
13-03-2030,275.0197948,626.4835789,-1100.756709,2672.491105,6,422.0782302,151.7130318,-454.3591024,969.5775914,5078.081552,7569.128546,-318.9596991
14-03-2030,644.6795552,5152.102125,-5400.193881,12916.10554,5,823.0056056,-4022.177273,-884.1184364,2058.962806,3372.87861,7905.418791,-285.6016811
15-03-2030,375.795699,1215.197653,-2263.653604,4562.584574,3,1816.881096,-795.9719344,623.5743074,500.6245841,8358.643178,2623.228771,158.5110034
16-03-2030,1613.127659,0,859.3234628,4194.47611,4,-1254.868391,-630.0375942,830.6585908,871.6311151,6584.417511,3037.973311,1254.272931
17-03-2030,0,766.5017679,-119.6609342,2170.883259,6,-2.821142481,-500.0034374,212.1025365,867.2291195,9453.330097,7367.556839,-825.033667
18-03-2030,108.8019698,501.6734283,640.9687481,1761.623622,3,488.5431805,-4016.1282,77.36092163,261.5341546,12195.96863,5607.439557,-83.58270428
19-03-2030,2270.167613,1903.450142,-199.5304654,2787.966384,5,-251.0066432,-357.1490074,115.4649176,442.5455919,11518.6239,9050.631311,1431.413085
20-03-2030,124.087882,179.4576614,-232.7773814,2053.56853,4,442.2871888,-263.0950496,583.9465107,303.307481,4969.322725,965.3801698,-1738.79674
21-03-2030,956.3028477,611.7154062,1345.129814,2206.642528,3,776.554639,823.8055893,-310.2512727,1401.975403,3947.273349,7060.460397,373.4406608
22-03-2030,13.37572328,483.3473336,-134.6917017,21487.94771,1,-65.4720784,1227.481527,-211.3193533,350.8946024,300,1939.537469,-243.0617266
23-03-2030,2358.422438,3202.805975,-708.7340288,3015.597389,5,-172.459393,484.798224,333.5492783,464.721262,9834.768678,7795.500024,676.3380588
24-03-2030,364.39672,790.4480158,-153.8095281,2946.116315,4,-390.9677593,703.8266061,326.5619238,956.4718267,8187.007135,8241.580229,154.90393
25-03-2030,851.5975954,5160.893335,-4869.073379,11495.33592,5,353.4947739,-4820.912941,-823.6002609,1793.294911,1224.442291,5442.68178,82.62438115
26-03-2030,0,207.2621246,-606.8475105,634.4154453,3,-1193.10377,508.0564043,-108.6680682,747.6729189,10344.12926,9406.205972,-269.0034029
27-03-2030,1480.361455,874.9812816,1216.68915,2806.498918,4,-317.8876557,-1260.806281,50.87225626,150.9908543,5107.550586,2955.432328,1991.785818
28-03-2030,2515.281028,1776.293322,-526.8487931,649.3109837,3,-406.7711373,49.64434631,436.3250062,2011.092871,9642.845305,9226.413178,-979.5386509
29-03-2030,741.5174464,302.4000688,1296.021919,2052.499718,2,-736.058866,110.3946539,288.7151201,1401.348923,5922.434739,6244.174575,1250.093453
30-03-2030,0,1060.112087,-745.8999071,2169.121574,5,-689.3949391,435.5515564,5.693046172,1230.522716,9579.698521,6428.664996,983.848484
31-03-2030,2167.827678,0,947.6863756,4614.342793,7,-1279.225646,-544.6106122,355.8884764,1984.950766,6305.486454,2883.383299,-4123.715865
01-04-2030,0,0,-838.5225726,0.8,4,-41.63605679,9625.523338,-1744.377273,4256.017252,300,18153.78391,-334.9759483
02-04-2030,642.5346006,0,411.9319321,5383.472721,3,293.2689514,240.7351116,256.7943171,1446.378722,5136.037898,4106.445987,1915.288784
03-04-2030,7168.934333,409.7064573,6204.910386,7401.179616,5,-1474.158226,1265.946702,707.8206195,2266.793219,7682.303865,4036.77161,1344.143275
04-04-2030,2102.783016,268.8116892,2881.141743,4999.120299,3,344.2405162,-633.2805116,421.2851523,488.3277064,7579.023287,949.9634339,-1117.830383
05-04-2030,788.6100183,245.8179602,1241.111714,5095.952592,5,179.2918464,-36.95341483,592.8082646,1490.902793,6949.815251,3362.608546,1457.910001
06-04-2030,75.8724883,165.5234139,231.7336169,0.8,6,150.1834566,1232.920515,-277.4055509,150.9908543,1581.839181,4935.689224,-143.8356822
07-04-2030,1870.845485,451.998418,1196.227485,2431.327147,2,-1711.761182,1967.686003,-580.5959267,3310.12224,8960.024,9950.659064,-1355.51955
08-04-2030,1412.437212,306.8254359,880.6087354,35818.32151,3,-4245.047311,1750.725045,597.2090939,2408.331117,11428.06238,5389.631839,506.6441393
09-04-2030,2143.357567,0,2290.422565,4175.156484,2,-113.6302697,-1266.530139,-4.131131625,2071.867243,11753.81212,12773.24639,220.1273868
10-04-2030,735.5501871,778.5858307,-1089.808624,2357.291398,6,1734.796466,497.0933472,85.80734482,1640.078151,9308.012433,10759.68647,1919.878642
11-04-2030,3108.607991,249.968398,2040.136783,2363.875676,5,902.6607185,1103.028896,-167.1746857,2400.286253,6697.051638,8344.087444,-3871.975543
12-04-2030,1593.215589,711.8305277,1886.4816,2166.013934,1,-328.8417511,-320.3980844,-275.7222838,1839.582899,7628.642174,6097.987989,-617.6102822
13-04-2030,20009.98429,21142.51885,277.5173291,23536.87713,5,19506.70066,510.5017777,3289.473345,6622.72869,43560.45692,20721.16553,-617.1742987
14-04-2030,0,367.8117209,637.8373548,3884.840917,1,2536.919956,556.4101629,207.657269,939.2492662,4588.20469,2653.45745,426.4122386
15-04-2030,45.82650328,0,-611.5794232,2488.417126,6,-388.0530507,470.5723783,-163.6213059,278.6307767,2427.440706,4942.423183,-256.2772456
16-04-2030,0,395.0307424,405.7317831,23222.62719,3,252.2196713,126.8106647,3249.225022,8086.104991,43407.74208,20952.94079,-2324.008144
17-04-2030,0,0,371.0975108,23525.82336,1,771.8108958,-98.19470454,3152.204309,7591.729744,45281.28814,21920.84569,166.3203512
18-04-2030,429.2384574,414.4777563,-931.8270093,899.9552963,4,-450.804328,-270.3801943,-114.8361132,150.9908543,1934.021334,2666.403519,1752.246596
19-04-2030,11161.37622,0,10323.03535,11370.74396,3,-1002.779975,-1604.271617,1886.500101,3214.178268,15356.35809,1636.614294,-10390.07005
20-04-2030,1382.835575,1771.335359,-1427.104758,1922.216127,3,213.0961324,-597.6921308,154.7169345,1147.831644,9917.563935,13034.71743,-1433.0644
21-04-2030,482.0436381,343.9908869,-578.0130254,30698.62007,4,-1573.729507,1996.24974,3287.32963,23502.00514,87534.19622,64569.75254,1642.665166
22-04-2030,2120.980874,906.8052133,892.6440573,3323.860463,4,-366.7479572,82.55189059,-7.12330727,827.7614032,6085.846464,745,1721.231189
23-04-2030,291.9593923,1536.935029,-1944.66996,0.8,8,492.4148621,-1629.703519,-470.4275399,2859.227998,7828.44745,10641.65796,1616.979857
24-04-2030,2226.56544,90.44824515,2294.807706,33892.91918,1,1544.867277,19003.07678,1106.514698,22577.79092,53885.88329,44817.06008,155.1935631
25-04-2030,1847.184985,0,912.1717129,8300.259249,3,-62.11704174,-1092.349491,1033.998592,782.2521404,7446.293163,2365.298787,1477.952441
26-04-2030,628.1131499,553.3224548,356.1628468,1319.712798,2,844.7316929,-17.58789825,235.3077149,368.3226354,36810.7365,37148.61868,-682.9931515
27-04-2030,2372.216015,658.1336182,2526.883253,1650.294648,4,-523.4887601,-6290.853433,133.5148517,1713.807501,6797.212841,5381.158105,41.05536363
28-04-2030,0,0,-303.3601158,3017.314271,1,-545.635323,190.6512667,-167.9498668,563.9622936,661.4501787,745,-831.2516766
29-04-2030,2078.664982,2495.16749,304.2898235,3726.283985,5,122.1739572,323.282379,126.0564512,621.8074408,10650.15917,8409.343952,2232.177106
30-04-2030,38.97889996,91.99560479,-569.4634522,185.6253152,7,-300.72242,1112.582549,-54.83932237,6632.927317,14444.52088,14533.78842,-581.8651563
01-05-2030,2406.754259,587.6779701,1378.802492,6379.45093,4,281.760005,-88.15990694,753.8696775,454.2953379,5130.291348,2238.023181,-1319.480108
02-05-2030,6582.938306,1057.420215,5039.296677,5466.632421,5,-3597.777682,1546.077979,-1173.67682,5643.30507,15046.6308,20184.05291,-338.1510197
03-05-2030,0,118.849401,-1589.854432,0.8,6,-5.396331276,-84.51116631,308.7088208,873.1391263,11860.98606,9160.971041,366.6876371
04-05-2030,0,432.9247791,-1018.831211,3824.717129,4,332.2457697,230.2369752,-185.3910981,481.0992766,7783.875446,8282.317809,691.3761434
05-05-2030,1246.203644,229.5024135,675.9789403,2548.103444,2,619.8442302,-514.9970082,-103.8202517,1091.369409,4147.864417,3436.99386,1241.169335
06-05-2030,1092.802347,0,-108.2672923,6058.353403,1,-5133.239324,-1219.472443,-455.4422571,2939.380808,10420.12904,10786.56134,-6308.320779
07-05-2030,0,5137.84535,-4278.333152,616.1651087,2,4609.470173,424.3976198,-1656.558564,5627.687193,8801.500661,19485.49918,5328.05601
08-05-2030,598.5161882,0,-146.9939781,1176.491616,4,318.4848373,-244.2441883,125.4678708,613.8472982,9329.107229,7477.759667,110.3687129
09-05-2030,0,0,-1031.224403,2567.00842,1,984.297639,-816.9951811,-557.4415997,2548.124095,5489.630413,8836.476592,1219.691371
10-05-2030,0,0,-752.5630745,1266.065482,2,-931.2228453,10929.86893,-2111.661741,4453.887273,2870.026694,14110.8211,274.1704616
11-05-2030,1757.878191,840.2960273,3520.613916,30866.50573,1,1746.059498,19120.15399,1146.285895,22503.11393,53950.94128,44563.00069,504.4131742
12-05-2030,317.465107,0,-928.0046903,1486.040198,1,-780.5343507,1237.077644,-684.0341455,2336.765639,1882.875321,6883.15808,-42.12576001
13-05-2030,759.4449159,5759.865552,-5036.404337,5036.6589,5,-2035.040598,1060.409783,-480.6971816,3175.812966,9200.045426,13136.47305,1770.734036
14-05-2030,173.5327198,5059.374055,-4892.24881,389.862441,12,1251.995763,282.293471,-379.26903,2467.363301,7369.697259,5954.507922,1771.71516
15-05-2030,1884.669108,820.2353107,816.5601257,8185.725601,4,-29404.11254,72.54661831,-3965.130062,11796.17574,18666.43216,41153.75726,-2.713734934
16-05-2030,0,2908.639657,-2390.959113,104.1213335,2,-397.1930301,-157.4222999,-239.7346102,5895.487292,12499.88331,16139.98999,-25.92010402
17-05-2030,251.1454428,2272.342683,-350.5069723,906.1010772,7,-126.6163934,1611.830329,-321.6705317,6894.168128,12704.06483,18385.42772,-376.6752905
18-05-2030,0,524.0571912,-774.411293,29798.45681,2,-28480.2521,3172.866836,3420.781227,23208.99467,91262.2101,68111,849.8878497
19-05-2030,197.0793836,535.4193387,-1150.022806,0.8,6,-817.1710572,1650.093464,-382.0302221,174.0761229,1532.856654,6355.931563,394.616422
20-05-2030,1482.27148,463.1470466,953.7822947,7052.819778,4,2100.873317,-76.92611225,732.4867009,751.1243459,11656.89275,2870.387262,-7040.191316
21-05-2030,271.2244638,679.2275553,-610.2757121,3516.232559,3,-127.5836291,572.1261415,-325.3617668,463.3557855,2203.45332,4244.232118,-629.3912581
22-05-2030,863.9608612,0,-113.2460432,1195.007271,4,491.2951478,-2260.965552,190.7437832,531.3365819,2434.81944,745,219.5319738
23-05-2030,0,934.4428862,-669.3975623,1029.002754,4,-1194.607167,1764.823133,-605.3741222,1525.455966,3040.116777,6328.769323,456.3641524
24-05-2030,699.5066603,1925.801462,-1333.594737,1377.849354,3,364.1435529,-277.2511815,132.1126517,896.0988453,8328.215496,11431.78922,-372.9510604
25-05-2030,0,1342.808207,-1854.760114,230.4896886,2,-193.6220369,122.6479583,-330.8763413,2143.28012,38683.87355,39868.60242,933.0262574
26-05-2030,45.45546261,0,-28.41528377,3170.396283,1,-2010.897184,1372.632614,473.0204076,2139.24515,5442.784294,3089.814937,111.5962639
27-05-2030,748.5056291,1114.110215,215.3244719,2095.936469,4,443.3480713,-3.055719638,-245.8150986,462.7779946,4584.571547,3462.696978,1453.733234
28-05-2030,102.524283,0,251.4949313,0.8,3,243.2331434,-29781,-731.3830372,2000.676187,12429.60066,15608.87275,1968.179657
29-05-2030,0,358.4150357,-1050.807917,3156.459096,3,3276.330878,-395.9847356,370.6920509,2562.208397,6778.358634,4343.657969,3325.3381
30-05-2030,224.6854771,0,-927.3600755,0.8,1,485.2369108,1534.977995,-2054.330257,3841.954521,3824.148989,15907.10706,2035.354307
31-05-2030,637.90405,3145.694578,-2794.500528,2481.115668,4,382.2751658,468.6829137,-805.0528293,2717.401837,4541.635869,14724.01669,-572.7574803
01-06-2030,0,745.6540986,-651.3275343,14958.58485,2,-1246.154168,462.2068942,-1209.594772,1228.228518,300,7442.763064,-59.97824712
02-06-2030,1535.476187,105.8617906,1773.375198,13542.72783,3,95.10666792,-739.3593943,-63.2070903,2640.619796,7595.258586,7450.909744,272.5392731
03-06-2030,936.1416184,114.1721905,-528.2705007,359.8176069,2,-73.96282937,80.60272797,-630.9054514,1582.209966,1986.68862,5306.356646,2171.394752
04-06-2030,143.4978359,915.1128862,-349.317333,4125.360216,3,4101.624604,-457.9794179,42.92312977,2097.892231,2117.244497,4183.198853,20312.28852
05-06-2030,2193.123025,2004.100386,171.1566133,3871.048527,5,37.07767457,-77.05980164,-25.08856869,335.174901,9852.799193,8768.388357,1541.509173
06-06-2030,0,466.0430192,393.0972124,1323.903062,1,-932.3523115,-5.315515472,289.0590324,150.9908543,2036.333203,1442.087049,1076.574499
07-06-2030,0,552.9012861,1048.742887,5918.227948,2,-1387.389294,-315.6336961,540.1718449,1988.558175,11235.4825,5169.626265,283.1902471
08-06-2030,5367.863814,3270.56418,1576.420841,6284.414296,6,2893.735029,299.57048,1018.139577,1225.821447,11947.51442,7133.942887,-717.7915926
09-06-2030,87.77207413,1309.42576,-953.6577822,3103.936096,3,396.6762151,-48.52117232,59.79357069,2041.445916,4130.26174,4719.475489,-416.0986141
10-06-2030,0,0,-3.563261609,3986.868392,4,357.0703921,1112.091282,424.4237383,661.8031224,5499.799179,745,10531.53218
11-06-2030,1003.106478,233.7942401,495.7943513,6785.217494,1,-5712.676141,-668.4282949,-267.2119461,2409.679818,9113.048711,11515.6847,-6011.4758
12-06-2030,1267.00827,0,1817.281095,2245.500812,3,-302.0385573,1377.217078,-653.0996728,2222.604069,11532.06282,18222.15754,-218.500164
13-06-2030,1469.121367,0,712.9388341,1194.794423,1,-2469.952187,1427.546364,-286.9926106,6125.770143,14526.08606,16077.64852,-1115.72101
14-06-2030,615.9524958,85.05500728,-793.4479345,1905.422042,2,640.8297505,-689.4836868,-628.385177,2598.294673,3500.278144,7215.297596,2785.867559
15-06-2030,475.4419854,0,1183.854231,2248.063319,3,-1892.289535,-842.1899083,-321.8943005,2807.39976,6591.860219,9185.800607,2351.967418
16-06-2030,0,0,492.3527785,14826.7825,2,1544.019532,-250.5400721,97.50125333,1796.857607,6756.39359,8519.180796,-2720.168911
17-06-2030,0,164.9060359,-730.6034376,0.8,2,-1921.246362,-1144.588482,-278.6138973,1355.87505,3416.161135,5822.271004,-200.0755672
18-06-2030,0,335.9792191,569.017691,12637.29308,5,-5084.384345,-28.68342694,-670.255812,2487.97889,300,6346.613845,-195.6039208
19-06-2030,163.8799972,0,-116.5350752,4412.323634,1,928.3457047,726.5235545,80.60926702,1186.899046,8323.364955,7820.88428,-1117.656988
20-06-2030,2028.979709,0,1023.536063,5382.91596,2,1421.341799,-816.3194687,255.1456839,890.3739196,4456.834466,2508.921518,1005.669772
21-06-2030,2466.091737,303.0537962,2090.946515,3740.546412,4,-179.3453505,-5720.621213,430.3350167,1482.154794,4029.250171,2614.953237,-582.2436081
22-06-2030,5170.087781,504.518884,5193.200974,5820.876982,5,-4224.939917,2867.076067,-1187.348582,5867.573827,13170.76932,20443.81596,77.17355108
23-06-2030,0,0,-30.18708076,2373.401157,2,-1147.637666,-6147.402817,50.40373297,1251.504028,10175.73222,5510.582821,-2147.936502
24-06-2030,252.0515634,0,1178.77964,606.1116006,1,101.3832289,226.9429837,121.161597,925.0244742,2267.30745,745,-1374.372241
25-06-2030,333.73209,27.41243433,218.0781224,23279.22011,1,-587.1832016,-536.3210264,3247.928454,7317.691812,42849.53075,21641.98174,-382.459866
26-06-2030,0,4000.037321,-3266.873415,10713.11947,6,2289.427614,1442.178509,270.117064,2346.805037,12814.93916,7688.206489,-3939.106087
27-06-2030,0,411.2268564,82.36889421,5593.736775,1,-78.34852698,-1372.821072,-849.0347709,5564.644459,10859.27574,19298.02025,-303.4033991
28-06-2030,0,0,-200.0463217,943.1412643,6,-3535.021896,147.2651852,-975.3151711,3103.694965,7051.480459,16673.18358,-647.7235104
29-06-2030,2003.449596,303.8269616,1309.591085,9726.049616,3,1614.935107,-1329.344492,599.0305483,609.5142845,6392.742568,4957.018458,2208.203171
30-06-2030,389.7542758,1322.667063,-412.9083582,1297.79303,3,533.5835948,-1056.567379,-48.83047129,297.299198,1433.691773,3898.861422,-238.9861155
01-07-2030,4294.59653,3258.945559,1497.711569,7306.1007,6,3053.668949,360.2622543,993.6089235,1581.579794,15519.34666,4718.937397,-1313.506647
02-07-2030,1.557036111,725.4991423,-995.528795,1305.58025,5,577.1712822,176.1812822,-29.78953688,1283.296971,4849.255285,6783.093707,768.1218994
03-07-2030,939.8817944,433.4297827,-384.3606386,727.159758,5,-722.4611419,-11700.13651,-331.0825449,150.9908543,2939.521063,4719.44139,1466.043492
04-07-2030,0,409.1434595,-968.8263835,3408.454566,3,877.8532568,1223.231576,-190.3817504,2024.82744,4972.500375,5454.045667,142.8587071
05-07-2030,146.0874746,614.6286934,140.0575542,1027.934838,1,-1092.085417,1727.043354,-592.3785689,1913.464181,3915.294436,6433.578702,-228.7256351
06-07-2030,1029.841834,62.00094104,1067.143813,6358.603972,2,1234.439695,79.88601172,1006.398905,298.385248,9341.856546,833.8056477,-70.18393464
07-07-2030,1575.762192,275.3421362,831.6637761,3545.403871,2,1347.2703,246.0099727,312.7112603,708.6986317,4386.00793,3115.68717,1213.307675
08-07-2030,363.9552913,522.3859168,-817.4508622,1858.372476,8,1388.876962,49.15883468,-318.6491677,424.4864105,7803.691887,9297.652188,1110.83075
09-07-2030,0,1026.032968,-510.6613298,2734.961581,3,718.0439543,656.7533604,-606.1774449,2809.597026,10039.36889,13001.63162,163.9676475
10-07-2030,0,738.1530956,-378.1832103,2220.240765,6,31.41879763,308.7031796,-186.4811455,1653.321655,716.6201293,7546.768662,-598.060951
11-07-2030,0,4522.421853,-3518.059514,953.3631181,4,555.1901264,446.668457,-931.4571064,2016.008327,7926.67981,13951.73158,-86.01128765
12-07-2030,0,972.4001341,-758.1428334,1923.042618,2,-162.0239858,2238.572788,-1885.949606,2307.44987,7093.089859,19685.19282,1808.855353
13-07-2030,657.7545497,203.3473739,-1349.342966,2610.653683,3,1274.773139,1429.785705,-334.0827786,2296.074458,10408.2094,14278.117,-472.7719732
14-07-2030,432.1726362,150.7019734,502.6128625,3795.824438,3,304.8032251,-3948.418698,185.7486947,150.9908543,9007.956204,6844.123854,-828.7934652
15-07-2030,56.16186298,463.2382737,625.0704457,1049.000055,1,34.95826847,-2735.894874,-10.89571846,1824.005181,4145.606973,3792.130705,3247.878062
16-07-2030,6060.612871,4640.336967,671.7384297,3972.184787,6,1754.83021,-5059.324963,-161.2836036,2419.068743,8565.665938,11971.67697,-938.8480041
17-07-2030,4531.340499,4133.231598,700.0252413,2227.132263,6,-125.0247418,-34.80874584,-182.3198615,1680.637734,8064.070308,9749.687319,-418.7911702
18-07-2030,1507.0744,550.1051024,1810.338202,38477.86035,4,130.5885386,-28178.50764,554.1352206,691.5248496,8556.159957,2877.591369,1640.916818
19-07-2030,175.9822728,1183.637531,638.8253949,3159.881086,3,904.4096215,-799.2324408,-251.5212509,1168.262822,7681.969933,7316.86113,-45.74883863
20-07-2030,0,0,48.25870482,13245.59607,2,1811.8267,9.399179863,-204.0186444,2804.05648,6202.279993,7518.471577,-1515.826526
21-07-2030,321.6905823,4712.360173,-4864.597459,487.424156,3,3819.941579,936.8999868,-1631.419273,4889.664069,8215.883747,21543.93621,4321.583294
22-07-2030,37487.8085,19206.09237,18423.28872,24721.53345,9,-1317.060455,208.7907483,3523.280478,6717.645788,53516.54593,25221.13951,-12889.89374
23-07-2030,825.8529156,380.251872,1690.165505,2545.627268,3,714.3193693,655.6103144,-473.9202861,1202.448394,3264.165029,5906.487418,-255.6532847
24-07-2030,244.6242646,0,-430.4996272,3294.507931,2,53.4523433,-5719.554817,385.8196815,730.8963252,8642.712257,7627.961856,-710.6151508
25-07-2030,1152.315378,338.219077,1201.995965,7969.071613,5,71.04848661,-124.7686549,620.801276,1308.489035,7821.200567,959.9959365,1898.218616
26-07-2030,958.852755,622.7640296,65.28947472,0.8,6,-1860.01694,-2077.952486,-34.92163134,1056.146145,37290.13619,37015.07546,478.1375251
27-07-2030,0,0,438.6120431,1331.08072,1,-534.4124837,-26.62189927,-264.3843882,150.9908543,300,2452.345574,-366.6843347
28-07-2030,270.4883544,315.6340028,457.1333137,0.8,3,337.8345602,610.2617717,-362.6924466,493.9203645,3354.405314,6520.799304,-522.1613785
29-07-2030,0,79.02316748,81.76046547,987.4281441,3,2978.22434,-289.4764146,-46.56679915,6091.886966,12712.39793,14572.77973,-3114.406341
30-07-2030,0,10893.47513,-10948.05294,2626.604648,4,10290.87616,752.7484233,58.603922,6515.581982,12808.17754,12693.87353,-2637.575513
31-07-2030,2046.678628,33.56144169,2109.695629,5990.39619,2,-440.8948332,807.2815992,246.2699887,774.2612101,6744.796783,3581.059912,-2212.590086
01-08-2030,2194.442095,0,476.9029494,6048.173464,5,-490.8380369,788.5499868,792.4486006,1860.123652,6519.521502,3427.710056,2399.212083
02-08-2030,387.5855443,0,723.6151143,2941.945648,2,526.139446,-671.8779649,8.981449327,1461.726081,4326.121039,6496.661608,1081.854488
03-08-2030,429.8449777,1513.277721,-787.5166434,2486.587622,6,1906.06991,911.0902407,-143.8554334,1750.156371,7826.638425,8852.175359,972.5058874
04-08-2030,87.7199378,505.9981557,-131.7810092,7658.592357,2,1153.272541,-65.36343855,669.1140927,2411.814093,8471.033166,5191.83805,186.9696374
05-08-2030,402.2989617,0,-153.3077209,5948.231363,2,-707.1813413,-1787.368563,226.7288705,1350.529364,2841.610203,1536.145411,-1701.604569
06-08-2030,959.7196094,31932,-29781,5736.434145,9,1775.6389,675.5020351,-4063.326994,11350.76653,8973.024177,38350.15698,1119.890307
07-08-2030,0,910.331508,-1561.536305,2151.725658,3,1251.312019,1242.417894,-689.0115183,2683.731163,7212.668997,11153.96623,481.6621611
08-08-2030,0,825.5586493,-327.2114444,7281.26729,3,1097.675938,121.8640572,508.4120043,1476.945304,7671.941469,4511.037672,352.5178092
09-08-2030,438.168954,267.0227761,-275.3549934,2709.98752,2,621.6553964,-1069.739604,-11.55738517,2637.721539,2986.956873,1341.168164,-1271.574479
10-08-2030,1438.184479,97.08704845,-427.5291475,74.6487927,3,-284.7295482,-29781,-595.5138857,2643.068015,11913.94882,17273.43597,2019.212683
11-08-2030,11467.86312,52.3173811,10680.94371,11286.47787,5,1281.795063,1444.588776,1884.532904,4164.98079,20572.60074,8361.699754,-11847.86514
12-08-2030,0,549.8344875,1225.417582,6642.311608,2,1963.422656,-5337.388501,616.8341625,1077.558582,6527.352135,745,1323.353959
13-08-2030,107.5870036,306.4243,185.6822059,2865.175612,4,-868.116653,-1287.426592,-546.7058812,150.9908543,1140.362903,5478.141535,-358.2168354
14-08-2030,4555.071111,2527.051542,2183.527468,4360.623223,5,-1079.941784,-276.8320929,314.1945599,1746.470333,11483.24953,7318.163512,-1745.044421
15-08-2030,303.3647764,345.5696709,-553.8842705,433.8084547,5,389.6421203,-225.414645,-280.5573816,663.7669433,10028.31557,8220.881218,1327.962457
16-08-2030,332.4019244,1524.76334,-2090.045632,714.0803276,6,2277.345207,641.6093158,25.56137667,943.2625178,8005.276072,8739.802366,2116.701679
17-08-2030,376.4944728,0,145.1322806,2085.643614,3,3040.687099,-80.89646697,80.54342723,6692.091789,15401.31002,14110.32407,-2856.337434
18-08-2030,2487.711383,928.2718534,2193.585844,2981.029097,5,982.6380357,1459.303621,-307.4861408,2558.490404,7195.822925,10251.16057,-2755.317741
19-08-2030,228.4910621,0,668.0457948,2176.174567,2,-862.0390969,-1346.467996,498.8517483,2795.282746,9091.2672,8785.71745,-1186.500968
20-08-2030,555.6611897,185.7226834,453.9759549,2547.004545,2,-330.3964858,77.55022442,-184.5136682,150.9908543,300,2445.194467,-350.5521371
21-08-2030,474.257327,30.91427545,252.6517599,2625.956054,3,1734.802448,-338.9489913,-742.877423,2988.275782,13738.0329,17473.82287,193.3090455
22-08-2030,3800.259118,0,3063.518568,4245.643665,2,-3593.18392,1160.61308,171.44268,5737.849919,13916.41378,14911.08433,-795.6896133
23-08-2030,1688.53961,1206.627831,874.870161,3938.227496,4,-407.7006384,-178.9972499,341.8530829,150.9908543,5359.277857,2822.16493,2204.097047
24-08-2030,0,0,-114.4062506,231.2540263,1,12.37024328,507.0887582,-94.15390716,1137.543393,2317.817141,745,-428.3352123
25-08-2030,1227.788282,723.1794733,981.5432198,35054.7875,4,884.385496,2413.185915,62.94298943,1647.494759,10416.30305,6149.277284,-29781
26-08-2030,140.3472314,5601.011578,-5586.733475,5473.09054,5,-3200.048594,1795.259567,-521.7420256,2480.361595,10260.35665,9289.115394,886.7260256
27-08-2030,472.8665686,338.8838851,58.11025815,2281.964458,3,-505.3962631,285.7506336,185.6564281,634.7963537,9802.96456,8646.207718,0.078516979
28-08-2030,19434.3199,0,19844.53851,24066.0521,3,-308.9185987,-1468.371252,3268.124061,7582.410081,25439.88254,1419.884907,-277.0132033
29-08-2030,871.4089111,127.9521702,1407.488769,3940.465854,1,1452.383439,246.3317478,244.3197985,959.7691737,6474.735212,6049.551612,-431.3526283
30-08-2030,0,886.7707282,-617.9472876,3003.013942,3,-279.8590747,2562.576089,-26.93783789,1679.234166,1236.705516,1962.82853,269.6332335
31-08-2030,2380.305016,2655.822616,-1108.403807,0.8,10,-157.6088395,-876.2215969,-236.3691168,1004.017216,7766.334169,7677.778334,769.5126057
01-09-2030,980.9473314,833.1444078,241.8314525,5271.464033,3,1828.901419,539.3148251,456.5272939,150.9908543,6455.784162,4766.366035,-4772.753177
02-09-2030,1435.214411,2543.018449,-1409.975289,888.9099406,10,-365.3413216,-2322.32911,94.20212664,384.8613373,7149.204783,6982.881494,1572.768591
03-09-2030,1365.151412,289.8408129,1343.712619,1365.650012,2,-1329.282846,-989.4333728,7.18999586,2985.025552,10704.0317,7697.271789,-491.255853
04-09-2030,1236.193713,227.8116149,319.3491803,20661.50991,6,-380.9706599,-124.960607,-355.878498,366.8647863,300,2506.959177,-4642.149696
05-09-2030,1563.836346,100.9021996,1322.860167,7144.123895,3,5800.224543,266.6112186,559.8144203,2819.194172,9967.852823,3469.067376,-464.5757046
06-09-2030,880.847803,0,1980.115299,3081.767343,2,-983.1561134,741.8597629,-59.14128593,1006.84336,8608.547829,7661.812552,714.7393278
07-09-2030,1100.776391,0,1368.885769,1154.505,2,1072.380955,411.7874241,247.6791202,1876.955475,6653.017137,6913.044613,188.8834735
08-09-2030,1205.313476,576.1113566,1043.740908,0.8,5,-397.3934439,1080.484138,-238.7643923,697.7448458,1449.201903,1499.143427,1502.451795
09-09-2030,0,965.843185,506.2946527,1756.2759,4,-42.67837139,-310.5881374,385.9953366,572.7851897,5600.384904,1089.138438,-2362.226494
10-09-2030,2288.88337,909.5951116,851.6325035,1845.7328,4,-513.5217105,-2461.86666,150.2910317,150.9908543,6837.342506,3162.665019,2021.366646
11-09-2030,76.21002893,1115.646919,-677.8677662,64.60544706,3,692.6404351,812.233233,-302.9344136,2460.946601,6318.887435,6782.69133,-116.8923899
12-09-2030,0,660.0306063,661.9855843,5947.694472,3,-174.6552692,-664.8647357,278.4664352,1098.349556,3192.241281,4112.920249,1742.529429
13-09-2030,1233.382347,7815.744625,-6434.505303,2238.076076,5,113.3711681,1027.349957,-0.806686558,3548.742547,7594.486714,9003.440744,1641.720713
14-09-2030,1011.723377,1079.73251,197.2272178,0.8,6,25.0063919,11.6945171,-281.3651344,344.0540294,3002.230062,745,100.4378311
15-09-2030,0,472.4677743,-1505.360892,23191.9362,1,170.4028691,262.1252556,-295.0662119,705.8341192,300,2993.87714,-284.3628458
16-09-2030,463.6859016,1170.896432,-1000.35976,299.9665748,6,1754.197842,1097.766595,-82.97444752,1204.603079,8747.065128,9975.367782,1329.678766
17-09-2030,1018.888585,684.0018767,-559.8837706,910.7517277,5,108.3891746,1221.97681,-230.9317903,1273.335369,7260.164922,10718.91985,1135.861291
18-09-2030,970.0129808,0,-129.3789676,2801.211958,3,-112.1982447,211.9491999,-645.2677642,2719.483578,12603.02467,16803.86135,2913.39197
19-09-2030,5024.415421,2836.368445,773.7291213,7723.707241,6,3532.391742,366.5088962,1108.194069,1283.60571,14406.33768,5592.726225,-501.7760604
20-09-2030,1679.409872,2416.812496,-319.0717187,1821.59791,7,-90.57895227,-106.4260496,-323.4763129,150.9908543,2083.097092,8098.98895,-3176.910581
21-09-2030,78.47267097,285.844858,316.8593545,3811.728735,3,4711.269281,-366.1241266,-1424.165616,5673.769567,14115.26411,22916.17,360.2189958
22-09-2030,205.1886373,6646.402632,-5133.747383,10973.19361,5,-149.2175657,-4425.31355,-705.7473809,2404.379636,2944.402146,7215.264961,-204.544728
23-09-2030,3560.629046,2354.444649,1952.542261,2221.55553,5,-316.8382741,-104.886139,173.6759469,812.142549,10405.47473,5706.689291,-563.7729309
24-09-2030,518.8698391,94.68356183,270.2838174,1077.923343,3,-810.0471268,297.5837633,-1029.053966,3095.016203,6645.059108,11763.32642,949.0942786
25-09-2030,258.5708094,765.2892062,-235.9733254,21097.57457,2,-263.3186267,-210.583637,2513.555784,7808.503981,45264.04691,22241.4953,-389.7015806
26-09-2030,1643.261717,574.293208,-175.8052047,779.9218526,5,-144.3724013,31.32421963,-565.302435,970.3686389,2866.907952,5866.584147,190.6808513
27-09-2030,1357.894034,1437.314988,83.48407382,29040.49625,4,532.9575873,1664.548627,3484.113181,23325.46488,87197.32568,65447.47372,1318.940956
28-09-2030,1816.865952,31914.47475,-29781,5719.193532,9,882.5311501,-33.56850562,-4268.315536,11061.52306,9439.11927,37753.09439,1449.656236
29-09-2030,387.4577199,0,174.1867487,22326.25499,1,93.13436295,711.5252635,3168.741865,8074.004824,46421.09897,21169.85029,-1.147177354
30-09-2030,0,1928.430945,-3308.193926,1823.203363,8,1695.933725,-1069.671187,-614.4377619,2209.015797,6964.461467,12012.34367,680.9473289
01-10-2030,1480.936682,983.069087,252.2592989,434.5009811,5,-700.7888606,-11428.17858,-212.9086086,150.9908543,4788.297701,6152.900097,1576.840231
02-10-2030,0,1814.843183,-2513.429917,749.6660555,5,-9933.844625,-617.1803161,-168.664033,6928.982529,13389.06147,15624.49038,3395.311745
03-10-2030,0,1316.408997,-1326.5103,2662.058855,3,186.217301,-18.60756145,-180.1369396,956.089368,5135.521611,6925.393264,-1037.118511
04-10-2030,901.689518,4314.609357,-3100.255253,10691.7477,6,2164.36997,1435.20776,312.7273336,1786.08564,13073.59469,6506.321666,-5826.676995
05-10-2030,0,259.2842421,690.8824526,1864.661356,2,2305.596693,300.5650945,19.94513553,1409.795204,36144.05993,37002.27979,-593.8192919
06-10-2030,804.2678282,906.6198606,952.4556757,3065.471132,4,232.2303865,-777.5772169,31.24526517,544.229443,4545.080264,2815.461736,1817.801962
07-10-2030,0,427.7289075,380.7781929,1709.393113,1,449.8786608,341.5069947,443.8756759,607.9762166,4873.679519,1734.140139,-175.4352064
08-10-2030,47.66134771,397.1214215,-147.653358,1891.410138,2,1534.57298,-648.2319812,431.6700635,2550.900684,5630.007807,2511.057347,-277.1511392
09-10-2030,0,32.27158448,-96.73783494,14673.61131,1,-342.9247754,668.2603423,-880.7702697,1254.581409,300,7620.769534,2428.337161
10-10-2030,0,421.9175998,-545.3173325,3214.448318,2,-863.6916928,-5449.328728,623.3092692,2042.336376,11183.22787,6788.41114,864.2987382
11-10-2030,2057.102555,0,2379.391426,10804.37276,3,1229.293563,-860.8613906,930.2940022,998.0955556,10199.22206,4643.496582,2246.302555
12-10-2030,149.0510077,325.1048463,-385.4308493,8517.572471,3,-218.37699,108.8759554,800.8094988,2109.34551,10056.72209,5697.1885,-162.2635647
13-10-2030,209.0723879,0,-1021.915017,3719.665418,4,-743.9093727,-496.064464,-307.6521382,387.7946524,511.1800161,3448.637779,1039.398326
14-10-2030,3590.934055,473.9928262,3324.834539,2189.012999,5,-200.5723479,2744.642129,-66.43077757,2131.074723,5145.887774,4020.162767,-158.9992887
15-10-2030,301.3837499,1284.032164,-805.6618858,3546.147397,2,-97.67159433,593.8314659,263.2668781,979.2740103,3943.866594,843.9941588,-2874.055442
16-10-2030,316.4307652,0,-270.8976706,2062.051552,2,-801.8095205,-5771.128651,399.4193211,1194.145041,9764.67906,6684.693337,-1057.249647
17-10-2030,0,9.204898877,406.569683,6157.039791,1,113.4948261,-1702.462786,-864.8142161,5675.334995,14104.23821,19620.5349,-80.22172507
18-10-2030,703.008383,248.384128,71.86630843,12264.83652,2,178.751184,-930.2825199,-186.8055643,1899.443553,3470.999675,7158.044619,2275.783643
19-10-2030,0,533.706219,-298.4077222,402.6069494,2,-714.2855833,-10316.30627,-592.3831423,1324.533525,3208.105254,7008.383657,1024.753729
20-10-2030,217.1307949,1335.411158,106.3530464,290.0720409,5,1231.775859,556.7645251,-288.8320716,2043.181966,6413.558059,8516.186689,659.8926934
21-10-2030,5559.915215,3732.049688,997.8864992,639.2590767,6,19.38597014,-551.6422705,-224.8034972,1260.19183,9969.87331,9976.873439,503.2137532
22-10-2030,572.9423811,500.7230289,356.6129641,22539.17781,6,-1630.126276,-395.1162925,-247.1267454,150.9908543,300,4285.491262,-4804.583263
23-10-2030,870.0844576,23.89144298,1.140807405,941.2981228,4,-1065.298986,680.8860055,-70.42777355,857.0785904,300,3285.843566,-954.6568388
24-10-2030,2111.704076,1982.341143,220.0844723,2033.081845,3,1402.767783,-710.5108524,-165.6192794,1102.641699,39216.98617,41316.24507,-1622.916898
25-10-2030,556.9131787,2552.596844,-3059.262269,0.8,5,-10021.60214,-739.4354311,181.4521662,6914.788969,14704.3458,15673.04142,2537.452973
26-10-2030,6054.641001,412.4073671,5706.395878,6120.440058,5,-2094.671221,617.998009,662.052284,2456.416684,8458.177075,5104.356953,2598.51215
27-10-2030,2548.341346,920.0891255,480.7340479,2413.790676,10,-673.2797053,182.7650148,168.8879949,1659.939146,10098.89302,11030.22604,-162.4284289
28-10-2030,1466.060094,39.72876442,656.0734345,10325.96472,3,119.4302709,-2041.499724,497.2246965,992.1429153,6438.423236,4567.491634,2550.441573
29-10-2030,861.6821497,5644.500905,-3827.89623,0.8,4,1481.298915,593.185,-893.9361721,2329.444407,4442.94094,14103.88884,-1134.38409
30-10-2030,889.1866588,77.07103687,31.83546856,1646.208198,2,-1382.451408,-1163.328134,286.6953498,1115.570064,6055.457581,5004.656498,-128.8005943
31-10-2030,0,560.7841274,-782.9635016,0.8,2,-540.1676127,845.5019406,-76.19855191,150.9908543,300,1647.502759,-911.3389121
01-11-2030,339.5853399,202.7776288,-137.1284274,1189.202055,4,174.845478,-3.570396978,-68.32707036,320.0833682,3012.373368,745,98.97498599
02-11-2030,4759.344674,3647.089113,460.1446365,8551.036437,4,586.2082949,-1732.151367,1085.644743,1533.210936,9519.015,6158.130037,-5051.821608
03-11-2030,538.8006139,0,649.7533061,2076.233701,3,-91.41273854,-3423.150996,146.4182619,530.1915547,9475.65699,8679.384584,181.7529451
04-11-2030,1407.139127,0,1755.735537,4391.325495,7,-550.2942145,-301.684764,219.905372,1395.792761,5052.17947,3037.5953,-5431.325539
05-11-2030,1723.887965,0,595.9743563,2071.010104,3,159.4844131,-3606.870872,374.0065303,150.9908543,8432.160334,6926.725641,-733.6434376
06-11-2030,0,412.7111466,141.1278327,5239.35104,1,-1292.128411,-946.8969391,-52.3805105,563.0928217,4252.549936,3601.457788,-569.17801
07-11-2030,337.0726562,1807.391147,-487.6548859,4646.856529,4,2786.580104,326.1803804,432.2306516,1437.258765,7773.478957,8101.472599,929.2508192
08-11-2030,356.9731841,368.8023568,682.5577656,2223.74541,2,51.28949708,1290.928871,-27.49393871,714.0693188,1611.064557,4987.554966,1296.336905
09-11-2030,0,792.9680555,-90.01257766,15680.61451,2,-555.4802002,1430.008028,-879.7549405,1080.399117,300,8570.495492,-370.4503796
10-11-2030,5.715879315,1443.334623,-939.2790033,374.3981558,2,-1108.927395,581.3772343,-63.64681253,1208.041525,11890.75165,11422.59254,1337.628192
11-11-2030,172.2313942,4469.971849,-4823.578976,0.8,2,4151.713912,851.044871,-1690.243247,5436.222255,8908.308256,23576.00675,4659.999672
12-11-2030,0,2115.376947,-1185.626207,359.8528243,4,-151.1159998,522.3986569,315.6085174,1203.160247,11401.43929,8779.146456,-1167.5098
13-11-2030,0,893.7236341,-149.2182376,143.9372423,4,-1154.312472,-1609.318958,27.86805026,7313.757741,15691.88019,14783.78289,-543.302797
14-11-2030,3140.431387,565.4485094,3964.220776,2061.558412,2,-2762.398788,2497.90991,103.3158277,5910.594732,16676.94525,13748.39933,160.2980951
15-11-2030,5150.253503,3974.390546,-41.03967594,1019.634347,6,-253.5888592,144.6905644,-52.83856029,978.2247427,8679.461027,11694.26849,796.3769239
16-11-2030,367.396481,226.4504564,960.911515,12085.02411,2,222.3313234,-1409.600222,-371.1421275,2419.769443,3559.174595,7311.372243,2411.734384
17-11-2030,1086.117591,216.0853079,552.6122192,16818.09848,3,1062.173666,-919.8352341,-820.8905335,1863.563563,2424.057606,7842.826025,-5859.356978
18-11-2030,454.8482849,110.9228921,-604.694562,4308.527062,2,2186.229646,-5580.32604,729.4845759,1072.45306,3830.080267,780.9564166,1528.322049
19-11-2030,813.2400381,470.0373537,161.4600004,7701.306145,2,271.5500046,559.0982499,693.1875937,2711.082017,6450.600074,2219.953444,-630.2266845
20-11-2030,0,993.5633003,-1266.979161,956.5352541,6,203.7204773,-795.2436322,369.8787299,150.9908543,9548.627433,9315.798704,-1152.448452
21-11-2030,476.4348037,1225.58111,619.3365129,583.2151757,5,-58.96647788,-11524.74879,-477.0482991,250.5353958,4354.658185,3318.479125,1550.3432
22-11-2030,5024.680467,4233.913148,1128.337352,6956.869258,6,3635.956625,1330.755777,901.3110514,1946.503103,12167.18566,3894.593541,-1684.149312
23-11-2030,3056.811775,46.41154444,2936.595338,4536.935696,3,65.02809219,55.24648244,404.4149608,1331.050598,7331.020333,2207.019765,-1646.026831
24-11-2030,0,0,-393.1867987,0.8,2,-976.1333274,10567.30178,-1807.74865,4103.10661,3519.627703,14550.61199,-49.97206174
25-11-2030,482.4007223,717.8460955,-354.3851514,17147.84604,2,-1155.315751,-675.792797,-1019.187014,1821.694107,375.3865255,6833.067421,317.2618904
26-11-2030,19949.7164,1095.539012,20312.61346,23446.95579,3,-150.4136819,-1550.177033,3340.159643,8061.218051,24751.2911,1350.954082,-797.7942215
27-11-2030,0,571.8604684,-472.2431674,2029.924503,5,-186.3176693,1.406385929,-118.9777344,690.083237,7771.429488,6435.066575,2173.426611
28-11-2030,1139.664881,956.6275416,93.94629856,2129.74571,5,-1098.080587,-738.5630781,-185.9702257,1838.514605,5124.783865,5843.771213,-293.722971
29-11-2030,1404.036357,553.6215325,1742.054217,32284.47291,3,-292.6379635,-963.7800536,3724.789771,23105.83596,90252.13666,65899.40101,2683.045151
30-11-2030,1501.075675,64.2625575,1645.061365,3025.459425,2,-504.6023,-3460.54175,-1268.643194,3351.673286,3615.88544,11834.97479,289.1202601
01-12-2030,0,11.42233641,915.0771544,4164.77456,1,91.8637562,-3313.571503,194.2469724,381.491583,2541.970165,745,-797.2775145
02-12-2030,1088.453413,0,-813.7242519,1202.209023,2,-84.21621384,1116.875399,-56.25981385,728.8962976,1518.599319,2788.332533,-443.0331945
03-12-2030,0,0,-935.8961474,2129.297151,2,-823.0534036,-105.2058524,-98.9786264,636.876696,3479.275738,1961.367447,-114.2557264
04-12-2030,31.32035276,9767.80317,-11526.11255,2446.036815,4,10085.01854,671.4046215,184.8921868,6248.986587,16745.96769,13217.56899,-2463.224719
05-12-2030,1610.830103,0,516.8522178,6492.082428,1,843.9493445,-688.5460166,1072.098042,961.2390824,9247.130625,2889.543579,279.9036249
06-12-2030,619.4817845,1088.262776,-127.1997848,3841.121361,3,57.84800825,1686.51991,-87.3595846,150.9908543,311.5772446,2044.25931,-164.4366243
07-12-2030,0,474.2679892,-291.0504447,13737.50315,2,-910.57274,-397.9425642,-882.0438016,1286.327556,2467.193483,9515.29401,-214.893348
08-12-2030,0,0,808.9805255,1349.396404,2,1411.127518,40.09285276,348.7832205,983.1235757,4820.948727,3250.490938,350.9592879
09-12-2030,0,436.8551951,-751.8316704,21321.11102,6,-504.216232,-48.16784596,-328.5773924,150.9908543,300,3768.693246,-4412.884438
10-12-2030,69.15253802,772.67042,-254.7906225,7485.862843,3,2112.026367,970.7911073,298.2638084,1494.999554,5976.13778,1503.403154,479.099988
11-12-2030,47.98396772,699.32947,-49.04405026,2500.139675,6,-660.2935257,-680.8639097,-11.91503928,150.9908543,4068.161626,4196.374172,380.1742476
12-12-2030,336.4328807,278.5815124,280.3193115,1186.554064,2,-6753.425986,1019.055176,-1295.781504,4006.64723,6503.412989,16701.54217,480.5012337
13-12-2030,1220.958894,3577.198193,-2177.203124,521.382513,3,-385.9957636,-740.7099801,-579.3688202,735.1763525,4843.464222,4262.158227,186.0107314
14-12-2030,1643.474362,0,654.9223971,3407.550384,5,-4376.261284,711.4229553,-699.7830036,2180.344861,8650.207033,10807.26176,-180.1556924
15-12-2030,200.0559757,0,2088.304681,4729.375292,1,-5723.57291,412.2617051,-590.0373262,3108.415356,10504.88164,10097.3798,-5999.707096
16-12-2030,33499.38816,31626.49754,2359.09538,1190.364586,5,-1223.570256,-295.910003,-33.70602567,1571.773144,35398.66734,37760.88363,84.83299546
17-12-2030,3401.103478,1151.4009,2294.869036,5166.987002,5,933.2201456,756.6075733,781.938087,824.3290545,9322.371744,6622.623031,-344.1435145
18-12-2030,0,0,-650.9683344,5894.734197,2,1408.046582,1461.673683,123.4764676,956.0536019,1919.661089,3515.71715,-137.9228363
19-12-2030,2272.299861,99.25493983,1389.882017,5693.728848,4,-172.219048,-894.1039259,484.8410564,1047.165352,5761.506397,1929.897716,1383.00544
20-12-2030,862.3561957,246.1620994,-26.04182733,2362.16825,1,1849.156154,407.7890583,385.9176437,838.730294,2289.988455,1659.539302,-620.0964301
21-12-2030,0,0,132.1981332,7316.085027,2,1190.589052,193.9330838,687.9033645,2019.615349,7663.709552,4206.112419,-794.1479777
22-12-2030,0,0,-816.0807235,1498.321221,2,1058.341193,492.2312269,247.1266995,1012.239556,3967.050595,2968.097738,-383.4887278
23-12-2030,0,332.8484506,-185.0511357,2997.645075,4,-1098.757063,-1406.284745,-215.8812455,366.9322418,300,4443.210093,-385.5966777
24-12-2030,690.6122902,342.6871109,-763.1276463,0.8,6,-3072.302029,-227.7578165,-1052.035074,2508.952798,5482.470448,13074.99088,358.9419048
25-12-2030,129.8591294,0,-130.9887435,22617.40292,1,-1.138294289,376.958266,-192.409373,321.3820101,1231.928663,3547.209272,-1124.760356
26-12-2030,425.7850504,99.79989491,162.5903571,6198.589206,2,-962.5217843,616.7767481,448.5951885,2819.85241,11803.08818,3181.307086,-152.9572197
27-12-2030,1294.023029,1220.419192,1364.851518,379.5896917,3,-9.980731744,984.3944246,-1086.698652,2012.496965,5664.344305,10729.31537,-313.1202211
28-12-2030,2605.807456,184.8111323,2601.932328,5947.492302,4,-1456.843001,-1480.684772,929.9165073,1456.993569,6918.888869,6818.570196,1690.117848
29-12-2030,178.8153008,0,748.0965729,0.8,1,-3095.856936,1692.041852,-137.3477106,1599.352447,6624.142115,7624.844801,300.4357251
30-12-2030,349.9564929,442.609651,-1111.217283,2955.522387,2,-803.6207435,153.0564424,-152.3092796,301.3859046,4379.401429,3210.107432,-2273.883028
31-12-2030,759.1472702,0,355.5014183,4494.399633,1,582.4564185,-614.2441305,166.1695632,688.077829,3664.03236,2377.521224,623.8568022
01-01-2031,2136.152197,185.8899222,819.2146692,4891.36014,2,957.2741248,382.2158543,371.4817027,1405.477324,3599.11162,3828.376751,355.9053156
02-01-2031,0,0,281.0950199,2668.224369,3,1870.204412,871.438609,471.0303212,1084.465412,4977.312757,1442.840629,10210.60103
03-01-2031,1041.428327,555.1478876,-647.1199327,3748.647812,3,966.9810328,1664.742384,199.8393467,1323.982621,4091.26296,5416.570838,619.9654425
04-01-2031,0,979.6903459,-1592.802252,23206.26184,2,-20.13633665,2617.694592,3170.263442,7784.294845,44313.18927,22010.75248,-339.5821829
05-01-2031,0,0,103.297653,3992.927793,2,1063.53243,621.0394033,66.40877405,1001.928815,4248.616235,3603.723646,-1051.910154
06-01-2031,0,250.2130307,318.7304756,6498.957114,3,93.16814492,690.1803099,723.4571591,2321.834444,9775.443877,3920.562112,788.3949695
07-01-2031,224.3016283,4331.409646,-3591.528124,0.8,4,683.7943091,1183.005776,-1012.961003,2006.82253,7731.422451,15260.95753,747.3032399
08-01-2031,399.1362594,0,-43.86525872,16252.78698,3,1632.927475,-330.884316,-744.5178263,1297.839019,3456.471888,6180.949175,-5115.976658
09-01-2031,450.9071894,683.2935017,905.6167341,0.8,5,694.8683261,-11313.61351,-447.9684405,150.9908543,1300.153886,5629.569706,1138.377779
10-01-2031,0,0,-57.81184925,4558.570162,4,-74.77011624,-11207.08942,732.1665876,4100.774836,11337.55045,4581.367587,90.63757839
11-01-2031,984.4110872,48.04183309,1132.334441,948.6989094,3,541.0292779,1202.561209,-184.7390006,150.9908543,3877.2659,5894.221665,-1412.074516
12-01-2031,951.7244436,996.1832973,657.3018823,1740.346604,10,-542.4452065,-203.4497119,69.59970726,376.744218,9622.886504,8152.141017,112.7056672
13-01-2031,2358.884856,0,718.8507077,3448.967846,2,1055.473685,552.32921,332.2842628,1826.635141,3789.224308,6009.946647,565.0615236
14-01-2031,0,6916.408941,-5821.566197,1002.926081,6,793.6711123,897.1032794,-830.8581645,2989.772571,6615.247994,19355.81208,497.5148037
15-01-2031,0,1196.693091,-1226.776541,889.2394387,8,318.5860679,-1542.958419,54.61886656,278.6669011,4225.786142,4507.702426,2039.819905
16-01-2031,316.6535829,1369.240618,-1182.960858,713.8008985,3,360.3468468,-153.4754578,196.8032975,1112.391548,8444.790216,9498.696558,-1077.388008
17-01-2031,5330.459381,4041.304598,1495.890352,7384.018392,6,3100.452935,-392.3186369,897.1609713,1700.029319,10571.37303,4417.081676,-1034.424566
18-01-2031,325.1535368,0,-1272.409594,6942.894312,1,184.0951147,-2214.256967,-827.2068431,5933.526055,10979.77197,18026.43366,-105.0253175
19-01-2031,0,659.3346369,-1507.618456,622.6244143,4,-1172.056646,2354.547632,-514.7343951,1328.266069,4689.91516,5216.805199,442.8173636
20-01-2031,46720,476.5207079,45720,58180.8,4,-11974.53852,2714.005942,7735.714286,19129.42375,95331,40328.09321,-27860.77294
21-01-2031,978.1404649,2835.649622,-1729.970093,0.8,10,2108.57372,1385.896414,-1074.428267,2655.626932,8319.576102,13131.7487,391.6507454
22-01-2031,61.64465413,823.1998796,-933.9525332,1158.261238,3,712.2045137,73.38238661,-382.204777,2273.350823,6686.37457,7721.111491,-593.8359119
23-01-2031,773.4731701,2138.715891,-802.5985623,6809.599849,3,109.0454479,-3495.442906,-3949.559741,11992.46033,6452.203227,37033.46402,-6277.347467
24-01-2031,0,478.5466868,-486.9610077,2963.709143,4,-296.9491696,-935.8067962,-213.793491,627.2895501,1286.934462,4212.793068,565.1079142
25-01-2031,1129.194098,963.3807983,344.0531272,7097.773073,6,-163.9398158,5167.344385,15.03598591,150.9908543,6939.296898,7453.03739,-32.65427106
26-01-2031,1985.962052,474.8366738,1737.89049,37723.51716,3,721.4238561,-177.6777696,1162.576511,1095.864668,9529.031899,2761.424973,-3768.697687
27-01-2031,2333.268625,1138.60991,681.6902805,484.4421586,10,-356.3734851,-141.1963725,63.8919176,1060.724107,9358.743947,8467.290274,-493.428502
28-01-2031,2305.364304,444.2386049,1701.930261,3239.084038,5,-174.0647588,-4618.732012,294.0468288,621.3947653,5123.83637,2072.930156,-731.9293935
29-01-2031,568.849252,0,-142.9806004,486.750724,2,458.1927437,1181.202229,-580.7843027,1790.108523,3573.056612,6396.11364,2327.214181
30-01-2031,0,295.7419421,372.9194477,3522.630894,2,-75.62229268,-931.0107706,281.9235007,1026.129018,3785.15783,2075.54215,-1464.085531
31-01-2031,754.1410919,80.06520778,216.0312591,1359.938971,2,802.0490121,2948.302409,-1482.625223,3899.753397,7619.938182,15660.32288,-23.5889136
01-02-2031,799.6302426,683.4548806,-161.4463578,954.7672746,4,-399.2862137,316.0703669,99.54287381,150.9908543,300,2186.406637,-1012.369555
02-02-2031,0,0,-66.36061807,5682.901778,1,-2019.364412,1684.561643,603.3557925,822.5607166,7976.883243,3408.10647,170.1068435
03-02-2031,2279.628511,253.6466463,1290.840007,3033.585742,4,818.1157291,-510.5139402,284.4936164,505.4239533,4466.925941,5110.619816,2318.02409
04-02-2031,41.39550147,260.5501395,1711.91283,4449.124972,3,-654.2226022,-438.4568666,282.9559133,1109.859328,5569.60059,2035.532145,231.9098153
05-02-2031,0,10284.59276,-10384.28556,2634.993677,4,9563.794665,103.2029791,346.6541101,6080.325175,11612.33264,14058.69689,-2416.682776
06-02-2031,1220.131028,272.6182381,1729.290273,1574.802837,3,561.1355479,1218.712268,-438.6550655,2389.948934,12145.8308,20271.36356,-490.5452503
07-02-2031,0,0,521.7481505,3338.246853,1,-1026.360937,-843.6535162,-39.40917489,821.3929599,659.7402859,2304.67045,511.0128623
08-02-2031,1620.090731,0,1514.709252,30696.49935,3,-162.7572584,-166.8396483,3716.411406,23348.34556,91939.31009,63374.3594,2122.671655
09-02-2031,251.0341276,0,311.945127,23963.90538,3,-90.13440842,1215.357345,3540.53246,7771.829567,45450.95176,22367.20652,-621.1061909
10-02-2031,1156.917401,12578.37902,-11948.03031,406.2772834,4,-3433.092525,227.830186,-2296.685364,4396.41843,4978.370321,20183.29217,-558.7957409
11-02-2031,1183.265474,590.5346398,691.4915281,7990.069095,2,-160.3773472,1934.461124,181.2734787,1159.905612,5434.085398,3144.32032,1705.241841
12-02-2031,0,671.6064821,179.2339833,1940.706323,2,-2481.521412,-217.511975,-222.0432566,1298.418711,3473.027492,4541.416934,-497.8669666
13-02-2031,213.131125,634.9171837,-504.4489794,23124.86331,2,-968.3053497,404.4765655,2710.285175,7628.084164,41856.29122,21023.34628,55.23493837
14-02-2031,56.03704986,1108.95924,-336.2966016,17440.86048,4,-5203.010523,-302.1632217,-1049.360044,1965.750528,1390.814382,4790.670099,-385.8296901
15-02-2031,1561.765869,1254.022417,609.7483708,994.2073771,7,-3251.969698,154.489158,-770.239555,686.5394006,2175.750604,9307.934613,1554.651091
16-02-2031,524.3973772,1188.952528,-2764.186875,0.8,1,-527.7770597,-426.9641153,-529.0682527,1891.600226,2740.016568,6233.039152,595.5245243
17-02-2031,248.3576283,442.5454356,-852.9226646,548.3951209,2,-5906.830136,586.8693873,-1251.784167,3639.951546,9755.707742,17467.65165,839.5309884
18-02-2031,0,0,-14.26098575,23921.50354,1,49.34336075,-132.6685377,3350.170904,8004.182199,43862.79026,23356.98659,489.6247087
19-02-2031,0,325.2510613,543.2766393,7366.080244,2,449.8677232,-663.985327,624.3295699,2763.962921,8527.839038,3756.420309,-284.665198
20-02-2031,0,336.0556223,-1.123280665,3226.676575,3,505.6356233,776.4286131,-347.1268855,810.8848218,4576.695988,2515.24693,-308.5336623
21-02-2031,946.4826766,1738.09889,456.0629483,6693.738009,4,1597.458379,342.6036896,1156.973558,885.3078005,7190.316493,3470.785775,-6430.146556
22-02-2031,71.43664632,876.2698381,1.477289608,2772.029029,2,1958.943964,-459.9500552,17.93155629,2218.764785,7531.567708,3853.418555,65.58805017
23-02-2031,496.6485035,0,208.9960228,1670.349989,3,2127.223036,-270.4014963,-758.380003,2710.241713,11098.24629,17994.26897,-729.9253603
24-02-2031,0,78.97891266,-257.0326709,7625.750457,2,641.9022427,516.7321893,537.0841019,2590.439129,7735.84984,745,1302.684949
25-02-2031,1315.194922,323.8684145,1441.0964,0.8,3,200.3432393,-1024.079011,56.89524385,1461.759122,6263.204759,5484.075159,1696.923166
26-02-2031,642.5177002,1020.724964,26.98586533,7801.571064,2,1193.060458,1908.693119,-4328.049121,12409.75901,9930.755989,38655.98749,-3.833886428
27-02-2031,0,4527.217028,-4068.113702,0.8,2,4088.008343,973.8197094,-1813.628616,5217.103689,9677.936676,20436.31479,4463.943694
28-02-2031,0,0,215.377395,6303.434944,2,786.7300519,-36.30233369,689.7890726,2519.059498,8464.315403,5034.894504,98.6880526
01-03-2031,223.5959101,864.0980469,85.50832937,4188.209323,6,76.8471514,-953.9706451,-133.966624,561.3101611,8947.029931,8446.847015,1899.801462
02-03-2031,0,894.6152696,-1027.728085,2524.179113,3,-551.3914754,980.8765151,-463.9015509,648.9499855,2085.15856,2148.123446,105.4145666
03-03-2031,497.2224135,680.640194,787.8180324,3872.406872,3,1217.992828,-324.2421147,-680.4804007,2452.050774,10817.9553,16608.36015,241.7121236
04-03-2031,0,227.326995,4.603756333,3385.436847,1,912.3432386,-579.5151781,-574.5566559,2385.759469,3285.219183,10597.01561,335.6589692
05-03-2031,2232.209049,2104.633469,46.74493765,2998.06111,6,-92.13189446,-499.1990374,144.4690621,251.8497844,11350.09001,8134.977817,1994.206381
06-03-2031,803.5618628,1029.351837,-316.8561128,2325.71368,4,-277.6186214,-538.7926511,-162.490993,363.9962777,2270.169324,2673.972521,1091.761851
07-03-2031,833.1968797,1404.145738,-882.1582487,3341.693018,4,29.55594793,2222.796234,-16.71243917,6475.352599,15668.96246,16635.46656,-478.7785069
08-03-2031,0,536.7205109,-65.56313139,1286.27688,1,-679.1299259,-1407.497531,70.62134393,906.7771467,36834.60393,39734.1031,-6.704400645
09-03-2031,1714.364467,9027.078619,-7118.605307,157.2033415,5,853.8557382,809.4208072,-102.4458145,3464.46513,8181.964192,8080.942747,1297.856553
10-03-2031,412.6132009,0,-223.0764363,2906.13432,2,1892.147791,-1423.550745,289.9843249,1942.071074,2206.944849,5182.671171,-290.6923407
11-03-2031,0,897.0769127,-709.592632,3967.977161,4,-49.30134795,-1114.151511,-198.3749293,874.9881185,7592.262791,9156.846477,-759.9651064
12-03-2031,919.7507234,80.39171698,1075.356691,1092.834595,5,40.58041963,-242.2018618,-267.8681377,789.2961294,6749.963796,4920.137848,-1092.894959
13-03-2031,2296.026542,43.88168604,777.2080986,3083.370581,3,-711.2395319,1144.542716,-680.838858,2707.48316,12789.44664,16383.29561,-567.7917766
14-03-2031,561.774105,545.5094533,-6.190027884,0.8,6,-4168.569996,-560.2381677,-1070.597372,2877.365027,6791.549852,16152.53849,402.9809005
15-03-2031,0,0,-179.707629,0.8,1,-26.7617882,-4021.00338,384.9617594,514.345742,6356.782251,1594.525723,-379.7435247
16-03-2031,1320.892746,720.1228963,1633.799938,3872.331509,3,-23.00551985,-1737.510813,372.7819172,915.7401235,7050.287118,2676.049946,193.613854
17-03-2031,0,2655.948659,-2066.070195,1191.145918,2,-63.89039055,329.1575755,-411.486548,6502.230113,13021.13523,15792.12302,4.932348662
18-03-2031,1119.68973,301.0522875,2454.909032,2410.294144,3,348.625214,1407.053735,-774.3136326,1933.943721,11688.69958,18567.86447,231.5188082
19-03-2031,1478.590436,0,1613.90401,7005.514003,5,488.1187917,-179.24777,551.7858336,1046.94132,6769.21734,3121.077877,1372.413547
20-03-2031,20221.86815,171.198397,19564.87996,24221.3257,3,660.6907626,-3155.297187,3403.859187,7622.843404,24081.58887,1482.282034,-347.0852522
21-03-2031,2297.102576,364.4951445,1287.832514,1912.577192,7,-7005.071581,1119.323541,-133.9947095,3082.59813,10416.02536,12723.02825,1097.22688
22-03-2031,0,10148.40897,-10151.70082,3226.900827,4,9624.992495,-155.7669853,235.9444368,5326.810818,14633.59096,12306.14992,-3635.635678
23-03-2031,2346.885405,405.1106305,266.8041138,3053.71714,7,219.8136756,125.2238779,-396.9003916,344.4501104,2836.561866,6893.026862,-2122.099393
24-03-2031,2380.335828,986.1040316,1145.466031,0.8,10,209.8929893,-142.8437089,141.1722869,567.8099094,11756.36719,9822.458886,-15.78933368
25-03-2031,982.6711343,866.3779137,-312.8897674,1201.784583,4,-651.2432227,-1037.440581,-157.3853802,882.1856351,6684.819459,10133.02739,455.6947386
26-03-2031,1802.137776,510.02553,1460.916556,0.8,6,-4647.401815,-899.5797615,46.07811703,2309.230509,7155.110929,7218.967841,-1873.56184
27-03-2031,0,1078.998761,1099.946055,3073.547054,1,901.0523733,-48.39599239,-479.998699,2234.483847,7089.361821,8292.569604,1101.901212
28-03-2031,1004.755449,400.0968265,234.4522203,4751.82739,4,1933.714161,-380.5863755,587.8260504,429.5095362,7734.090441,2359.563214,-4988.82623
29-03-2031,508.0169189,0,-627.471672,3830.655386,1,1411.648139,-982.927525,-580.2891367,2670.018519,6226.629533,9289.789881,1597.324023
30-03-2031,244.9877018,0,183.6559625,1266.72161,4,-511.0175519,-446.9924284,156.6601412,324.2660871,3798.272762,2181.260295,322.9558796
31-03-2031,439.3299702,324.9899138,-1109.55936,7313.336251,2,529.8012935,319.6436183,634.8421918,2211.316009,10464.70531,4601.233803,20.99927485
01-04-2031,11795.03632,399.7415251,10495.78298,13450.96822,5,1459.791944,679.0948029,1417.67221,4356.846265,20204.1355,5919.463,-11926.60906
02-04-2031,1408.781415,376.0135356,718.3615649,7764.574316,4,835.542603,-236.8144617,788.395031,1781.921818,7780.538454,2498.62581,-6938.356661
03-04-2031,356.7153823,517.9493712,433.8155311,0.8,1,-766.025544,-534.1991657,68.026302,1147.638086,38326.65856,40381.60465,107.3123308
04-04-2031,84.88919517,173.3785994,157.679607,1840.263755,2,1337.000213,201.2379738,461.4190883,2218.772428,3714.731068,4036.466398,96.17571738
05-04-2031,0,929.01146,-1432.43602,2585.11283,4,-1019.804193,1822.222287,-590.9498585,321.4604042,300,4237.534196,163.9116738
06-04-2031,507.6952384,0,819.2070116,5829.029838,1,-5448.130403,-269.2081459,-205.8006245,2837.898724,8443.045625,12130.10889,-6326.834815
07-04-2031,716.7729143,385.1433622,-697.8995034,1629.657747,2,433.171443,1348.029428,-30.9177917,527.3320823,868.6313613,4314.343488,-3014.344993
08-04-2031,0,0,-197.9325088,4326.124796,1,1807.110016,1850.357613,10.82190525,659.1212113,5237.246916,3428.477775,-428.6330229
09-04-2031,0,106.2709981,422.1140281,4446.398365,2,630.6561467,1081.847286,-32.82701291,374.8708045,3097.473187,2830.51953,-451.1839045
10-04-2031,0,348.9934283,-955.8006483,3519.847327,4,-1848.42223,1261.402842,-161.6314503,1528.286441,4056.575089,6506.608815,-532.6369688
11-04-2031,575.62872,81.41479028,127.6776694,3894.828502,2,2015.615188,790.9891549,-209.5718243,1060.601606,3106.587318,3919.299728,-570.1643705
12-04-2031,4569.980444,460.4475609,3751.964332,6863.947883,4,-1240.556688,-467.3085192,669.5176124,1414.232404,8942.339901,2687.949191,396.4199806
13-04-2031,588.2746044,171.6178021,1434.453807,4101.440388,2,159.551983,51.27899314,143.7372709,942.1897938,6393.680658,4471.736104,342.7401727
14-04-2031,82.63805714,0,575.9094288,4392.587135,2,502.3337575,15.29476323,199.1694397,1961.470453,5541.563357,745,883.9309127
15-04-2031,0,255.4565865,-37.54393293,3345.976382,3,2447.861124,-935.5760611,169.5806817,6406.314967,12071.22002,13799.05816,-2449.874613
16-04-2031,754.5179706,0,578.3086893,2771.567468,3,-1024.794778,429.6468689,-926.7130047,2860.096585,12749.29496,12904.99635,2186.270106
17-04-2031,279.2387263,481.1087346,-419.6184275,0.8,6,612.0872234,961.250566,-204.1612496,6898.557121,13779.9747,16148.76483,-230.4320459
18-04-2031,352.1406618,37.33596975,373.9895094,2485.380081,2,1014.827191,1445.687676,206.2322853,1835.504542,917.4308092,808.0692599,-802.654463
19-04-2031,218.0561243,2537.793634,-2757.230975,569.4636158,5,-10253.14936,-795.0090942,-404.8630513,6172.437383,13960.76983,14097.59581,2663.103192
20-04-2031,778.8693417,1080.571641,-1006.790116,8480.401176,3,2815.639044,74.54736174,309.0284508,1066.590722,7372.068273,6560.574606,-169.2995499
21-04-2031,0,0,1062.727544,2260.769358,3,619.7166666,609.1528893,-637.8176642,2058.414924,11122.23058,15062.1517,2148.488855
22-04-2031,0,191.4298988,431.1296123,3368.89171,4,101.590974,42.51317404,526.4121924,259.9696884,7269.175722,3447.046329,-2466.326348
23-04-2031,324.4001779,736.864634,-111.467834,0.8,6,679.4449117,1754.248187,-483.4963603,150.9908543,2244.094643,5549.212168,782.8043209
24-04-2031,0,529.9814431,-169.7922008,22706.633,8,-465.7466611,-256.7334304,-120.1784784,519.1686683,2139.866569,1082.822378,-220.1986423
25-04-2031,0,440.121938,-942.5720748,6182.276675,3,377.4189606,471.5659489,711.835096,2845.701105,7976.773992,3917.223959,681.9181989
26-04-2031,450.6889842,388.5961997,1095.788192,3567.121611,4,-176.9957654,462.1718914,-578.7975478,2394.137305,6056.363631,6100.193992,-4925.343718
27-04-2031,2976.562317,0,3117.677862,3565.593201,5,-221.8655268,3084.383331,170.2007442,2513.293219,5824.813988,3873.536563,876.4966579
28-04-2031,48.52797857,1003.47386,-691.2259019,915.3529097,4,-75.18849446,1714.558708,16.05547184,782.9791631,8010.692458,8098.55482,1221.544168
29-04-2031,354.4575882,913.2465573,-546.583408,14666.31649,2,-421.4181354,-517.1841488,-1017.127979,1970.132999,3526.30324,7253.604241,-439.9445189
30-04-2031,485.3305164,0,354.2553033,2467.089764,1,1582.153781,-830.0205798,231.6601808,150.9908543,7634.211141,4916.022795,2291.602516
01-05-2031,145.0051443,6330.35525,-5870.467093,0.8,6,665.5075433,577.3260288,-1299.526012,3829.991103,10874.95594,17855.97083,206.8908748
02-05-2031,404.4647755,19.98186997,-285.2499126,460.5373616,2,-625.1856456,177.437231,-462.5002134,1559.807155,1924.352818,6769.715118,2024.003402
03-05-2031,0,0,-352.0836995,21884.47855,1,-475.10832,-181.8625954,3164.246781,7871.808089,43400.83645,20799.87162,-514.7293419
04-05-2031,308.4624237,0,-753.4249726,2698.149125,2,3194.583409,-5810.702686,508.8468306,1298.055293,6009.182083,745,1568.400497
05-05-2031,2344.159159,31721.27452,-29781,6135.160885,9,1456.676291,605.8752345,-4151.77252,11558.88477,9592.312572,38083.99015,1423.266432
06-05-2031,0,124.5448418,-742.1465713,16558.85159,4,-5007.271626,-376.4819661,-865.109727,1891.251665,300,5750.194988,-853.9391493
07-05-2031,0,115.1391791,-857.0100012,21364.20514,8,493.4980284,-1030.26232,-331.8265626,359.0316734,639.066525,745,98.39217199
08-05-2031,170.6819926,0,-231.9192448,0.8,1,-620.3290974,-2819.276066,-76.56692398,1851.333205,2595.389107,3072.409435,3903.605483
09-05-2031,289.6792474,787.5113426,-1175.033692,16189.46921,2,7.698841875,-79.75210145,-987.2296675,2327.715727,1801.992935,7166.229704,10.45899134
10-05-2031,954.6762165,0,-118.7906502,23266.40891,1,-273.3786697,-92.52278276,3296.427128,7568.574726,43428.9526,19749.19445,475.6682699
11-05-2031,2337.484798,2584.113433,111.192257,1410.464107,3,2796.181927,-14.91862095,13.34960927,1345.837967,38354.76129,40300.31545,-2517.796372
12-05-2031,1764.199744,364.560898,948.5990454,5127.491499,4,-551.0446565,-841.7257138,687.7654107,150.9908543,6030.560961,2434.791971,796.5885092
13-05-2031,0,11527.20332,-10158.46398,2354.372418,4,9599.731507,181.8443154,127.9311948,6074.789901,14984.3885,10355.23637,-3178.08795
14-05-2031,196.2669497,1421.031872,-1433.534678,1494.065427,3,681.1746551,-1214.350446,118.8717733,988.9761997,7316.401581,5185.001872,-528.5937639
15-05-2031,1512.493365,500.0453298,224.119913,253.9407073,6,-87.13203585,-2068.223627,113.8871318,1002.464558,40487.29833,38646.21172,-19.21873431
16-05-2031,0,0,605.2071037,1194.109096,2,-210.9905511,225.6227757,31.47010029,2332.173557,7929.570244,8119.622053,-407.0618856
17-05-2031,738.2803272,634.6456026,551.8916261,0.8,2,-297.3210557,-4728.665824,-29.72665934,1187.613182,4482.258542,7602.521022,529.287451
18-05-2031,1642.446186,3588.81873,-2355.82231,373.2904574,3,-1007.265621,-825.6564852,-418.9132546,1416.935616,2676.790421,6939.823031,-45.44419145
19-05-2031,946.0294054,0,1742.84177,1061.779904,3,-1657.180552,-1128.298855,-576.4247582,2253.706435,5518.075085,7966.028021,2612.015501
20-05-2031,1739.112475,632.5620933,201.6321114,365.9845861,5,1059.522205,1397.342804,-3.850264755,1671.231717,5477.302187,5655.963648,-286.8269841
21-05-2031,0,0,0.383164484,3176.489224,2,-1147.272732,-6411.454986,373.6101631,750.088269,6143.128696,7154.755275,-863.2735058
22-05-2031,1286.219961,0,695.6668254,3081.499092,2,1852.379338,843.1902869,426.2182468,2180.369835,5575.729531,5940.313752,264.2354921
23-05-2031,8.21372044,317.823299,-669.8342427,2589.697179,1,239.5392269,-2888.762576,419.2066732,678.6203349,5238.919503,2624.915378,147.428386
24-05-2031,0,444.495087,-411.8191118,4578.003631,2,-668.3219455,-4712.480434,530.233268,1749.491808,10726.74163,6319.014607,121.3688158
25-05-2031,0,2104.162593,-2170.452962,2405.917896,5,2643.869988,-54.50822949,341.1796871,745.3734839,4875.164101,6810.795533,-381.2287298
26-05-2031,0,0,751.4461438,3144.185161,2,-597.3530905,-601.0140101,98.46957534,941.5079622,6801.066065,4564.116298,321.3457252
27-05-2031,800.2619893,0,-495.8722938,1173.177329,4,-87.35391847,1315.724499,-28.1483267,1264.029247,7357.728539,10022.97861,1217.62596
28-05-2031,362.5517572,1218.7333,-374.4077377,7695.219349,3,1398.062861,-446.4832722,446.9560134,1378.321514,7982.826472,5067.610841,338.0417029
29-05-2031,412.9701367,0,-321.1739786,2508.996501,3,408.8731094,770.6724268,152.5344255,465.4055224,4298.345421,1937.652834,10384.70692
30-05-2031,2169.764502,1174.631657,296.5931872,1972.460612,10,-76.81463737,-1335.528008,8.706353379,700.049124,8755.903871,9906.24314,-548.8779747
31-05-2031,558.5861971,215.9992483,710.4540494,1100.431993,2,782.97651,-110.3494702,119.4003741,1112.269168,38745.70404,36244.88208,-519.7550465
01-06-2031,701.7421435,2267.64216,-2777.002004,0.8,1,15.73867977,-314.4119352,-561.6887325,1505.031179,4217.310206,6711.631059,-90.17084375
02-06-2031,253.5470795,837.47405,-870.9148201,2388.855665,5,-18.53406388,-364.8434903,-87.83574919,1537.248804,6923.256664,7491.39063,1251.923251
03-06-2031,23.90983894,0,-733.2704738,3245.637677,4,-662.3164748,-1046.477736,-484.9359671,311.2957835,4741.166939,4622.767732,-94.83274246
04-06-2031,845.7641667,398.5974437,1893.559989,726.7062172,3,708.7960594,540.6266843,-349.4416748,1203.317997,4499.816386,3433.855069,-111.1710103
05-06-2031,449.4990847,542.3157625,-1207.227457,3087.468356,1,1772.571956,-2156.631611,39.47164542,655.9427963,5730.490765,8400.029902,886.2178602
06-06-2031,117.0477529,0,181.0988019,4105.46615,2,1877.93733,-4499.32054,548.4017964,150.9908543,4361.671643,2289.28881,1328.224752
07-06-2031,2636.952752,0,1781.301213,13070.74372,3,581.0322291,-502.926894,-160.4554685,2293.635187,5350.312292,7099.765443,1786.786256
08-06-2031,2150.710962,0,2253.619,3089.078067,4,-637.7737449,-4987.338844,537.1914537,1428.942679,4442.524453,1767.059126,550.7784384
09-06-2031,0,568.3197429,-360.1192203,1657.893815,1,-5559.802982,422.9486244,-4906.653704,11221.71513,14035.84898,50473.81005,646.969027
10-06-2031,3659.027095,4456.63875,-903.630313,0.8,5,-260.2999047,1310.000034,-197.2502935,744.5859079,39021.0848,42701.3963,239.660914
11-06-2031,0,167.1061025,110.1533779,3896.601523,4,-492.9213156,-11264.92713,713.8588719,3401.285429,10615.08144,4697.109329,946.0573051
12-06-2031,46539.56868,859.5200831,45109.38351,58180.8,4,-11796.46601,2962.88668,7735.714286,19522.83968,95331,40634.42151,-27726.81148
13-06-2031,6746.642758,5524.424285,1484.101806,3034.813206,6,1675.158267,-4676.632109,-259.0414893,2008.679479,10552.66659,11890.36667,-964.7157608
14-06-2031,1111.828427,698.3384722,923.7373045,1124.61658,7,-2935.543062,-15.2256012,-392.593563,911.3785367,3637.560508,9684.867712,310.8774033
15-06-2031,175.8942015,1958.515706,-1082.747718,483.2920086,4,1587.423833,-131.240843,38.74939933,2331.993017,9581.555336,10130.17848,356.2166443
16-06-2031,1868.793443,0,849.6090369,34237.48989,3,-3620.971811,1259.383774,321.1003797,2055.705556,11077.62025,5772.976415,1025.979949
17-06-2031,828.8580764,25.97897633,-1453.615997,6427.111701,2,2676.813854,-5898.275975,947.0732014,825.5897242,4481.293724,745,477.2306321
18-06-2031,932.3561196,6588.186888,-5774.814399,0.8,6,499.3249156,-102.7223528,-974.3510691,4337.931678,9146.30565,16986.9339,319.5018998
19-06-2031,1065.839379,531.1548112,716.530773,5032.994679,4,-1198.250828,728.6604493,15.23745316,1223.985701,7913.2394,5882.741598,-1086.748542
20-06-2031,1207.089891,1971.650039,-983.8458389,7403.596523,3,576.0709541,-4170.287045,-3855.667068,11550.9524,8810.457382,36809.6804,-6089.833267
21-06-2031,0,0,-539.3999773,1604.655232,1,212.0390189,475.1130595,92.23791164,826.9262739,3204.536587,2329.623101,-277.5000774
22-06-2031,0,0,101.5243734,4909.880462,1,60.70071635,-572.630536,-572.4246186,1750.651312,3111.713292,10665.84183,990.9073511
23-06-2031,83.60055906,218.0338308,474.2672695,3731.858766,4,-972.4500677,-1051.258917,675.1338461,1044.641118,6806.388506,2607.175642,1440.658901
24-06-2031,786.0580722,0,161.6758393,3732.601232,4,-486.1674141,-93.01422395,298.5833189,175.0899014,4126.061165,745,-2438.038086
25-06-2031,419.7848203,666.2395776,1443.492141,0.8,3,-567.8561124,685.2264876,-311.6995384,1995.928764,4678.624879,4215.842016,-726.3258818
26-06-2031,886.6337571,0,582.0223361,34118.74308,3,-4072.238056,1265.068775,473.3592525,2379.52887,11699.0519,6416.768282,652.35429
27-06-2031,0,0,889.5684906,0.8,3,-11032.73054,-5089.594198,-1733.396882,4287.365067,4069.881226,18126.58322,3927.118194
28-06-2031,347.6382021,5297.936278,-5934.956151,1592.974223,7,319.8424699,6267.142899,-567.9967234,2192.012871,4268.528729,9965.6178,497.0581468
29-06-2031,3874.177877,2586.675431,735.2351521,7657.158541,3,521.8457902,-2129.15113,1122.506021,2557.457228,12239.5343,2625.426458,-5178.354793
30-06-2031,0,0,-874.2619846,0.8,3,-834.089213,-248.8046707,26.58982022,946.2410694,11188.0011,6367.648666,-457.8211325
01-07-2031,360.0120604,660.0627152,151.6744651,20645.12167,8,-128.0289187,-305.6296855,-187.3104848,150.9908543,300,1879.095799,-28.53981185
02-07-2031,0,26.85473787,209.0479104,412.783741,1,-1455.681349,-282.879583,-122.6430422,273.6251078,300,2279.629484,-1402.70308
03-07-2031,0,1542.790348,-776.5212322,2007.3688,4,-352.749599,2358.130703,-388.271568,1669.953166,2711.054849,6398.362814,135.259826
04-07-2031,0,878.6103275,-265.9992549,24023.36655,1,38.5630513,387.093022,3344.914149,6977.220854,42102.9189,23526.87138,303.7922216
05-07-2031,11.89882599,104.5896971,196.9517102,4094.218533,1,-181.3253952,157.660434,352.8561182,917.0840076,5623.447594,4756.206672,-1395.706927
06-07-2031,526.0004773,86.96898318,294.7509541,3884.711606,3,235.0744928,152.5667849,-713.1313295,1853.567218,12439.80442,16002.50664,2228.100539
07-07-2031,685.4076591,1897.383218,613.5111413,2664.045546,7,-276.0379481,-707.0554316,-393.2578297,947.5554184,2863.41678,4408.585263,-2689.319198
08-07-2031,0,0,-456.8251057,16009.40636,2,-769.2161858,64.173116,-923.8913709,1473.914586,300,8345.096576,122.3791079
09-07-2031,368.9058927,0,-841.9057301,226.4210729,3,-107.3230445,44.41613408,-201.8001798,966.4203482,2275.635676,2738.408962,-345.1149752
10-07-2031,422.6394873,43.25013594,23.68929011,3238.758778,1,1495.092208,246.19836,192.6988696,1664.133411,6664.227229,6630.866782,-807.1078411
11-07-2031,1756.361245,740.5927707,1007.220606,4335.020747,2,-839.6931137,-47.24517222,395.0729033,502.7427394,2747.549808,4482.42119,304.9996051
12-07-2031,20682.59257,20281.2189,269.7569133,24821.39703,5,20372.51214,262.2846714,3278.361545,7604.695764,43094.27525,23170.87771,-203.3108126
13-07-2031,0,0,-351.6513796,639.7864859,3,-1146.984094,1204.593386,-1014.278381,3095.185245,5492.097553,12981.88322,1056.999793
14-07-2031,1256.535607,2896.077344,-2168.709459,0.8,10,2508.478667,642.5441228,-877.929045,2909.01208,7607.404734,11256.13749,-84.44748823
15-07-2031,1095.296622,795.3018078,551.1536303,594.6286305,2,-607.8377403,-929.3685774,50.5893222,2201.245791,9636.235878,7483.922512,-606.6746622
16-07-2031,2041.999308,432.3580854,1746.167974,34187.64778,1,1608.17375,19206.42922,1222.595609,22141.20055,54561.9451,44992.92837,227.677243
17-07-2031,0,1496.418017,-1122.687175,1574.241799,8,769.068706,-447.6630331,-16.08276212,702.8099485,4576.737868,5573.921345,1371.223945
18-07-2031,0,232.1606566,587.6269277,3277.295896,2,730.9865141,634.2672083,40.76468739,150.9908543,2661.345784,3947.713657,-3362.311766
19-07-2031,10509.41882,1118.891161,9631.382473,15054.06197,3,9.650865475,-237.9786397,1712.191522,3791.362144,15138.95177,745,-10225.78577
20-07-2031,3236.518398,4300.797228,-905.0228594,407.8124112,5,943.3433616,1254.897685,-97.42071976,1034.911059,41016.11661,42230.7234,379.391551
21-07-2031,818.4577429,613.8120703,646.8252236,1361.398468,4,1476.924327,2953.969171,-153.2179826,1900.765021,3421.779481,4159.89724,507.2141289
22-07-2031,485.6842906,620.0265446,980.494903,349.6883759,6,-1712.3108,-2314.421358,-366.5644693,1236.005116,36779.82757,37764.82624,362.3409375
23-07-2031,356.1312689,725.9155418,-57.69330336,1548.742393,5,-489.9199651,907.5025134,-299.4629636,559.5978162,6340.052677,4610.399535,-113.4089171
24-07-2031,60.28403327,101.5757105,-650.3194937,378.691602,2,335.8704776,2733.409367,-1945.58763,2638.528796,2091.098965,17414.45625,2258.389491
25-07-2031,1427.154389,0,667.8656004,4831.871472,2,-365.2304641,-255.4164158,-19.69643029,1016.277895,4133.537224,5766.34675,1342.765607
26-07-2031,0,468.4222435,-131.7818504,344.0577971,4,-266.0890012,-2596.965146,96.60210328,179.6871987,3008.184692,745,-919.6056781
27-07-2031,829.9936211,0,629.6707827,33940.13813,3,631.7008605,45436.51754,-3088.468804,10801.83225,8212.904116,30741.29349,1200.966538
28-07-2031,0,866.5740373,-292.5404817,4697.577041,4,7.284130461,870.6189193,-118.9774636,1006.441179,5659.894429,5529.00216,-93.04202548
29-07-2031,1721.869822,14733.95405,-12889.3964,12224.95022,7,19127.55619,450.0953889,1328.663713,9017.882716,52974.39859,39911.85188,45701.08873
30-07-2031,5706.527667,620.8012227,4973.481002,6741.467031,5,-4940.50823,1218.043875,-1168.795554,5897.091035,11509.65683,22987.45157,14.10016387
31-07-2031,0,2323.084471,-2228.450248,828.2301215,2,-219.9627164,586.746659,-284.3125086,1488.834668,37885.75182,40819.74265,1079.072196
01-08-2031,2159.359371,2136.823802,78.13588305,1315.316465,3,2025.43318,440.4719943,-168.7214942,1719.920641,40141.91048,40126.10806,-2031.041558
02-08-2031,2243.924425,654.2932777,1875.857828,3197.147146,6,-4801.986183,-761.7961384,-265.5514516,2438.857321,7101.524513,7689.015266,-1488.8446
03-08-2031,101.4272237,1478.299557,-399.5612712,1612.782033,3,1054.110833,3109.576983,-321.028444,1908.656154,8199.80202,8119.350458,497.0006486
04-08-2031,2065.154644,482.4604991,489.2775261,7025.169984,5,-29774.83949,622.7253694,-4051.071585,11601.74806,8907.384601,39073.09122,-578.6295442
05-08-2031,2485.503044,0,2114.081125,3422.201634,5,741.5031149,984.2193321,-150.7234288,1531.736574,2961.870343,8888.254513,-3855.126501
06-08-2031,1203.580844,603.7666079,186.497286,7517.762301,4,1696.170012,280.5866879,939.0326163,917.7139515,9215.788546,2631.788743,-7427.974728
07-08-2031,822.2962034,488.1832512,877.7004091,3379.570838,3,-1238.282805,992.6128181,344.0733877,1479.281022,6969.568262,3414.619432,1254.871178
08-08-2031,12315.49568,245.3431567,9989.975804,14880.80057,3,440.6219375,-1010.36848,1921.336773,4408.2659,14895.27046,1686.372373,-9955.236479
09-08-2031,635.9587673,738.5367408,-828.365946,487.4911196,6,-325.8685108,6030.41998,177.1972954,607.51341,9075.593752,8059.066744,-821.6410403
10-08-2031,1232.820088,46.9558032,1353.018312,1155.146886,2,-1683.094635,1817.670993,-607.0680681,3026.764214,6108.163558,10491.63381,-1060.719729
11-08-2031,1019.020304,1284.805401,438.6519963,1183.55886,2,-1124.908081,-2001.997692,152.4307004,1473.201908,3440.837804,2273.836557,950.839219
12-08-2031,1320.870237,571.4331304,1177.38847,580.9483662,3,34.3442089,-1060.555363,48.64751419,1795.18593,5205.534896,6000.632402,1257.507373
13-08-2031,0,0,-394.4834901,614.1231011,2,-692.1805703,1083.41055,-707.5268357,1467.452468,2251.00766,4891.219754,2460.576338
14-08-2031,1162.715167,1597.736518,278.645723,0.8,5,-275.7007469,8.959426458,-215.3796761,330.0321273,5751.048845,1603.892272,640.2823233
15-08-2031,1250.168915,213.4690045,-722.6353598,0.8,2,-12.90411856,-10202.93162,-308.4094743,1192.109273,3384.354557,6687.396222,-319.3546576
16-08-2031,50.77402794,0,-206.5894945,386.1260135,1,403.4460362,-244.9108978,-221.6618377,150.9908543,300,2238.78757,-222.2171436
17-08-2031,11372.39193,365.9336952,10832.93864,14671.29237,5,2057.037049,-146.8026521,1738.487745,4463.531405,20454.88482,8360.936516,-11059.3738
18-08-2031,0,838.1516328,-360.3191432,2579.108029,3,376.0459838,395.7771441,-70.44787315,909.1188661,5726.658514,5788.452901,-760.1344468
19-08-2031,860.9583564,597.7300015,-602.3906112,22516.15872,6,62.42331751,-77.5526896,-459.4539152,150.9908543,1671.03553,3510.886895,-4635.482532
20-08-2031,0,576.9899594,-711.8649804,17443.98039,2,-334.4989209,-349.2196292,-837.6487605,1181.174021,2806.07828,7087.290213,-234.9747417
21-08-2031,1636.409004,0,836.1781759,32640.9591,3,-4893.651617,2002.302825,489.8342726,2117.906296,12711.83603,5442.399937,654.6051227
22-08-2031,738.7575325,709.6315384,110.7807882,2709.018651,2,301.8278513,-767.9968291,280.7996666,516.164389,6594.882778,2157.583682,-516.7357705
23-08-2031,1214.150772,4893.208948,-3269.907911,33131.52384,3,2572.113038,-197.0140427,426.7339151,2306.37723,9678.78405,6779.34215,993.8224851
24-08-2031,6162.979626,0,6054.963213,5307.152355,5,-2492.355881,2441.602919,579.2905789,2597.884571,9726.350302,6539.371341,532.7302662
25-08-2031,325.2623438,832.8315532,-469.5619873,2837.450409,3,112.5845781,1956.771288,77.00092212,1425.96069,3630.559593,6951.891835,765.4054813
26-08-2031,1511.471731,452.2793149,-224.8822048,533.8299368,6,-233.7642752,-10607.3383,-337.6651921,676.301557,4951.626521,7150.819334,2037.937694
27-08-2031,176.8333644,0,-524.2483327,6258.758227,3,-107.5963705,-363.716762,385.6382166,1106.165413,4605.701127,1396.598487,1161.082991
28-08-2031,681.4353711,524.1561563,324.0944426,1463.086597,3,948.863518,1204.054975,-392.5002242,629.1980366,300,5530.893087,303.4682287
29-08-2031,0,88.29099295,-448.4848566,1216.807572,4,1707.98984,1050.80064,-682.2977509,2750.337688,8732.909725,11606.98976,-81.72302342
30-08-2031,237.5503798,0,-9.453751375,5635.887291,1,-1417.680108,785.9692972,659.3148608,1987.921449,7775.18427,3040.234575,543.5434759
31-08-2031,525.6828954,660.5953542,203.444221,2539.183806,6,-675.0230259,1380.329327,-474.2649603,1226.070043,4003.065008,6181.007489,-247.9440767
01-09-2031,378.3359824,269.8831815,1060.073161,1348.790407,6,-943.1533516,1536.69216,-228.8787621,150.9908543,5927.37538,5558.342338,-795.4576367
02-09-2031,2055.308589,133.4812599,1843.067921,4005.390365,5,1467.625992,2112.938156,-117.9704547,2792.881388,5229.622447,6987.151452,-2847.469382
03-09-2031,0,0,109.925113,1209.929096,1,-872.1139651,-1164.610311,-47.71315607,1276.178936,2276.7738,1077.961442,552.0474365
04-09-2031,1865.339558,382.3235973,2045.10984,4387.239403,5,1136.30435,1832.899789,-177.838219,2036.764103,8575.531794,10177.33014,-3751.481886
05-09-2031,908.522288,297.7515047,-168.4810102,8124.842463,3,1198.228046,1463.467336,-4194.85262,11108.85882,9396.502334,38029.84845,-691.933668
06-09-2031,373.3767545,1053.246593,106.2271848,3222.213335,4,18.59357583,279.5955677,357.1602913,248.349196,7688.122084,5002.080012,-639.8766407
07-09-2031,0,41.95089558,-53.18686278,27839.70857,2,-27441.34381,3556.388721,3405.820536,23041.6327,94931.11998,67545.90008,-146.7835828
08-09-2031,0,894.4346029,-766.0425526,17023.17814,2,-249.7707201,-98.60666087,-960.0596951,2618.012657,2572.278829,4773.369988,-227.987953
09-09-2031,2325.727935,241.3017126,2206.002507,32865.59339,1,1277.936909,18085.58968,1238.421877,22442.97427,52464.73214,43757.27786,78.79787398
10-09-2031,2188.881157,33.97128792,1382.698884,38207.17602,3,1337.72923,-1045.334308,1134.40994,760.6163451,8194.093872,745,-4660.151965
11-09-2031,61.69681452,0,420.274699,621.2470246,3,-1057.000085,346.1595871,-829.2519315,3124.97346,5728.174623,12709.20524,686.3027097
12-09-2031,1403.59926,1034.407127,758.8533658,8136.243997,4,-29781,1099.308469,-4118.895565,11465.07835,11155.44184,38995.16218,-148.5849768
13-09-2031,616.4939001,0,804.871198,33185.61334,3,849.2794473,45167.91039,-3282.394685,10599.97502,3642.880455,29448.79245,1368.352831
14-09-2031,0,161.3944687,-10.16714284,2779.754529,4,-1940.316828,1282.997508,191.6860427,831.4733732,7988.830862,5704.970467,-169.2732817
15-09-2031,789.4598887,528.5785958,1388.487831,3516.531168,3,-847.6982025,369.0296677,260.1933766,606.7801795,5188.285667,5672.956567,-157.7414582
16-09-2031,3943.690686,197.8586052,3447.33199,7564.546752,4,-1039.223107,-261.3169604,696.1618902,1868.258765,6054.494202,1717.891611,1278.439917
17-09-2031,242.7332381,0,234.0599225,2247.254293,2,727.0438499,971.4709161,-47.4908693,2016.916434,9516.328865,11882.62861,885.9811098
18-09-2031,164.8018827,726.9045487,39.80511798,3368.820517,3,2074.801427,476.5553104,-749.7606161,2886.908615,12401.50747,16621.48646,81.6915369
19-09-2031,406.8387796,0,-202.6443258,1356.395766,2,558.2151554,568.0257618,-636.1570204,1786.51286,3206.700611,7033.689215,2498.462318
20-09-2031,3471.325705,1040.153412,-16.88086408,2049.646939,7,-134.6167698,-1190.268958,266.2243251,6510.563503,21997.42536,17163.62647,-1202.087157
21-09-2031,2835.096347,168.3175104,3559.082577,3975.755041,5,-384.023703,3056.836198,73.41955489,2688.719335,4468.298952,4729.387403,-575.1532199
22-09-2031,2099.342209,2096.372376,-8.387923798,3411.917539,7,-442.5357005,-222.7138066,-347.0430286,150.9908543,3934.923339,6047.458832,-2872.425536
23-09-2031,0,678.1502914,-472.3486948,0.8,1,-449.9901663,-2580.47184,19.56686941,1013.159368,3708.988895,3634.611488,4252.692638
24-09-2031,11290.09094,0,11343.39288,14697.99285,5,1269.463856,-700.1401816,1699.573509,4463.505032,21807.99497,9972.621608,-11257.71864
25-09-2031,356.1588928,3664.904536,-2502.401284,8.633261247,3,-1142.096142,-1103.243227,-350.8866927,1428.655676,2819.498962,7086.354952,-335.117918
26-09-2031,277.4043163,465.4184407,773.4502473,34748.55621,4,1151.40622,1733.006431,90.34812207,876.3509627,8132.38262,6689.477889,-29781
27-09-2031,186.5045178,88.18724825,570.4443671,3451.889746,3,958.9308338,15.66389977,-666.6159517,2474.178112,10150.51885,14696.28763,808.542568
28-09-2031,0,349.4674093,216.4269078,105.7811551,1,-1233.290766,1586.685758,-545.4173501,1616.79096,5268.689378,6944.467798,166.1532685
29-09-2031,429.3304343,525.0450947,-136.4965161,2694.505679,1,-1178.079876,-1893.601088,226.2173113,150.9908543,756.1323481,2178.511299,-167.1239918
30-09-2031,20233.28626,0,20096.27685,23305.52599,3,-214.7370035,-2980.751724,3507.018308,7378.441966,26706.75974,745,-15.61230743
01-10-2031,169.9799755,839.4464197,-165.3314857,0.8,1,-4288.481426,1325.620778,-288.3829385,1365.312666,5834.554924,6626.319161,1294.926831
02-10-2031,317.5373206,0,67.94965841,449.4410662,4,-493.5592495,2056.215914,-154.4005558,150.9908543,4464.75052,8171.000388,1135.886979
03-10-2031,0,85.18953862,-522.0625208,1268.438086,6,430.5540771,-921.7762878,-15.42883251,832.0646451,10132.8478,9543.591741,-971.627153
04-10-2031,246.8535032,988.4081078,-774.1412444,0.8,8,475.6908761,-1849.919369,-41.40171373,718.7411797,6668.868792,6110.495819,2669.353989
05-10-2031,328.8886069,832.3604104,734.9812255,739.5694792,6,-768.2876154,1085.62539,34.83406883,150.9908543,5958.092744,8887.084725,-1205.111684
06-10-2031,0,0,392.9322907,0.8,1,-318.5732075,2358.8315,-551.3415434,1266.445657,1473.832821,7453.110706,-307.0414464
07-10-2031,0,358.5401584,240.9635076,1337.547955,6,-40.40955193,998.5438808,-292.0956206,1733.06346,7214.298807,7141.258961,1257.988959
08-10-2031,1662.072991,1630.4909,493.4526496,2282.030249,4,-1468.067748,-489.1044658,128.527413,1437.799039,12234.81262,10120.48383,-119.0085052
09-10-2031,0,0,-88.64136521,3824.197929,3,333.5630621,238.5387718,453.409618,332.5870178,3582.605378,1861.295743,10454.54119
10-10-2031,1687.786774,4757.315575,-3573.087019,34488.68017,2,2062.098592,-576.2955581,685.8973794,1453.662558,8293.100587,6075.50326,1690.94871
11-10-2031,1220.112748,368.2864959,76.43464037,6268.20512,4,-28686.5557,-37.45408058,-3867.386591,11495.98517,8614.608156,39878.55066,-251.5038919
12-10-2031,1264.138575,2712.487211,-1838.383334,622.9805026,10,1679.013796,1818.484761,-992.0238003,3195.7679,7397.368455,12736.71032,124.2673723
13-10-2031,1337.47845,5956.595319,-5212.41923,5326.457312,5,-3862.63948,1196.698756,-563.3281065,3039.794302,8456.937409,13875.9899,658.5717152
14-10-2031,0,1518.043888,523.7939933,7044.748767,3,953.0930835,1089.236498,-4254.616231,11742.44211,9765.893492,38651.66918,111.7385365
15-10-2031,0,3096.020863,-2104.553791,1159.980405,5,-10255.09936,-200.9113236,28.29890905,5667.909573,14488.57232,13732.53551,2444.621506
16-10-2031,772.6220808,0,-44.38298195,1220.544752,3,-666.9518632,-29781,-453.8990851,2323.748414,11564.27252,16892.18066,1503.778013
17-10-2031,2561.004064,520.6281993,1532.863745,8850.081399,3,3.071862955,-1237.718333,616.4001994,669.1714042,11454.66028,2987.953993,2601.581531
18-10-2031,892.5368583,0,753.1683552,33937.18135,4,1138.255388,1695.237082,416.4460817,1673.410635,6886.389478,6037.756111,-29781
19-10-2031,5643.437039,4893.285616,-233.5345145,5474.990545,6,11.84968142,-279.7674753,755.5577326,2458.623939,13770.08366,9958.81643,-532.6714049
20-10-2031,0,2167.374748,86.81271407,2552.473249,4,-8.860855443,1157.262182,150.3938504,730.4438701,5124.16497,745,-2574.858985
21-10-2031,20387.69995,275.0024371,19916.42434,23872.00026,3,-495.9724321,-3263.138453,3619.275249,7066.259428,24787.9401,745,-367.4698169
22-10-2031,555.9488208,4391.654224,-3098.55748,11469.03611,6,1904.300178,1725.5704,595.8411416,1367.724061,10677.29132,7797.732332,-5552.46705
23-10-2031,0,182.7099468,-236.001297,20316.19391,8,-234.3583787,-341.7894169,-145.3130981,643.0314995,300,1276.656018,-146.9071119
24-10-2031,94.07710266,899.3541883,331.5579949,34876.20071,4,786.6719551,1163.996283,424.3990286,1863.968702,7306.945843,6309.030748,-29781
25-10-2031,610.2193539,806.4265261,-538.4994479,29250.42525,4,-1318.168657,1328.243065,2940.522792,23502.00514,86428.9524,63898.63898,1436.868494
26-10-2031,1671.738723,575.0812231,2371.182639,12675.30282,3,1003.10763,-384.508695,803.5413213,919.5657938,11925.47851,4834.432886,1942.709924
27-10-2031,0,895.8878864,-1182.013004,652.0428531,4,-595.418548,-1123.410404,81.89793972,6437.811427,13709.75986,14339.01911,-403.1404435
28-10-2031,0,2.272876935,-317.2124149,0.8,7,6.984302256,429.3751628,-354.1120748,1625.619772,300,5776.710699,780.5344636
29-10-2031,0,374.736901,-611.4434539,1463.830775,3,960.1934074,1417.29194,-307.0557183,2070.545832,3553.160575,5432.270958,-268.4464509
30-10-2031,1338.262886,3792.553327,-3997.679203,9995.452177,6,2542.96426,984.2355051,674.7184066,2169.981224,12652.85106,6864.28964,-5183.893586
31-10-2031,77.83129718,411.6828681,-592.7455058,303.6705873,6,-640.4891982,-78.35755598,46.89374728,795.5601895,11884.6703,9987.925698,-5.813063272
01-11-2031,94.18298297,171.3868334,442.8022549,7016.841944,3,4945.101271,369.4436312,-884.8842584,5730.735458,9804.089218,23454.02117,-172.8399144
02-11-2031,2758.408996,2077.269998,-380.2309576,4182.889298,5,27.52101857,14.34997029,290.8707449,169.5310314,8587.194745,9340.693273,2511.440464
03-11-2031,2349.502249,1569.345379,1389.847662,6166.819849,4,-431.3188084,-498.5166702,933.9661337,1137.668417,7483.830436,745,-1240.259917
04-11-2031,723.0957025,581.3583848,703.0277692,11428.81092,5,-5242.4653,-177.6292173,-672.8710223,2253.823838,300,7761.57718,1227.078218
05-11-2031,1309.308961,123.5694813,1474.605424,1198.936427,7,-7254.500222,876.6340364,-125.0829378,2947.650191,11089.07591,9116.263113,513.4144334
06-11-2031,32458.25487,31932,1130.435826,0.8,5,-1065.267447,-104.7609267,-290.7815183,1400.145268,32493.79016,39651.9455,-15.82163069
07-11-2031,0,368.0571162,-65.2038498,1541.702084,1,-278.0256242,-40.02872723,-190.0508624,150.9908543,300,2074.228521,-880.7387627
08-11-2031,993.0830502,3057.130088,-2276.606754,14506.61385,5,146.2417929,879.8416402,-311.1776093,2740.762071,5176.116264,10974.4006,-11958.58941
09-11-2031,1262.593377,1081.830194,-176.0733643,1051.587896,4,-37.51603758,2312.278549,-133.8465539,6185.68627,17651.03084,15339.05912,-1448.39196
10-11-2031,705.8414085,215.7937791,-30.04254687,2505.478439,2,-923.8852748,-1001.663867,238.9036755,552.9160324,3095.458535,856.163538,-629.480005
11-11-2031,1376.530797,305.5585896,45.37405512,4779.779964,4,1630.934422,32.01221017,324.7755381,575.5024424,6327.670723,3032.23685,-4519.832992
12-11-2031,0,211.8572785,117.80559,648.6140927,3,610.797582,-29781,-708.3042341,2411.347022,12482.84926,16569.15105,1379.799942
13-11-2031,564.1187915,1269.91886,-1870.980031,4637.28279,3,524.5466731,242.7121871,1042.300722,2470.452575,15052.26911,7614.898458,17874.5386
14-11-2031,687.6954034,193.1532888,1160.306821,6535.782632,5,1121.4987,1413.026468,602.0893175,1728.181904,8314.64402,2972.885314,2499.20211
15-11-2031,554.2273087,719.1140371,57.76831811,16289.99105,2,-712.9363188,41.48071085,-1017.790563,1263.492137,1631.368997,7250.977178,-399.8471465
16-11-2031,30.56610502,0,124.1218852,702.583326,3,-12039.45548,-5160.920863,-1347.028133,4389.732018,6459.623171,17305.85385,4035.905821
17-11-2031,166.5903373,808.2549406,-414.3232823,1721.627062,3,550.9190679,1225.796125,-360.4205046,1750.807055,6989.987614,7150.89438,456.7202775
18-11-2031,195.7211335,692.8490832,236.4211662,3546.352878,7,1015.036785,-26.42948011,409.3814506,150.9908543,5035.850739,6186.298381,-710.8848967
19-11-2031,1459.232594,381.0046941,1669.354116,1638.497219,4,-1739.593835,1272.281381,-211.3446914,1051.84558,5546.268482,6536.601006,-1414.607316
20-11-2031,0,1237.166988,-1585.693152,1508.612199,1,2819.028724,-1328.361895,151.1570748,1980.28252,7540.975833,6297.65426,1143.21634
21-11-2031,1956.232481,0,2075.776266,33698.4552,1,1531.024632,18742.28998,1637.239788,22345.55683,56950.51172,45815.76167,1271.705073
22-11-2031,0,138.470326,540.1171738,0.8,3,-889.0333933,229.3064389,-999.7534827,2897.908656,6865.882491,13096.02806,739.6849638
23-11-2031,107.1998359,4085.116782,-2971.643765,9679.044781,6,1804.292319,1451.063731,380.2875147,2137.290635,11027.11347,6311.752022,-6019.520008
24-11-2031,1649.074665,0,2125.127844,5327.898902,5,82.86082804,871.8523177,692.2280428,1014.450162,8617.232241,2907.53532,2074.488685
25-11-2031,33286.447,31489.94805,1635.615361,2002.426437,5,-2430.018605,-476.4721431,-145.4329309,1257.660085,38498.51883,38946.28045,-762.5536711
26-11-2031,3852.104985,2115.474012,-190.285072,2798.171768,5,635.4290946,354.732775,622.6892686,332.473045,11751.36832,7983.540525,1926.671213
27-11-2031,1760.688376,650.4595348,224.8779077,3629.774793,4,-703.5449647,-2858.835446,51.68345333,1179.297559,3532.667991,745,1265.453631
28-11-2031,1393.851227,663.8718382,-563.1865399,7600.673406,1,-1100.696791,1784.496491,103.7213571,1316.088749,6965.908813,6545.07854,737.76802
29-11-2031,2437.952272,330.8158732,2529.659013,3174.481836,2,-310.6959642,-242.6589244,-169.0485581,3367.140977,12660.62644,13546.02874,280.8903236
30-11-2031,1381.496323,0,1538.154819,3106.899112,2,-439.0792858,453.9506149,108.5427843,1234.617462,8354.437006,7769.604558,272.1495124
01-12-2031,2002.236247,587.1631805,1797.772142,14843.12206,3,603.1640851,-1044.015401,-258.9795662,2583.794964,5999.213884,6309.066627,23.55619062
02-12-2031,1027.069769,1990.907936,458.6400041,3104.422954,7,-35.9479493,-298.643312,472.860978,371.0509881,9050.730507,6770.677505,-300.6277353
03-12-2031,207.1584232,183.5547786,-154.5143573,14210.22027,1,-451.845819,-318.005781,-991.3214118,1029.289046,1879.657709,7699.817303,1599.970875
04-12-2031,2854.931767,291.729058,3591.148086,1629.133814,2,-2930.95046,1619.931474,33.21850357,5037.766907,14555.21634,13507.619,-126.9443324
05-12-2031,0,751.6206364,122.8681951,8409.509605,3,-843.1491449,862.0235705,684.4472847,2238.107695,8855.679023,2723.422968,549.5925161
06-12-2031,0,413.3763262,-825.2967639,6214.007622,3,-45.92441419,390.4333746,588.4691994,2872.11355,10119.11403,2873.473204,562.2473646
07-12-2031,676.8547903,1494.145312,-1108.252776,1243.764315,3,2662.758757,861.2937275,-246.0158018,2477.45081,7550.649448,9257.412799,1520.30023
08-12-2031,0,590.9415704,-913.9187647,22767.85908,8,523.4376149,-219.3844093,-379.2705373,495.6037769,300,1742.643609,639.5005921
09-12-2031,22.9792343,617.2894204,-1020.622275,0.8,8,974.4235078,-1820.18683,-73.68990062,1479.126529,5058.517383,5740.01886,1903.627562
10-12-2031,1418.787293,3912.187569,-2979.256,11597.37785,6,2564.602177,1110.52168,715.3209051,1601.706038,12208.34025,8427.646984,-5084.669443
11-12-2031,694.9439131,97.21214783,-789.5067222,0.8,3,-107.4583872,-263.6921597,-198.9236116,598.4493232,909.5139718,1372.208684,48.93796792
12-12-2031,1431.422592,1307.141207,-289.2345978,526.9425025,7,-11014.62522,447.2239142,44.30690169,6322.462684,17113.46787,17044.06811,-839.2209481
13-12-2031,206.8026793,123.7831574,-223.7535224,21465.25032,8,373.0166325,512.1348243,8.021948535,192.1860849,2302.977474,745,-197.4513133
14-12-2031,215.6056626,0,-43.45070308,900.221358,2,-144.2495298,-10006.96021,-360.2760232,1430.824966,2723.784069,6531.73623,306.9497797
15-12-2031,4360.238655,1880.987084,1659.613552,2628.929315,5,-1012.251502,260.5457553,263.486451,1135.536024,10308.57159,10453.06602,-985.335412
16-12-2031,673.2873079,845.8155473,-861.4528941,15012.55574,2,-1549.946013,-1038.861527,-925.1269563,1548.43794,745.3742082,6967.406584,89.78446505
17-12-2031,0,617.273733,-575.9973172,2137.453484,2,-166.3473449,754.4581632,102.5831389,1078.962767,567.4027313,4058.343509,-2741.082881
18-12-2031,0,656.5377136,-712.4215278,1949.99903,2,913.6131353,2046.558025,-166.2736324,1233.985992,945.4022757,3956.302667,-232.5562644
19-12-2031,657.6090609,479.3203966,-183.2150293,0.8,4,-59.59143777,10589.74451,-1595.123173,4594.705785,1465.073931,15465.97357,-358.0251785
20-12-2031,2212.905809,0,2123.164833,3656.253845,2,748.6126002,-533.527259,-112.7245036,2997.113666,14547.57878,15760.64957,439.4660587
21-12-2031,792.6107839,48.24991592,671.3870182,34486.23501,3,1868.833832,-12446.12451,3126.203038,22073.58424,50303.54079,30094.31877,556.4616938
22-12-2031,0,317.0286747,-159.5359607,6148.106323,1,307.6625152,-634.3670749,-262.7503842,189.5727958,10042.21003,9765.018211,-1257.124887
23-12-2031,1467.79973,2.043051906,809.6255111,2687.067035,6,-4089.629341,-589.3217408,18.22274394,2475.261149,6087.5282,5988.866884,-1779.12818
24-12-2031,0,1263.416976,-788.8980769,21496.7302,2,-722.3887667,-693.5061128,2697.398494,7818.745054,36845.17621,22007.95899,241.2484508
25-12-2031,1416.218714,3.345032308,405.1548925,1886.201176,4,280.0196465,292.5913785,410.8802327,150.9908543,9573.201038,6424.002781,519.1944768
26-12-2031,40.41481715,1734.313283,-1463.346253,0.8,8,1129.893002,-800.5875219,-399.4759201,3599.170108,7248.014983,9108.643115,1523.632054
27-12-2031,77.28687834,133.4659036,859.0671587,662.4446957,2,131.444912,-10260.20832,-407.6892845,1896.620776,923.3529127,8384.208767,-549.7319845
28-12-2031,644.4008728,3464.129021,-2675.845545,1747.881378,4,1708.521265,-1084.980889,-570.9987537,2688.105605,5418.385199,13871.06621,344.5975513
29-12-2031,1970.53457,0,1136.832828,16520.62047,1,-793.206421,-755.9241409,-557.6431646,1352.27438,2257.360378,6272.089878,-371.4689249
30-12-2031,4359.897162,3602.16117,320.3859273,9660.048637,4,-199.9676333,-2711.223993,1111.674989,1986.557356,11127.75667,4294.845714,-5136.112516
31-12-2031,1588.655061,1111.150867,191.8827875,9157.150271,1,-678.0796199,1236.914898,166.2993199,1383.127455,7866.795444,5176.409433,674.1778945
01-01-2032,5275.526046,4156.436643,408.9094819,5458.873348,6,24.75735636,262.3832821,629.0905594,3386.07105,15115.75176,10172.4376,-913.606251
02-01-2032,0,4590.717062,-4552.455262,16638.11533,1,-150.0328694,-1550.47584,-775.9564063,1894.363193,2386.136118,6366.795417,-302.6550525
03-01-2032,1011.875507,0,1187.146548,3446.883014,1,1275.458049,-318.9981542,160.5551163,1088.970619,5159.181979,5606.326035,-758.181932
04-01-2032,141.4117338,123.1959267,-606.6640519,153.1298307,4,692.4461903,1394.331455,-263.8412565,821.4717236,8805.996727,11990.75628,1265.090709
05-01-2032,597.3905988,233.0622384,184.5070534,2570.183078,4,-65.74754558,569.6711962,517.9675291,177.5485383,7159.229096,3195.732573,181.4685102
06-01-2032,106.5260958,0,682.6797554,3502.002906,1,-218.3623856,-3613.753777,392.7120583,846.6741226,4355.22855,745,403.73842
07-01-2032,259.2475716,829.4023359,-363.7382261,5473.652081,3,-606.4686731,-603.2443576,694.1394931,2619.367867,9161.478826,4010.884632,282.3191624
08-01-2032,0,1320.503705,-668.7796164,2512.287951,3,-453.9794141,-262.8552684,-272.5665552,288.2201698,602.1747542,2667.174851,-274.6055089
09-01-2032,1063.844614,967.4888119,880.3580234,5272.289159,4,1756.880855,-96.32849679,462.5682434,150.9908543,6248.168714,2271.748675,-5911.572902
10-01-2032,842.9300731,2270.410948,-1263.748494,1194.078194,10,1275.412979,314.3874889,-1237.534571,3059.751655,8026.260391,12447.05686,-324.8650765
11-01-2032,1359.994414,0,999.4458959,4079.693607,4,-174.9503014,1499.66181,-215.542188,182.6569033,3035.449674,4864.117611,291.2050553
12-01-2032,6204.19728,784.2236595,5575.299641,3772.140831,5,-4421.245207,1828.588107,-1221.643209,6034.235573,11317.98459,20543.60497,-196.275188
13-01-2032,2305.019246,1210.279732,-194.8841508,43.84741359,3,-148.1317345,215.6930067,-1032.152029,2891.075085,4107.429715,11578.24037,6.849726882
14-01-2032,480.8906072,10088.78736,-10568.62566,133.8323456,4,10412.54595,-478.5655646,290.1881699,5274.344518,16731.04978,11377.13153,-2883.282337
15-01-2032,1451.151529,779.2839584,252.0499334,1429.756541,7,-916.892785,-1754.399094,261.6753653,6722.232267,18073.45851,16630.98135,-1426.68232
16-01-2032,1629.242319,756.5340521,-911.5025903,903.0132043,7,-12142.91971,876.1496234,165.583156,6752.291962,18824.75724,17041.1085,-470.1819363
17-01-2032,101.3015926,3417.110301,-3031.160684,0.8,1,2399.137661,-5232.358927,-30.11838557,2009.369002,6107.152148,7353.365626,1.98178574
18-01-2032,17.52474401,685.2902784,-127.6302416,3025.570909,2,408.792389,-1057.439807,271.3353863,150.9908543,3568.356466,2401.90333,-1600.026241
19-01-2032,521.6152449,157.5998611,128.3452689,541.1862442,1,-2716.605222,1885.862308,-389.4426454,1957.295982,7261.170111,6833.202058,1022.97696
20-01-2032,376.2399887,812.0924313,-1078.208401,2666.463951,4,-576.778627,-823.2767412,-283.6375973,150.9908543,843.2834234,6357.401128,-282.4215956
21-01-2032,0,509.964254,-1643.844021,3086.577755,3,601.3848712,-400.3460746,-31.56039291,1596.263748,4676.572606,4556.606337,-856.0952386
22-01-2032,144.5287265,731.0937889,-790.1557806,8003.438528,3,1577.944845,488.4056207,620.5106691,1409.225633,9339.256636,5911.505911,754.4279491
23-01-2032,782.1633012,0,1064.874037,306.4814269,2,-797.8652352,-750.4392875,-362.1303106,2026.117494,5997.762872,7037.170294,21.07103355
24-01-2032,1218.886766,0,859.6079155,189.4754631,2,-477.3340703,-3485.911795,-1096.150088,3245.608986,2696.637889,13111.58456,1209.929413
25-01-2032,1314.397234,0,991.5988223,3308.440407,4,-719.0270774,497.5586537,-619.3205261,1920.217944,11021.37233,17611.65734,1943.415504
26-01-2032,922.4852491,2637.98246,-1603.123205,1685.752003,10,2112.212781,800.0146841,-799.0910754,2691.889049,7098.080306,13924.33096,876.252157
27-01-2032,761.1374727,0,-49.30428945,19921.65096,3,1077.898684,-1003.637688,-716.7856062,2493.466057,300,7484.754294,-5272.63561
28-01-2032,0,3087.144662,-2334.017588,1041.048864,1,-54.09664845,-892.6053652,-501.4063778,1318.370675,2540.336096,7101.638841,-48.64632958
29-01-2032,631.2361025,365.6664022,860.0073702,4855.815321,2,1287.40305,-86.78515104,58.89822753,333.333193,5336.643992,3240.918284,777.2742568
30-01-2032,20.89945097,225.0706453,-894.638828,30015.07669,2,-28109.22135,2795.773823,3994.276279,23279.49191,91331.3988,68111,-341.2087365
31-01-2032,2570.010704,922.7657271,2005.832457,38250.65834,3,1107.247857,-285.2751564,1117.735618,597.4727932,10768.49638,2674.437711,-3540.553725
01-02-2032,1001.15323,335.9476514,-286.5550686,12264.25577,2,-654.2478313,-930.4559586,-664.7807905,2287.057676,1799.126703,7613.643797,2319.82425
02-02-2032,572.6620698,35.68025182,-126.4511811,4960.490784,2,1615.321579,-5849.021621,843.8713402,863.54244,5390.337721,745,1728.606821
03-02-2032,284.0737589,2623.268602,-824.1036738,7018.628215,4,824.5755021,-4104.846132,-3921.47193,11868.23909,8622.948677,41083.47882,-5273.756521
04-02-2032,433.5371026,12761.70648,-11902.07486,0.8,4,-1396.083657,223.0687602,-2287.179496,5217.108598,6038.639041,23432.29189,49.99750793
05-02-2032,2026.958407,257.1102799,1141.107481,4548.515729,7,-1044.708848,440.1791187,552.0579453,2213.110724,5023.364847,5322.12482,-3449.55255
06-02-2032,0,0,889.5967447,0.8,1,-2643.091252,201.9492525,-344.4283474,7011.794447,14385.427,17557.57898,-134.0262846
07-02-2032,0,638.4508968,-568.4753961,2764.921513,2,50.06145778,-6646.355205,291.1105804,247.205634,11478.94561,5879.811049,-2256.462776
08-02-2032,220.3869326,661.7125946,-454.5078632,29336.50512,2,-27651.16603,4017.301253,3413.159831,23436.2571,92579.53763,67445.18513,619.8111372
09-02-2032,1087.070198,668.9569667,1336.878788,2213.014677,5,-388.0228616,146.3662191,31.49466565,748.058433,11598.19539,9655.495797,11232.87055
10-02-2032,768.2332221,62.13105213,-178.7917277,743.3037898,3,-396.2379325,-9930.330045,-594.1685586,1644.351104,3453.954497,4787.45034,522.4562233
11-02-2032,769.2403672,1679.613733,-1007.383983,3368.392375,3,3893.982828,-343.0164597,198.9319222,1976.182952,735.7804323,2201.420876,3439.444763
12-02-2032,0,453.9057518,61.38686346,3002.128448,1,-1137.386736,-1388.793488,-248.5851761,917.3629773,3370.10364,992.6043188,-199.5917501
13-02-2032,643.8642023,308.6250456,749.2773724,390.4289503,5,-685.9363019,335.2265976,-168.4108919,150.9908543,3816.007047,3243.143601,368.6739932
14-02-2032,0,495.2171215,-704.0174734,1770.976799,8,2222.739432,-235.8758428,-159.2653606,1857.195106,8687.901868,7922.010733,-1152.695476
15-02-2032,31.91068886,483.5212133,292.7258223,872.5748213,6,-9.940013234,853.1866726,-101.1699575,690.0652334,4204.67921,9788.610989,-1203.669392
16-02-2032,1880.370737,0,2147.779856,759.2758208,6,-4529.316564,-471.2371302,60.04298196,2326.237613,8106.104429,10118.91635,-1166.484689
17-02-2032,0,93.67000033,20.46411724,2089.684481,1,913.0590659,-790.1538285,130.8294746,402.9288601,3886.660773,1983.821242,355.069942
18-02-2032,126.4358289,703.5713829,-556.371235,2273.245409,4,-1249.486005,1757.363261,-287.4776236,747.9676449,2485.172443,6860.898701,669.7964114
19-02-2032,0,1514.681312,-411.5961728,6848.686651,3,1271.02406,68.95633831,834.7770854,2083.799698,11722.98875,7713.023669,18436.83082
20-02-2032,522.6215118,0,855.8594455,23586.52802,1,-189.8754333,-25.51776223,3104.361851,7254.60381,42263.91036,20057.94637,544.9596519
21-02-2032,1359.942632,736.9605918,1313.294407,5758.63761,5,22.31242458,878.6665441,416.5924097,1434.373963,8368.145971,2894.799953,1679.687596
22-02-2032,4.27499837,0,197.9139398,21775.39736,1,32.33155688,132.0539893,-240.5234186,517.569148,5176.688221,2631.279734,-20.07989298
23-02-2032,159.8199167,5858.87568,-5374.383821,12363.89253,5,609.6996244,-4666.945916,-798.9822999,1457.955802,300,6572.15086,939.4478028
24-02-2032,0,1529.809976,284.0762105,1433.99111,4,1003.893007,1.918031357,271.0189588,150.9908543,2932.086523,3173.540226,-109.6889947
25-02-2032,1358.227801,0,1809.521119,2049.68828,3,116.7683008,751.9788962,-783.5520717,2734.487167,13730.13507,15785.89705,-522.4389228
26-02-2032,1938.17102,1466.210874,317.1349708,0.8,3,-373.0510012,732.2023131,-885.0624193,2748.672173,2576.008372,11871.25788,860.912495
27-02-2032,755.6616377,3049.300915,-781.4840862,0.8,2,-837.5871267,693.8834405,-274.6451031,599.2890609,10556.90057,9089.905359,1083.108061
28-02-2032,753.1116673,2173.996296,-1797.949032,3112.22909,5,1802.076003,-339.2795094,27.08485871,799.535479,10662.26641,4516.562497,-105.9445468
29-02-2032,2111.538094,14544.8626,-12367.14935,11457.03945,7,18853.59162,678.1908956,1692.414097,9242.82405,52420.99368,41985.85488,44885.91914
01-03-2032,80.37576267,10821.46261,-10478.29111,2707.149746,4,9537.648914,1327.80737,375.2772646,4865.643764,13732.89929,11609.07889,-1871.818388
02-03-2032,0,214.1440716,-268.8128145,15174.60773,1,-1171.731905,346.0528697,-1211.90217,2486.128252,300,6688.554102,1850.690836
03-03-2032,972.4656995,0,1514.61056,1979.853593,6,-890.7323145,464.6517734,-132.9323149,478.3950697,7194.871424,6411.876586,-1987.635392
04-03-2032,1832.535181,2310.290948,255.6230226,3232.504447,8,-821.7419365,0.944471772,-274.4030529,336.6521782,3113.018087,4760.847961,-2613.259757
05-03-2032,1160.160618,0,-387.881287,1522.006333,4,257.8902764,9402.088957,-1819.908402,5122.311383,4305.321968,16093.88807,-231.3455791
06-03-2032,463.4019979,0,131.4509847,11900.94727,5,-5000.758767,-442.9010156,-680.8945062,2182.184805,1771.11388,4695.366623,587.9060257
07-03-2032,532.2411904,425.6216648,709.4843077,1568.234252,2,1272.977257,-321.5079826,417.7735017,1952.736895,4979.244246,5242.267952,2.647504615
08-03-2032,1847.647201,109.0483012,1130.451456,1186.607067,2,-1749.308337,1166.323066,-767.2158327,2522.35521,7439.930791,11471.81528,-1487.707928
09-03-2032,1466.148335,684.3582443,330.5503233,1889.283499,4,7.031776472,251.9314169,147.5168549,150.9908543,4804.825312,3565.017116,2314.952657
10-03-2032,40.53895827,592.1168011,-775.6511833,6063.870518,1,456.4821769,-3137.21374,-1078.875433,5300.989537,13136.09821,20398.3575,-112.158044
11-03-2032,331.5242265,27958.62783,-28830.99514,29704.09304,5,45387.68033,-1397.751767,3968.106895,23502.00514,94750.77276,67960.95967,-772.6365415
12-03-2032,0,1716.214709,-2736.755594,2705.079585,5,2598.356483,283.3843158,116.2270295,726.7494545,5552.732841,5800.689352,-181.0270355
13-03-2032,850.6092709,5155.365797,-4429.183943,34000.40648,3,1887.197437,-701.3035326,717.4952363,1734.985181,10096.84642,7163.336246,1183.892684
14-03-2032,1844.561787,0,2564.94794,6960.535522,2,754.5129313,-498.4277919,419.8996484,589.2388591,5046.34322,1533.526826,555.1906927
15-03-2032,2321.913064,476.1352576,427.4277601,7572.410876,2,192.9804367,2021.872661,-4483.350515,11551.64949,8579.742529,38732.99007,-2374.407535
16-03-2032,340.1321629,393.2172631,727.5552836,869.4497867,2,-5138.528155,841.3087197,-445.6461553,2405.284518,8447.506765,8817.845744,-987.5353511
17-03-2032,1364.356537,5341.819488,-5492.301733,372.1596436,12,1527.785874,995.2693706,-99.90586252,1912.763556,5986.314932,8733.993796,478.4376712
18-03-2032,0,0,-70.33993155,8181.833766,3,-266.0538528,-104.3630855,580.6071743,2521.590396,8421.420535,5884.878304,310.4531925
19-03-2032,0,0,-28.57008355,2214.217338,3,-939.1450763,151.7084165,-314.6949883,2376.387343,7990.751609,8185.108733,2405.083416
20-03-2032,6222.761817,5349.16923,342.7308175,4659.167373,6,485.9901226,67.77976057,866.6044928,3706.029446,16246.28061,11548.77081,-641.86447
21-03-2032,2925.499752,473.8750924,3750.954203,10343.42545,3,814.9389502,229.8081608,808.0687444,569.7281738,12969.83185,3916.822219,2520.785884
22-03-2032,2306.545296,145.5786595,1650.732511,30810.96979,3,1257.307084,-1342.822927,3626.425022,22996.27483,88393.15096,63415.78045,1534.616976
23-03-2032,259.611439,733.546124,-623.7697349,23316.2832,2,-666.0828176,-934.2620356,2693.968695,8019.562856,39754.09291,21756.23225,631.6017417
24-03-2032,1065.083208,770.0573777,-414.9075806,5676.637776,4,69.81904286,474.2545341,-213.3961943,393.83392,6097.758422,7803.748262,-576.6807647
25-03-2032,6591.519181,5534.922233,1007.549681,2833.576806,6,1591.567383,-4057.326617,-116.4666914,3151.971702,8323.867029,11416.14564,-542.698322
26-03-2032,1385.824303,520.1379448,482.8288396,8692.249907,3,474.4134026,-1713.803499,633.7487302,1372.39986,7915.044161,2151.58985,2044.379461
27-03-2032,1462.180097,0,2168.821295,2498.005573,2,1651.019019,1472.968404,216.1977753,1946.048206,6652.401596,4993.589002,760.5262165
28-03-2032,397.2758089,0,-735.5338462,2514.978879,2,-1577.92547,-6098.299985,316.9109385,882.2036006,8583.056565,5854.043677,-1589.202041
29-03-2032,0,137.8040351,-157.3329091,3343.417163,2,932.0005761,2334.883433,22.77697005,687.6914284,4288.410857,5528.857682,-1079.272349
30-03-2032,0,1292.085996,-753.4411811,2071.746915,3,-1293.555047,322.2863159,6.748985381,855.7651624,3099.695376,3757.569764,426.057824
31-03-2032,7404.871591,12969.98255,-6353.274251,0.8,4,-446.4502206,735.195545,-4919.049718,11245.53311,14247.70622,48131.11202,398.2527382
01-04-2032,0,282.8351039,1247.577995,2747.193664,2,-836.0969532,-1523.431694,145.0181893,2991.389381,9531.609624,7652.455993,-788.3830363
02-04-2032,419.1529221,62.55252725,22.09627128,0.8,4,-186.4128758,-412.0242828,-146.3978405,554.9641302,1560.832794,4065.224669,-420.5214145
03-04-2032,0,367.6495222,111.0317668,0.8,3,34.57773507,-53.57603448,-287.5026752,150.9908543,300,1667.945989,-488.0259026
04-04-2032,884.2786355,663.2891432,1201.310262,6527.379354,1,-5874.983308,-736.0892091,-383.5711403,2980.448195,12230.07216,10615.32767,-5483.122599
05-04-2032,1467.318004,299.3911971,823.7240159,587.90397,3,-290.0145124,657.0642922,-369.3365198,966.9241502,2133.726407,4799.995027,190.6820121
06-04-2032,315.7535961,0,932.5906163,291.8627263,2,-9.035097401,-5207.477261,-103.1884853,1460.217458,5072.699618,8192.604885,214.5542527
07-04-2032,2041.051906,655.1516745,-48.530004,2311.62324,2,-1119.62226,-1470.883627,-39.36751165,576.152962,5437.710233,3687.189166,519.3822212
08-04-2032,5405.715167,607.2851398,6566.722316,7122.403639,5,-1973.439899,1564.336342,390.6810352,2875.771349,8809.892449,3026.330192,807.913087
09-04-2032,412.7727701,387.9613478,370.6026847,2549.162978,4,-341.0018966,-1458.537609,-188.1168243,267.2553456,1536.907833,2218.389932,308.3843466
10-04-2032,1526.812251,2762.325164,-1053.396549,13447.83721,5,530.4002268,1749.377871,-581.8808667,1994.303875,4312.274356,7087.302034,-12155.14988
11-04-2032,0,0,646.7224403,3878.403462,1,974.8947002,207.9787438,54.4824814,1503.714313,7372.007927,6142.028245,-591.5842653
12-04-2032,1622.98397,401.4827339,83.44798174,1870.26169,1,-3158.253821,-344.0006644,-374.0429847,5997.322826,16235.12746,16744.82288,308.6678999
13-04-2032,56.07890382,590.9992826,1231.719991,2503.93342,1,-862.5670824,-764.7419109,37.72418646,691.1719981,1940.887917,1303.079625,918.8620794
14-04-2032,1616.476322,5.489368459,2074.173691,34540.36049,1,1578.5808,18713.28245,1155.947648,22126.33702,54846.91289,44457.20323,964.8924772
15-04-2032,0,896.7634808,-297.396179,23391.83509,8,-322.5746957,-637.5572379,-83.79463054,150.9908543,415.6192501,1635.538212,59.78365054
16-04-2032,46585.05092,1192.987391,45664.01781,58180.8,4,-12714.46569,2371.243608,7735.714286,19121.17982,93477.67911,41229.21311,-28843.93672
17-04-2032,233.2579205,255.7169179,-505.9050726,3343.805632,6,-118.0204673,-271.0824786,-297.3153313,150.9908543,1997.292742,3144.570974,-95.69799292
18-04-2032,894.8595526,551.0068003,499.4661455,2308.429998,3,193.5110839,1574.615222,107.3805856,1753.807725,4721.399526,4770.022363,3.96192188
19-04-2032,208.0389584,1.403292302,-304.6393375,2454.866505,6,-943.0605803,-642.3319996,-266.9091318,615.3877343,3821.335707,3731.684221,125.0213193
20-04-2032,784.8527927,1577.578801,-1090.042934,0.8,2,-1353.811235,1039.793451,-314.139203,711.5959923,10336.0476,9842.126187,960.7943385
21-04-2032,0,935.5261751,-495.7561428,0.8,8,1070.740747,-493.1833882,27.49088296,542.3305577,6203.4883,3613.484058,2264.20945
22-04-2032,621.7294886,424.5314504,1211.2564,5907.64173,4,579.9912916,53.84621379,-374.046795,3620.172794,4028.361241,10911.17822,-3545.680492
23-04-2032,5731.461559,1529.741723,5070.30775,3922.562115,5,-4490.913694,1778.117074,-1212.15278,5634.357025,14870.17701,21791.94178,-197.9185961
24-04-2032,0,351.2403308,271.5455646,105.4745849,3,46.49159667,423.700277,-522.6568336,1454.286722,2517.645458,3814.743326,-398.6078056
25-04-2032,1419.160634,742.0769097,191.9245283,288.4771359,7,-2384.699225,-592.4083339,-678.4628835,928.6101879,2552.657032,6663.922952,1341.869527
26-04-2032,0,0,-129.7449857,1480.581756,5,359.9075729,-2387.317648,83.99367657,286.6478805,2409.564342,2600.286685,103.7948119
27-04-2032,2668.803576,1041.241734,2189.229526,3343.61112,4,-966.1183641,-4754.479377,444.5573114,1324.257439,4597.709625,1855.878033,-22.99230538
28-04-2032,6502.825338,576.6879112,5250.676621,4832.171429,5,-4387.574838,948.1319039,-1499.097539,5996.588757,13286.65584,22348.60925,225.7631434
29-04-2032,0,348.865506,39.62354675,3103.437141,4,-365.7289129,-354.9435023,474.2425124,150.9908543,5127.929587,1710.320553,-2139.511873
30-04-2032,924.0484393,1532.73151,-432.7995786,1551.36912,3,1206.833614,2668.467485,-500.0467178,1598.476003,7339.795938,10439.37798,551.1989992
01-05-2032,217.4723014,461.5814784,-294.9993436,1572.104627,7,-183.8345653,910.2232598,-488.3059602,656.5847533,2505.578312,3388.017356,1071.838367
02-05-2032,563.083873,0,-515.4567279,109.2212476,2,195.3896366,-10567.92752,-345.813448,1599.18939,3232.081549,6242.752005,367.1881379
03-05-2032,484.0809612,484.0642213,-138.9447832,30430.35535,4,-765.4855716,1351.07497,3012.925416,23502.00514,86108.5233,61956.44827,1762.841589
04-05-2032,246.9471312,268.7182224,142.8293145,0.8,5,709.1765781,729.7710156,-638.5411886,1013.949205,4957.014364,6204.098037,-855.1414009
05-05-2032,589.6410351,536.1754383,787.2663358,22885.63029,3,162.252723,142.0310106,3461.582422,7821.789324,44549.06839,19806.46631,-1088.072579
06-05-2032,0,0,222.8705074,4059.276305,1,133.7927971,-2348.826609,-989.6133059,5185.426832,10395.37464,18103.55589,-900.3227948
07-05-2032,0,0,32.51647105,999.8158273,4,1171.908213,-521.3514961,-123.9753031,150.9908543,827.495961,2087.415122,3523.453634
08-05-2032,0,860.9400332,-616.5859141,0.8,6,-822.5620543,-154.2175008,-65.00306949,800.1537223,11030.29704,8750.048308,-342.2504567
09-05-2032,0,411.7517236,-259.0575823,0.8,1,-5377.727816,421.2365564,-4998.142857,11223.61199,13573.25449,48239.51383,132.9655438
10-05-2032,503.2366125,354.7424696,-772.3811012,4256.255337,2,52.56598542,-3716.984188,558.7601992,1940.080984,9701.702195,4475.382365,-137.5725732
11-05-2032,0,4567.708007,-5318.590633,0.8,12,2023.669367,-40.92922667,-280.4598432,2684.54629,5456.144954,6292.630309,1709.656584
12-05-2032,6280.846675,5471.602074,1859.508298,4752.35421,6,1331.783558,-5157.407738,-217.8370336,2745.655626,10875.59073,13181.13445,-433.6053618
13-05-2032,3739.616455,0,2353.972122,5574.530069,4,-1437.811656,-857.3811089,715.6258523,1872.382893,9638.844137,2654.706665,2274.733572
14-05-2032,76.7482594,3483.376454,-2767.726445,695.2105041,2,-459.8188017,523.3910186,-541.1715183,6494.113611,15461.05433,15894.36572,-395.941614
15-05-2032,567.7942162,0,-443.1522723,6596.307388,3,-406.0186129,647.4811525,583.6181654,3067.653357,4465.752663,3634.779206,396.3449522
16-05-2032,0,0,-150.9620544,0.8,3,140.6588231,818.160731,16.58284768,1013.588938,4927.102894,7272.041253,-640.0103763
17-05-2032,589.8336446,0,330.6060234,1778.662165,5,-3.025924875,407.6718073,-422.7584601,991.2956464,5581.723883,7343.801986,-301.1424211
18-05-2032,2821.536337,502.2822741,2131.56822,2963.520125,4,390.517259,-4934.520886,421.3775416,1258.265264,3001.546619,1261.381227,962.478909
19-05-2032,845.0090856,0,712.9399293,2931.631295,1,908.1223549,-1683.754344,243.3735551,1145.412879,9379.281018,4895.70159,2593.477015
20-05-2032,717.3908735,47.22441413,1044.914627,6954.323556,3,5924.295498,1065.89589,824.5160824,2430.079524,8023.445811,4031.930503,-180.9820665
21-05-2032,2527.570076,2569.045415,-35.33001848,2565.997061,5,-157.8120575,-35.38140226,432.2522088,150.9908543,11269.70398,9713.074981,1691.514844
22-05-2032,1691.861232,0,1926.822263,5793.349223,2,849.0911379,228.1799354,194.1286996,1204.313831,4725.25875,3860.613016,775.0792186
23-05-2032,415.4313261,162.8386151,24.11591122,6463.694095,3,227.9987378,-75.59111553,474.1936693,599.8610872,6940.27287,5104.279703,1475.369563
24-05-2032,1847.702663,0,1550.620369,33689.33429,1,1662.834537,18928.5036,1178.291516,22564.66474,53626.19418,45031.29278,921.8264527
25-05-2032,862.222204,1482.886249,-1437.903201,3955.226388,3,1222.889506,-789.4217753,124.6300616,1403.386023,4886.352776,4545.601926,217.5832395
26-05-2032,0,1653.85268,-254.5414688,4762.98392,5,-39.140586,3973.9907,166.1920996,2831.790831,12632.41538,13463.32263,-534.8399299
27-05-2032,163.5141947,0,-1066.446497,0.8,6,-832.04048,-587.4648996,-124.0109807,150.9908543,9521.927864,9130.281459,76.86785975
28-05-2032,26.71469652,1906.000653,-1516.101442,1543.317568,3,2862.669244,59.07917862,339.6575154,1250.480688,5656.559754,1066.760482,3503.21702
29-05-2032,0,1091.50657,-1601.419043,2634.6263,3,1033.116632,66.40485031,-142.5972006,970.1877357,2916.885106,3409.218724,-328.8026318
30-05-2032,1670.502157,502.2299595,926.517084,6186.506795,4,-215.8236753,-437.0692272,989.3261908,1166.063716,7263.047987,3380.37945,1292.299233
31-05-2032,1929.310174,0,1187.145592,1969.1991,3,-851.6338874,1098.519355,-474.2605649,2037.54483,12846.24342,17123.14062,-5.788698902
01-06-2032,1321.307563,0,1435.903906,3524.075338,3,338.0857664,1522.014964,-648.3080266,429.1818385,1412.641787,3805.256793,81.04765633
02-06-2032,0,877.9498348,-833.38065,505.4395928,7,-336.8620588,1548.423711,-404.4119602,6781.894948,15076.39123,14877.36107,-200.99552
03-06-2032,1139.60429,156.5607162,-238.9308617,1674.34476,4,185.1127102,927.5539993,-111.4123613,150.9908543,2593.738272,4640.868029,-487.7187134
04-06-2032,1273.597484,0,1135.752631,31582.97784,3,1098.587709,-284.0736635,3592.279386,23467.71021,93258.07186,64559.83587,846.0384449
05-06-2032,298.5563747,155.5916682,-386.4575688,1300.957131,3,205.4326737,639.2332211,-271.9546031,1982.270469,4791.555666,6794.728434,-514.0328213
06-06-2032,381.046749,1210.333957,-962.5019362,862.9433371,6,-48.31157204,181.7420819,111.9602117,1169.088148,10290.92866,9981.573429,-351.4542537
07-06-2032,46451.95122,1031.499595,45193.07332,57813.36076,4,-12553.37803,3431.66991,7689.083362,19466.55691,94723.19407,39701.59659,-27514.32662
08-06-2032,665.891656,5411.824781,-4911.791195,0.8,4,85.07241553,253.7927115,-364.1240185,2235.441017,5985.376217,6912.555706,637.9484591
09-06-2032,0,1363.852547,264.2016671,3026.353137,3,640.9251205,696.4648612,-3.203027318,1275.881345,4842.162245,3631.028493,-295.8978584
10-06-2032,0,1003.437107,76.60041493,1192.152139,8,244.3774749,-1578.336998,392.9500132,523.1668921,9112.557638,7676.248688,1264.558847
11-06-2032,394.4669014,106.4023399,145.6369527,0.8,1,-5706.288273,925.4119929,-4998.142857,10726.16359,16666.21339,45647.11084,383.9541946
12-06-2032,3829.394822,3347.448353,461.1032275,6128.713253,4,-255.6606794,-2357.878289,840.8405083,1866.976176,13035.75758,3678.165115,-4596.086528
13-06-2032,0,0,157.3271141,0.8,1,-955.257698,1463.100335,-268.8419429,384.7836147,300,1875.674749,229.1739935
14-06-2032,676.3187016,0,965.0117365,2001.133812,3,-1073.701865,-1201.136162,-325.4415003,3015.009674,6020.282186,7641.457645,2632.260272
15-06-2032,1803.616408,140.5863618,1629.553365,3521.408556,3,353.7631839,-1052.892913,264.6742145,1434.055744,6428.954791,1785.223187,-284.7572911
16-06-2032,2971.321484,476.2588694,3203.102186,1892.309249,2,-2732.121729,1840.050578,52.38495947,6311.866224,13601.99348,13726.02669,257.4720988
17-06-2032,1957.54379,19.83462435,1577.623131,31369.20814,3,-395.35155,-1250.513228,3447.789759,23410.54164,89269.62954,66026.27599,1969.952148
18-06-2032,0,425.6536563,-181.6593356,1811.324248,2,1837.801946,2129.968894,0.278013914,1133.756701,3379.308056,3248.315644,-71.29632122
19-06-2032,0,1341.973952,-1671.132949,3106.915726,3,3204.477493,345.0341498,233.494627,830.6308433,8212.131637,745,3227.283353
20-06-2032,1572.119391,208.0117985,1292.378464,1638.721109,7,-6854.116124,794.4009574,-55.52229995,2949.987944,9614.430624,10114.93618,763.535094
21-06-2032,1785.006066,0,1508.792545,3179.492213,2,-1422.257959,115.2562515,29.17028605,1535.09615,4798.198707,4252.928612,594.3238005
22-06-2032,476.7087552,1208.361453,-1471.31297,5512.361858,3,491.0369409,291.8213183,643.6219545,1582.344994,9264.655846,3512.64292,-244.0760964
23-06-2032,1022.59017,1397.008204,-565.4255533,1503.748447,8,1237.973876,464.3601794,-182.7742774,723.7448647,10076.5109,9829.994149,-183.8161144
24-06-2032,15.2495983,377.6679432,-145.6494789,22940.74316,1,211.7572084,-95.06078926,3264.940838,6841.579096,48378.58221,19169.0021,264.1106764
25-06-2032,0,2522.147911,-3418.920529,1343.062816,2,397.2868069,604.4229817,-393.8364706,6178.672104,12911.35982,17212.93127,-538.1940941
26-06-2032,217.482401,682.0050392,-99.97875995,3089.092338,2,-928.2201057,28.59002102,-80.56718408,232.6765995,300,3614.769426,-248.7428941
27-06-2032,0,913.7705835,-1184.780179,1467.985461,2,-181.3179069,434.660794,-316.3662441,1148.917854,3593.972388,983.2489134,-2315.958593
28-06-2032,309.6028252,205.0736263,-1409.842148,22782.54939,2,209.8379996,3948.115149,2734.745892,8058.215575,41128.85991,21419.7689,-476.6445614
29-06-2032,1274.374646,439.4198215,891.6603538,11.46642829,5,738.4359713,1542.132142,-36.0797763,2108.901254,6257.426202,6338.6999,248.5858792
30-06-2032,692.8801622,2647.29944,-1308.852059,0.8,3,281.7096417,806.9056278,154.491717,1457.965067,8739.598613,8178.855451,-1562.920915
01-07-2032,489.7256247,499.5003751,-1195.275513,2223.23252,1,2106.624901,-299.7100765,-38.46487393,1128.521696,6749.873346,5358.407491,1020.560645
02-07-2032,1172.033855,709.191436,2104.094268,6265.185262,4,-29553.39575,522.562023,-4253.699971,11687.10889,10482.7663,38792.77855,422.1832864
03-07-2032,0,1149.050108,-1072.211548,2626.899055,3,2806.631132,-2.863252865,315.1043473,2050.527067,4388.057571,2676.156301,3158.722248
04-07-2032,0,1268.434301,-1281.767672,0.8,8,206.8639103,-1092.705199,1.470396817,538.477543,4379.486828,5974.4676,1522.439236
05-07-2032,362.5193989,2784.399492,-1782.651599,3099.949877,5,2514.140276,424.0416854,244.7450506,1158.965258,6511.442896,5194.367903,497.2632405
06-07-2032,2154.349614,2281.446261,-200.3353597,3661.835084,5,-856.3775546,404.6033479,275.6264717,255.3169142,10390.45972,8472.16993,284.9319917
07-07-2032,309.4258207,567.026383,-430.8409607,1470.921231,1,-466.4635742,-2615.3677,-90.40145011,1684.163127,4741.877423,5980.083313,3158.243019
08-07-2032,0,1189.558095,325.1701332,3778.605132,1,-197.0467472,4.72902541,-82.5478415,150.9908543,7719.104845,7202.763415,-1180.538815
09-07-2032,60.73825599,155.4292565,-209.8738205,0.8,4,670.3668091,10275.34253,-1898.119605,4754.604872,2940.853907,12540.54698,-0.784895865
10-07-2032,980.4819809,395.5036948,438.4927981,2547.762528,4,-222.0851444,-154.7361391,75.42929077,150.9908543,9404.472134,6214.026821,709.6531402
11-07-2032,0,0,458.4512142,2191.125996,6,401.7599612,-186.1856344,-257.4166505,1875.808781,5291.32299,5953.443079,-169.6758678
12-07-2032,1559.813641,29.79292123,1525.660911,278.4059648,2,-5719.839099,-439.7819187,-91.07887124,2595.642806,6009.545281,7330.863898,-709.6291057
13-07-2032,0,474.3986129,-829.3664129,7010.776221,3,1973.344601,48.19464847,321.5160762,1274.792687,8290.975286,3506.51413,369.9645704
14-07-2032,0,293.0167324,929.698433,2959.875872,1,1702.978521,819.4064298,95.91988119,1239.481271,7794.082627,6253.017043,-1343.24843
15-07-2032,100.3188764,362.3037079,-715.1468754,1079.34724,1,-975.7163427,-48.16216679,363.7757358,150.9908543,2551.62697,2943.75789,586.4860313
16-07-2032,617.5192177,66.24378259,745.6615346,0.8,2,261.5230927,560.8254749,-104.3135486,1091.802992,40471.24577,35670.58453,-749.3937675
17-07-2032,160.8505349,943.6351528,-39.35908725,279.9790629,3,313.0465147,-222.6603479,-327.6205932,777.1918193,1992.178868,3229.927591,518.6528857
18-07-2032,382.4171561,883.6464884,209.6790534,5354.676676,3,6381.766044,12.32405626,-1110.038608,5520.831255,13674.19597,21762.12072,-67.60775605
19-07-2032,1182.623908,1051.657908,-61.20037407,2351.384569,5,163.6105559,-896.2381594,-354.3926809,1746.196945,2597.082042,5509.244036,561.9219335
20-07-2032,10675.12251,326.1337636,11530.92316,12850.26238,3,-79.53852615,-1447.402707,1659.120709,4292.137901,10572.74166,1956.950629,-10224.41835
21-07-2032,174.4919057,0,-631.2212082,2987.596293,1,-25.6036652,-3081.053459,358.9072754,548.7175376,1809.740571,906.1208417,-16.13980577
22-07-2032,568.9392597,205.1527732,632.21675,6170.446859,3,710.4055468,1509.957339,-4225.567417,11634.07468,11143.4549,39395.98642,341.2578463
23-07-2032,979.9445246,265.3017473,-407.9789,2173.456373,2,2058.221514,3018.227369,27.65230015,748.6351878,1511.355997,1945.287128,-141.9557236
24-07-2032,0,0,347.4976199,2139.026118,4,975.6136308,439.1215499,369.5948954,174.919917,10061.47977,8788.933983,73.16925461
25-07-2032,657.6663539,2009.088491,-736.1914224,386.9935658,3,934.8475838,353.1224138,0.86594308,2133.464815,7749.240337,10220.03329,-554.813456
26-07-2032,3046.01865,0,3018.709891,5231.073131,2,-2826.488137,920.4586209,-25.33985644,6403.998297,14415.43345,13987.01178,-886.3285331
27-07-2032,38266.20888,19479.75019,18526.69392,25158.05856,9,-1680.766633,1507.585383,3163.931221,7246.924237,49459.1307,23889.27294,-12482.02398
28-07-2032,19706.24711,20125.38288,38.0213751,23121.35318,5,20598.83598,461.182705,3075.757859,7589.610336,45195.64764,21031.12977,-269.0010684
29-07-2032,157.8549742,857.2237729,846.8741635,35045.73164,4,1310.47511,754.2171132,302.5338721,1888.380882,10161.26993,7814.938879,-29102.62277
30-07-2032,687.6204089,393.6425928,1776.001997,1098.842627,1,776.6826203,2581.255679,-461.2159137,2953.327715,6003.397347,8783.890947,-3348.52718
31-07-2032,1768.329272,1858.198,356.6753026,3517.638062,10,-425.6133643,-864.6461466,92.85356895,604.4262138,11381.95117,9271.426022,-607.3717359
01-08-2032,392.4612294,951.1469526,-774.2621447,23815.08275,1,-379.7312378,-734.4450043,2850.44027,8050.255889,40225.71105,21296.07171,-416.9178029
02-08-2032,396.9663468,854.2082763,374.263102,4762.980455,6,-713.6716804,5168.156662,-42.14934727,953.5609625,7816.118413,7115.469707,-408.2480872
03-08-2032,577.0618995,1024.35932,-1435.003628,2966.301232,3,3017.967284,-531.0732886,290.3186459,1242.106803,6361.336615,5746.924065,3998.862392
04-08-2032,1236.879818,0,-89.29327843,3899.194912,1,-2177.997642,1824.422245,463.4184768,1484.527093,5174.013724,4301.440775,143.4140923
05-08-2032,0,0,650.6835678,20975.57727,8,-604.4942738,-110.0056319,65.01093306,150.9908543,2686.905361,987.5297985,-2089.743315
06-08-2032,149.7654537,0,-175.6630642,276.0274066,3,132.5080308,-3485.32686,1.49678684,205.7661363,7943.270024,4313.382015,947.9183695
07-08-2032,1553.905369,39.30802428,1441.412207,3303.690075,3,-420.9527373,-226.8258564,381.1565053,1026.442832,4877.553809,3820.523327,356.8366754
08-08-2032,7.933156869,0,-1025.706274,1460.184128,2,-2897.61672,-749.2492978,25.37330739,1086.13084,3376.564968,4544.823548,889.1401807
09-08-2032,270.3407247,692.99427,-1280.302387,15394.08836,2,-432.9853873,48.29418768,-900.5226681,1704.049116,300,7538.336529,-587.698772
10-08-2032,0,960.3971096,459.4950859,642.6172085,7,-909.3360291,1314.925264,-108.0700235,6817.250952,11420.92944,15555.95682,-152.4998124
11-08-2032,1301.472589,260.3462695,269.0167398,1757.773417,7,219.2483705,1667.034816,-400.2901549,833.1537956,3386.911368,7008.064532,586.9500594
12-08-2032,1065.807101,0,1990.302153,148.9738519,3,-51.17919912,-2921.836105,-1362.761372,3237.606102,3829.554517,12636.42654,199.690027
13-08-2032,0,502.9854938,-579.1369721,17636.76427,3,-916.4728295,-583.400197,-627.6874808,1052.419026,660.1051329,7533.389249,-316.4344271
14-08-2032,1207.155955,0,959.2042644,2512.48483,1,794.4512253,-2208.463348,287.6250637,730.4240678,8738.147143,9106.184237,1876.066334
15-08-2032,0,47.69129597,-559.7725563,1086.519153,4,949.7653608,9820.405527,-1738.448032,5457.576308,5944.919771,18240.13795,-249.3925104
16-08-2032,2350.091424,374.0346699,2830.399238,12221.36478,3,1276.096094,120.3220938,1051.912551,804.0582023,11788.55873,2783.571994,1408.358847
17-08-2032,12516.53716,45.79211188,10880.78409,14438.14693,5,1520.952422,-826.8046597,1895.231759,3985.722982,20061.63619,8112.998974,-11135.12361
18-08-2032,0,935.7593604,-191.8505624,5417.231611,1,-3003.107783,1177.451504,463.8300065,1650.288058,7382.858282,2420.552762,327.8387538
19-08-2032,0,810.2912081,822.6068518,4064.621714,3,-41.82827918,-3975.848106,305.2413871,311.4027491,9864.553169,8600.796655,-939.4339225
20-08-2032,2125.320354,31633.15334,-29604.86861,5408.796799,9,335.7183902,1078.363931,-4031.325471,11720.29336,9706.607839,37116.66477,-534.4408325
21-08-2032,736.4591339,2493.059354,-2220.844349,819.8412936,3,-417.6533688,1463.161384,-217.6885208,1559.233417,3283.828434,2610.51083,5409.827437
22-08-2032,66.03716749,8.504995444,-681.7083893,2308.195481,1,437.8176745,115.4193693,272.8986629,178.7987359,3127.343587,1899.405952,224.5871745
23-08-2032,706.6998894,5662.314943,-4726.465488,0.8,4,-105.5007181,-178.7215234,-383.7458459,1740.699284,8727.654319,9187.139009,2154.815373
24-08-2032,0,138.8556857,144.2067721,3593.45624,2,-646.0849631,-1583.933203,275.9647784,1100.172173,4190.039934,1670.481497,-1365.263914
25-08-2032,549.6464007,788.3200407,-462.3075008,17056.17921,4,-4532.580668,-820.622051,-681.1093197,1953.696037,2096.19644,6063.583786,-997.6070554
26-08-2032,64.34450034,5173.823727,-3899.598352,15930.12997,1,-323.6561498,-1409.047736,-1257.346522,1762.99565,300,6562.231631,-947.835491
27-08-2032,463.4851057,0,-545.1609403,5488.27267,4,-715.0066397,-12607.33939,817.8362074,3162.470118,9999.478779,4653.164905,327.384636
28-08-2032,811.3321513,432.4994787,356.629594,25.68488233,4,391.630087,-10837.18323,-250.3199435,544.7264824,3716.774601,5136.352829,1538.566082
29-08-2032,620.4660823,708.2098574,118.2476874,3051.346616,4,-530.4626802,-682.531414,-104.6873353,692.8877097,3111.42341,3890.69426,239.1630636
30-08-2032,475.2781707,1551.061805,-1066.362283,1145.688428,4,159.3168964,1855.39075,75.2444669,6191.992021,16597.34998,17463.1289,-1312.62888
31-08-2032,362.807256,0,591.7332815,915.0617403,2,-833.4006069,-202.3458797,243.1879005,861.5754912,8828.903584,6053.692538,70.93357581
01-09-2032,303.8955092,582.4979938,744.2775177,2371.086314,5,407.5710718,-1035.79978,-206.9563453,1059.401471,2764.847063,6038.47113,179.3336526
02-09-2032,1935.005422,412.7605797,1836.074185,37592.57184,3,1219.649059,-149.4254697,970.5993116,1061.595488,10473.02703,1649.649767,-4106.376129
03-09-2032,448.9579348,0,-826.9723449,5394.32067,5,-289.2105517,3304.060556,16.03870488,3491.605038,12678.58947,9446.234344,-771.4054613
04-09-2032,1832.210212,1461.401754,392.4776997,1889.684652,4,-1069.167525,-457.7943286,373.5367626,1110.936374,10716.67074,10186.71155,-717.4008315
05-09-2032,1330.980545,0,2304.22057,947.0410296,6,-5514.122002,-5.103535361,43.6368568,2629.006941,7776.48924,8200.575158,-1722.021984
06-09-2032,0,0,919.7657014,200.9590532,3,-2054.868997,-248.3602552,-913.1168563,2774.899788,4899.265371,14823.45048,699.8195874
07-09-2032,892.7269492,0.714170895,1242.995753,318.8786727,2,1038.358647,2766.668059,-1510.828115,3622.557565,6710.62328,16462.08201,-1240.02568
08-09-2032,210.84158,0,425.8516537,2283.159152,3,-445.7053199,544.7012799,-675.5705413,2003.650983,8091.627847,14802.67867,2131.410403
09-09-2032,210.7725803,647.2996766,642.1468272,4177.566873,4,47.62104229,-162.3091799,373.8327353,230.0790066,12633.86657,5903.908604,213.6111157
10-09-2032,1165.917779,146.5872894,799.5058178,3083.413658,4,-566.4446536,-788.3066009,-438.1925987,1048.921129,6756.513729,8091.454285,-890.5086604
11-09-2032,5025.425655,228.192512,4770.521164,5720.339723,5,-4145.736323,1998.323979,-1166.492927,4753.455746,11452.2507,18705.77439,890.4251906
12-09-2032,0,356.9968721,83.89480612,7674.399925,2,-114.8254379,427.7849532,297.9763315,3947.347956,4908.56284,5186.867129,-27.27613789
13-09-2032,455.389481,0,730.0359903,718.1685313,3,-1335.812743,370.0518534,-1008.618235,3285.233953,5459.863328,12525.54585,152.9927991
14-09-2032,1270.959595,0,1001.537466,4901.499551,5,-159.1758057,-205.6335013,484.2513046,1613.658306,7191.947149,2704.617,795.5655069
15-09-2032,2798.239703,141.9619589,1804.201527,36239.42696,1,1538.944366,19172.37297,1091.216539,22886.63791,53936.29078,47278.93459,1144.15135
16-09-2032,2217.78755,0,1466.99518,30554.02065,3,-12.63083974,-581.5703658,3787.132377,23502.00514,88862.4081,62811.86358,2329.363199
17-09-2032,602.4879051,0,234.0535019,1419.988107,3,-545.4725835,286.2897893,-12.56719116,223.6181104,4824.183444,998.9384666,507.8560401
18-09-2032,2528.323013,1676.587661,266.9039068,1561.69073,4,-1256.360243,294.3347654,91.87491402,1626.658387,9341.933031,12768.41506,-465.2209667
19-09-2032,222.3911429,190.7395195,334.9859231,14331.55139,2,2236.886676,-439.0408852,319.2021233,2176.188381,6676.992785,7328.957588,-1444.523955
20-09-2032,349.006695,799.024864,-1211.711507,1948.746942,3,182.1643285,-20.78888741,16.18419626,801.2207924,2741.698916,2917.199104,236.0063571
21-09-2032,933.7550959,0,1543.007654,9817.804447,1,1591.85571,47.41628522,926.0494981,487.2770969,6122.03962,2446.899668,722.2565665
22-09-2032,1023.755451,473.3588104,-186.3150056,7830.512408,2,-228.3314358,-181.1340423,494.529698,2600.466389,7937.783983,3521.22545,876.3340118
23-09-2032,1998.074246,525.2740202,952.8548158,1597.874125,2,-729.6967491,476.9997523,-86.01468121,2039.687585,9967.881925,6388.655246,-678.9851681
24-09-2032,807.0012522,377.2108715,-40.33230994,1262.264306,5,-120.4611968,-993.5887821,-355.4355519,1029.652109,2549.446315,6966.577392,-313.5290306
25-09-2032,1117.655499,185.7893773,698.2580943,3213.307649,1,532.1701109,-1123.13798,179.6932789,1189.313319,7238.179217,3107.036338,442.6091501
26-09-2032,1156.505564,0,708.0267044,1622.182286,2,-104.4205981,-61.40059844,-47.14371498,2260.229455,6576.708412,6761.714083,-1082.007168
27-09-2032,1513.718118,26.89283642,493.2533481,853.1881048,7,-6879.157052,832.6841522,-136.7000662,3679.055018,9931.440263,11848.65797,1.587638179
28-09-2032,1120.533484,1344.076253,-20.08248086,1276.39404,3,256.5981182,863.3015419,-750.3761582,2333.509806,4117.801759,10897.02299,346.1849571
29-09-2032,1348.75318,3432.278975,-2485.442682,89.24511702,3,-686.5163288,-1087.185357,-402.9777996,1330.420958,2738.48029,6473.740218,3.483970746
30-09-2032,585.4600525,700.8025403,-432.0849023,2632.473303,2,1776.44835,-129.189502,-447.9877535,1210.663628,7278.499301,12613.52213,222.1661855
01-10-2032,3080.398453,1559.814759,977.1654113,9353.336786,3,1659.057369,4674.570805,588.3240436,1041.603393,7691.432733,4628.504492,-113.1372471
02-10-2032,0,0,-926.754517,23573.44079,3,-400.3013288,-108.4428985,3330.057407,7454.822868,44840.15175,17387.85604,-705.6037718
03-10-2032,7050.762508,12866.50476,-4773.008572,1121.846843,4,-430.426845,1917.320156,-4776.319271,10977.05143,15798.31569,49848.59595,-394.0712801
04-10-2032,128.0469535,644.5414949,-830.9550159,3626.584222,3,-757.1422952,389.5656428,-346.4864676,165.1071889,1900.263744,5717.562236,-291.5655785
05-10-2032,2119.474522,652.5476782,1398.448401,1896.493635,3,-456.1668281,-909.5352793,152.3953187,1479.714752,8832.854833,3159.083747,-343.9541404
06-10-2032,470.1245686,888.6481313,-185.2816069,2528.526918,3,488.677657,3191.460905,-405.1484425,1658.70799,5136.569618,9158.8316,750.2664155
07-10-2032,2045.51461,88.04169672,1210.618879,6454.714547,6,561.8978092,734.5147563,518.0386101,1041.497008,8133.717627,3538.63918,2495.47504
08-10-2032,5023.498903,4301.935334,842.8331412,2338.584998,6,13.97711398,301.8175262,-181.0257669,2071.713594,7568.344656,11456.30372,-48.95186573
09-10-2032,0,0,426.5132453,3485.883873,4,-98.10095724,305.7836516,267.9466333,541.1372085,8867.506294,5568.535372,5.427314935
10-10-2032,268.0912427,5185.165308,-5080.834403,0.8,4,256.4768734,-27.42934057,-356.0373341,2570.771999,7040.214558,10061.43995,582.2897183
11-10-2032,796.1489595,405.2183792,1051.661263,5611.837546,1,-4873.410315,-487.7993809,-238.0131283,3406.130833,9742.717212,11912.47201,-6254.248241
12-10-2032,6418.725316,4611.991138,1897.875559,2546.572867,8,1012.14649,-178.1395027,93.96672717,1158.531333,8967.616653,9070.52055,-1026.862074
13-10-2032,1206.333062,0,1231.449096,36212.92372,4,-152.5377588,-27656.92793,768.72836,854.5942833,7076.797902,2787.466776,1567.515794
14-10-2032,731.0578393,2651.541009,-1521.734321,6513.108617,3,1901.488385,193.655897,407.7727851,2811.752029,15134.57136,6360.925878,18534.11277
15-10-2032,1265.051577,336.3131029,-491.8446807,2888.060897,4,-1765.343644,-1125.665523,-446.9930955,805.0792173,3856.893322,3972.257054,-235.4120213
16-10-2032,30.44809294,2063.868349,-3858.40122,1545.774313,8,871.0110244,-1263.732415,-531.673041,3043.083661,7898.732593,11747.29079,679.1028418
17-10-2032,655.2181053,597.8949553,-154.7418976,3115.873039,3,3726.749354,-536.8251201,150.6882173,6213.369798,15837.61185,14299.92817,-1933.900666
18-10-2032,1278.879827,74.50952659,792.5993394,37757.38243,4,1027.650773,-28161.39537,904.3092615,541.6409119,8323.692384,2547.957281,1488.375918
19-10-2032,574.8436926,433.2460063,529.3780939,1659.650826,1,-566.92789,-897.6383595,202.7920549,733.469683,1591.827892,1153.086555,-38.95430071
20-10-2032,789.8161582,0,117.437176,3001.78705,3,-34.16998124,659.8080525,251.9441663,439.7282576,4025.114057,2609.75336,10261.57123
21-10-2032,1508.200161,662.6237141,1261.540464,2642.315361,2,-208.7416603,613.0536232,78.24545614,1040.544406,7919.338301,7076.649062,874.7836298
22-10-2032,1094.939772,972.1923982,375.4335735,8530.599968,2,-1275.301071,1596.039477,166.5065438,1533.000273,6501.690444,6473.428304,1441.304931
23-10-2032,0,1340.017808,-1092.841282,1783.336606,5,-633.2422236,912.1704653,127.9541471,668.5299135,7560.255903,3383.145908,1070.773737
24-10-2032,839.6861004,1445.292493,920.1855341,896.8382539,6,-1029.257717,1680.027804,154.4753055,751.211073,4693.551962,7443.275006,-1496.580895
25-10-2032,192.819439,0,272.568372,4684.030275,2,2166.397278,-5695.361643,476.3987425,1060.9998,3573.553194,1973.212068,2248.288028
26-10-2032,831.1064139,1154.741111,714.5065249,33776.35368,3,2354.509331,-12966.57142,3153.623149,21586.84493,52817.83678,29916.55553,336.8448098
27-10-2032,79.68137554,568.8009451,-1181.419227,1746.87712,3,587.3441367,-903.8289301,-22.28472788,1583.470168,6259.464957,6942.706639,174.0848457
28-10-2032,504.6509554,303.2913897,561.3289913,3900.041422,3,199.6948589,220.6207021,767.9162246,1787.911487,7595.459363,3697.776549,1464.666688
29-10-2032,487.3558106,2777.823318,-1843.841794,0.8,3,-394.7065849,684.941111,-85.55082183,841.3965224,3398.361178,3873.058531,6038.297066
30-10-2032,317.1550381,796.9978453,92.5502949,6859.304747,3,1028.983463,647.0251312,-4194.477782,11179.39994,11498.12628,39035.93309,595.5626648
31-10-2032,0,5112.054209,-5073.338897,0.8,4,89.72174771,415.1670213,-529.4681064,2136.410978,5956.725012,9565.57889,695.2853432
01-11-2032,2308.395826,2636.467162,-1204.040512,297.2052599,10,199.1124255,-2577.384186,0.313051453,810.9912971,7871.8754,4989.337375,719.2292434
02-11-2032,565.4485136,851.4447944,141.6764783,4479.032137,6,-6.866757122,5118.226683,-109.1673306,818.3030392,5975.435259,9077.156773,-1098.164551
03-11-2032,0,144.5620619,251.7725957,2815.418285,2,-904.131304,-6040.822105,216.9159978,751.0356731,8721.890517,4901.15741,-150.9889401
04-11-2032,885.909102,967.9691005,-79.42430155,6423.183021,4,50.4268574,256.0155618,1026.858403,1383.496303,8319.098593,1203.377209,-7348.678421
05-11-2032,121.1597301,847.3307784,-918.8404702,1362.69592,2,-172.0412223,2021.720736,-2063.061485,2049.065134,2370.456319,18809.84064,1988.83174
06-11-2032,251.8774928,966.6017774,-215.0091835,3836.319339,2,2336.658893,2075.266858,144.6226792,732.0496631,4866.059012,3286.710873,-738.8475979
07-11-2032,1652.922719,250.1429576,2416.849887,11924.33704,3,2300.222352,-288.3728043,1062.50505,569.4185929,14361.14028,3288.858962,-2948.252595
08-11-2032,680.7023967,10192.29291,-10972.95821,2697.53184,4,10663.31967,42.39204308,313.6290325,5343.390653,15353.68049,12758.79492,-3339.511489
09-11-2032,755.7307487,4822.144376,-4630.917804,1886.034687,2,4640.842009,836.8984586,-1702.398015,5075.467101,10361.90543,21191.77785,5303.393797
10-11-2032,799.0933249,0,1051.928516,5777.91962,1,1517.443575,169.3623484,974.6729,1033.839733,9118.877382,2546.263707,1566.258485
11-11-2032,0,0,-817.1102128,3043.772532,1,1191.458363,476.2807715,-540.0595758,2623.019253,5294.073748,5865.077698,1100.78556
12-11-2032,1165.964728,735.9121782,1059.931767,2744.940295,3,-623.7367615,-1423.648979,90.33803234,1751.631195,4614.421465,4054.675594,1692.33949
13-11-2032,5081.840979,5035.412008,243.4740156,4963.94509,6,-402.256726,-0.499118794,638.5757153,3209.346483,12609.79455,10254.88216,-365.5437686
14-11-2032,514.5149238,0,633.4803871,2028.077409,1,-2524.441346,894.6164247,-291.8254677,6356.24724,15259.70889,13376.40598,-445.6280986
15-11-2032,72.86989373,0,104.3676743,269.6712037,6,-1079.829701,1553.023849,-31.33489224,686.6598924,6729.239068,7698.894477,-565.0027731
16-11-2032,204.225476,13.61309756,642.3398911,1690.858953,1,1371.903039,957.6580116,162.4110158,1222.441498,6891.383205,5746.686346,-1142.424415
17-11-2032,2678.073241,3098.641526,-1205.145258,1503.060084,10,368.167774,-1181.230143,33.62260614,1809.818642,8395.215951,8319.584986,1528.351696
18-11-2032,34.8851515,2028.59783,-1436.792106,1849.962858,3,-43.91572627,-56.22666729,117.056851,1274.292723,10298.55445,7398.016337,-1550.258954
19-11-2032,2455.766715,904.4917591,943.9095808,3559.856053,4,-226.6058699,-370.1379152,-67.2119272,1333.956598,3127.993437,1196.925198,1992.14137
20-11-2032,1057.436769,570.1944988,906.0209889,4895.976197,1,-5783.326063,-729.804131,-347.9016823,2943.623138,10633.44115,10170.92817,-6638.851732
21-11-2032,0,521.6298166,-465.7389056,0.8,5,1213.591812,709.5533781,-241.8175723,1967.882723,5813.201598,8022.285185,1453.266494
22-11-2032,3323.077388,56.4654792,2869.40048,5016.783697,3,807.3818336,-1074.522418,546.0492479,1771.036349,3236.932816,2893.066703,-56.84431817
23-11-2032,1584.681469,0,808.1602723,3655.715383,3,1354.880849,67.63260521,308.3929537,1625.242451,5581.315747,3169.268181,138.1738706
24-11-2032,0,0,818.8867024,23553.0435,1,62.47415874,-312.135927,3187.336301,7276.251055,46301.29729,21606.0049,1019.567981
25-11-2032,6275.741923,678.9975777,6323.202963,6534.872179,5,-2282.636965,1648.707884,536.9384245,2572.756879,8253.365451,4649.018311,1158.834118
26-11-2032,2266.722555,1211.167419,2111.629115,15012.36083,3,717.2323561,-117.3251388,-320.9974075,2425.256827,3685.441394,7029.660854,888.9819691
27-11-2032,248.8480609,0,-994.4944193,24131.64616,1,-95.21309491,-252.90386,3261.334757,6886.242496,44333.35962,23057.46271,508.9727753
28-11-2032,381.1363711,194.6086756,-71.62175201,1782.296685,1,-1425.719831,-1317.021875,6.034982793,193.3074907,3824.474616,2337.997607,1297.475434
29-11-2032,2110.619882,3139.312193,-967.0904284,0.8,10,-36.7300883,-2396.790997,-52.91902343,884.1808055,7881.888328,6465.968812,1312.988152
30-11-2032,1026.517956,492.4762673,441.1765324,7481.281536,4,-29635.53781,430.1900855,-4136.646498,12050.69101,12616.25695,38616.42454,-174.4513869
01-12-2032,0,1792.88957,-1856.306432,0.8,7,950.4297715,-694.1497745,-665.0918348,3414.549042,6212.331173,11253.02653,1097.511901
02-12-2032,734.4284002,185.6387006,393.4003666,3741.315978,4,49.70519779,-13107.796,646.5302674,2990.996314,13575.83409,5430.695114,289.0177994
03-12-2032,391.4056187,1189.723247,-253.6752104,3960.843523,3,1152.967141,387.7586239,-185.9992842,721.0378815,1350.351399,3121.94054,-1294.209395
04-12-2032,1152.842422,0,-637.0020184,1784.034511,6,595.643562,1328.70933,-86.72780799,934.346891,3289.109047,9212.703876,-674.7544706
05-12-2032,1453.173854,1417.237004,-902.4291271,780.7872406,2,-1034.389612,223.2993777,-211.9274477,895.6008058,7817.579834,9569.821697,1316.503112
06-12-2032,335.4055151,0,750.5906327,1163.33368,4,-601.4279035,-55.14284866,453.6128943,325.4282008,4744.439075,745,-1903.591499
07-12-2032,560.1702496,0,285.7119792,2493.260259,4,633.506174,182.3088291,-151.3812488,150.9908543,300,1700.591934,2839.146419
08-12-2032,746.2725999,608.489657,575.8633027,2526.111152,3,-810.5965179,-353.2191793,-95.83941511,1633.935858,5898.288298,7423.200151,2203.171936
09-12-2032,1096.189087,27.89140399,1764.12016,4505.547948,2,131.433425,69.56374601,-203.4627513,1175.575045,11933.90558,13478.38572,-372.5178986
10-12-2032,311.0749853,544.6744195,593.8257996,11259.1847,5,-5315.584277,97.36326634,-833.3493043,1418.193292,3319.367909,5695.256133,-8.495463885
11-12-2032,1660.855522,2691.680422,-1498.073164,194.1315408,10,1629.838457,745.6266987,-462.1462113,3349.237251,8432.485826,12911.61781,-105.4004665
12-12-2032,0,62.90565516,-405.3143653,1192.038022,4,171.1887632,-2086.266113,82.16595061,2375.268741,4625.027743,2313.995498,107.1512505
13-12-2032,385.3635271,70.013041,263.7060773,4477.254258,4,316.3686251,-355.9661975,291.1373796,1691.940548,2335.579251,745,-2415.849471
14-12-2032,3823.660908,294.1667691,3561.68153,3514.507742,5,-80.05243982,2971.060007,38.57324477,1960.811046,4396.248774,5049.999641,-148.5406376
15-12-2032,3800.43184,3792.944799,621.4954621,6765.558144,4,-217.7314648,-1925.439216,1071.285239,1916.345938,11179.36986,4530.677745,-5695.69174
16-12-2032,1436.802293,669.238869,1130.04795,2898.134303,5,-172.4525928,-89.97072398,-116.5853434,939.8850401,9401.491473,9027.569493,11181.11107
17-12-2032,0,11903.17432,-10746.32227,1893.217638,6,11450.37304,-916.8815866,285.5682673,6690.206407,18859.42088,16429.8077,-774.887951
18-12-2032,0,650.7784077,-649.0848339,5706.277525,5,-530.2878998,3529.591966,-104.5902025,3645.400645,10545.44432,11537.10807,-311.6469375
19-12-2032,341.0187735,0,1825.637436,4825.647426,4,-1334.580722,-548.7819235,-420.4915349,1984.129557,5992.509119,10796.29331,-3863.666887
20-12-2032,134.8310636,5882.597534,-4913.627157,5277.978523,5,-2578.722969,1403.738075,-342.5074898,2894.195472,8291.296908,12579.64928,891.0760732
21-12-2032,1334.250943,859.4563794,-208.5194954,1245.713822,3,-764.3563547,2482.168055,-291.4291969,400.7664509,381.7510412,3266.819194,-269.3346085
22-12-2032,3736.705694,2787.864286,486.0601927,7618.279082,4,-339.9900419,-2229.929067,1156.403861,2122.518683,13345.57977,4718.419597,-5372.833458
23-12-2032,31.63780034,0,46.09753432,0.8,2,-746.0473741,1277.218097,-744.7469796,749.9181309,2201.422992,7308.607107,2222.887845
24-12-2032,0,1419.206606,-1240.467104,2722.24094,3,2935.341382,46.62428841,231.0591972,1265.5935,7023.736673,3209.687475,3403.852835
25-12-2032,571.9066236,0,-117.1424139,824.5183317,2,-5909.631119,1613.521437,-1358.45017,3013.811924,9936.635949,14274.02309,143.7149047
26-12-2032,1817.147365,419.3324679,436.8558753,8333.901284,4,-29781,-207.580772,-3828.60157,12263.69891,13199.89837,37362.73816,-519.7238873
27-12-2032,894.2253307,0,823.9055211,33623.90388,3,336.0051443,45652.57096,-3392.749285,11124.22071,4343.19749,29343.24905,1527.389907
28-12-2032,1031.957013,344.6982528,515.1649119,6073.862435,1,-4993.02275,-1370.238869,-299.7858422,3209.524204,10553.899,10419.95186,-6665.854727
29-12-2032,1456.939656,837.477908,1422.506049,5093.781391,4,799.5919096,-970.4902578,725.0380705,554.7970826,5675.648251,1532.598774,1724.502282
30-12-2032,0,0,471.1812452,907.2937536,3,-11432.82991,-5563.401853,-1542.983364,4439.4304,8691.550816,18277.25582,4223.222891
31-12-2032,6538.73667,4885.760141,516.7118841,4319.703374,6,-531.1255787,73.75485831,669.866052,3840.478575,16891.67529,12240.44413,-1056.931641
01-01-2033,1462.528873,1341.947805,574.5097779,2220.677561,4,337.1191771,-361.971122,-60.80631856,861.9111016,2842.305403,1402.32322,1309.999966
02-01-2033,158.0527179,580.5495795,376.3537113,1023.649736,2,937.5492803,-1138.362956,375.3713285,1013.708276,2663.437415,2494.50521,-366.022655
03-01-2033,820.2635779,406.1613108,153.320141,21363.04757,8,421.6432245,184.1355569,-19.2333012,776.3373448,1854.838227,2384.155403,-1370.932062
04-01-2033,111.0921001,3575.42303,-3168.682738,0.8,4,649.0489614,-145.6797239,-915.5585735,3418.267916,6050.357273,16225.79917,283.863877
05-01-2033,976.660956,1.12026475,-571.1158856,1926.289683,4,-71.33854034,559.4425439,-196.2154823,2052.823086,300,4582.305933,-3.485025125
06-01-2033,490.6923723,465.36452,-255.8075514,4185.276115,4,2140.420412,192.8985098,468.9648347,1337.44417,9971.06965,4105.638821,1816.485964
07-01-2033,1619.756362,761.9610513,162.6941138,2146.506838,4,69.20439176,-224.7662041,-181.2802339,1035.795466,3493.45064,1569.255955,460.40121
08-01-2033,0,1742.248278,-463.8290629,4191.542759,3,376.6016803,356.736536,-120.7417745,1227.314034,4091.752574,5667.598851,-1242.792855
09-01-2033,166.9037139,73.11184314,-313.5560327,12330.8847,2,701.2336018,-1785.63402,-397.1438638,2327.220385,3886.182979,6209.25818,2038.194947
10-01-2033,686.7939742,0,864.5784505,1003.820819,6,-1858.466454,-1832.915716,138.8770801,1458.811375,37537.66748,38590.41956,501.0188839
11-01-2033,131.9392784,157.4061734,972.9083208,1238.06216,2,1073.428529,841.7969107,-85.0320545,1291.851949,4422.491998,3644.369518,2187.337254
12-01-2033,79.29557899,319.720492,-953.350461,6296.702028,3,-231.621491,1292.487769,554.5559359,2673.594918,8270.238344,4284.987537,193.0619834
13-01-2033,403.0926566,700.7234096,-463.9615146,0.8,3,759.9321361,3332.406488,-370.5514418,2110.529243,5749.051966,6921.851026,1599.150088
14-01-2033,0,728.1740214,130.1456795,4992.572628,1,444.5473786,-1497.809358,-949.9278942,4816.934969,10714.00121,18394.30535,-35.66515524
15-01-2033,323.757444,2239.783203,-2438.824197,0.8,8,825.8064938,-343.1245143,-467.8067466,3261.084949,6525.812504,11895.55141,2527.635198
16-01-2033,860.4964243,4223.259371,-4824.857658,17231.04783,1,-115.2328054,-578.9481551,-984.8281778,1689.052653,300,7187.135935,487.5607689
17-01-2033,489.5273476,414.6768942,-579.399386,14.75107465,4,451.331521,-730.2432692,-412.8430168,1025.869163,3792.938767,9033.988443,2794.410257
18-01-2033,1050.788851,4471.253658,-3577.232122,10078.25945,5,3303.103026,1303.687643,623.6299184,2929.896825,11227.89431,6051.633512,-5623.665875
19-01-2033,193.1822828,830.5054067,-1061.277097,1215.5285,4,-669.1202665,1678.762893,-531.9120632,1203.856334,2579.259877,5141.105222,1124.378466
20-01-2033,20401.63666,71.15216848,20468.50364,23911.07589,3,-263.1389373,-2610.863629,3614.690436,7128.851743,24490.6021,904.2904065,-29.74148047
21-01-2033,1216.061092,130.9673834,855.7166794,29234.82338,4,-69.2589629,1580.526832,3277.005814,23502.00514,87365.96823,66503.5167,1449.134273
22-01-2033,511.6148248,641.8337941,-353.9434151,2480.282182,5,-398.6404483,306.3877104,-52.142238,1161.114394,6317.974298,9896.107622,1646.543769
23-01-2033,858.1180569,0,976.9543489,5532.425092,3,6106.296775,118.7532122,540.7038638,3120.878517,8374.88317,7215.264552,-356.3497018
24-01-2033,32210.2577,30913.27084,1471.709492,1956.603325,5,-332.7718918,-811.8020588,-265.7238613,951.0087218,37369.02772,39148.80368,-1112.417027
25-01-2033,1676.966506,0,1429.906406,2680.783571,2,-421.464648,-2766.257633,-1280.480058,2773.416917,1084.058401,13293.26766,1181.878385
26-01-2033,1417.527001,0,1825.51735,7413.124528,1,914.0865377,-408.5966564,805.6016057,779.0809675,6991.481693,2206.381782,1181.071809
27-01-2033,32372.24422,31932,1573.297817,1583.056656,5,-1454.6797,-859.7604386,-205.9828743,819.8163924,36180.80872,38910.72084,-261.3385711
28-01-2033,1867.297767,0,2315.698681,2865.119898,6,-4361.729931,14.40919662,-37.84277408,2362.432312,7492.050034,7821.234086,-1293.115473
29-01-2033,465.2213343,236.187473,-173.1642289,21543.23324,8,-488.4705508,535.2661785,-122.6577301,1009.600885,841.2645683,1362.398975,-118.1090668
30-01-2033,5968.738454,4665.962281,217.7832067,5552.939454,6,203.6291668,92.19024118,450.1007515,2747.605634,16096.96728,10592.0656,-868.4494223
31-01-2033,1569.262377,0,325.2411424,2913.089687,7,-325.9608008,604.1056396,296.4001804,150.9908543,9181.538942,5494.930103,-129.1003304
01-02-2033,1019.985463,133.0004149,876.0728057,2180.559053,3,224.6548332,707.785842,-410.0647449,903.9675351,3420.494752,2653.387448,48.48956476
02-02-2033,0,290.3712649,-665.1021437,634.4801795,4,59.24690158,-2891.609877,118.2188063,450.5378955,2877.112389,745,-196.5255506
03-02-2033,0,1516.084006,-55.8374702,894.0722652,1,1907.066078,-961.9006627,73.54727556,1064.737609,4724.386629,6706.98534,1180.151044
04-02-2033,24.02272886,225.287109,-377.0677976,2650.955909,1,791.3011151,-276.8600369,-80.26603518,1113.303365,2613.190477,2538.61905,777.8520839
05-02-2033,0,503.1543479,-334.0810307,0.8,2,408.198403,2389.883442,-2031.715396,2987.7715,1909.81135,14976.16174,1928.640131
06-02-2033,926.9360849,0,459.6092662,5728.920291,1,-1199.805546,1363.659846,411.1794124,1208.350335,5447.267795,3758.016367,-77.17755048
07-02-2033,943.9927213,2101.545243,-1348.595431,6004.533117,3,-212.7418124,-4750.563412,-4072.753184,11387.30284,9165.012173,35327.95881,-5354.74694
08-02-2033,1336.629411,1007.067693,12.5615908,7395.781098,4,790.2836561,-52.09899611,992.9774555,1905.29572,9091.383009,1551.567804,-7197.64083
09-02-2033,954.9212208,0,-125.7031075,2846.044981,5,-103.8654796,-2977.146687,214.1724266,461.6522445,4138.434616,745,-992.5416692
10-02-2033,300.7291148,1526.375174,-1402.35187,1504.336062,4,-71.65547205,1895.379484,-320.3036822,6290.340995,16298.34146,18573.32526,-413.5868068
11-02-2033,305.286165,999.6166144,-115.4712264,3149.458718,4,-703.8074392,1688.25209,-306.0851375,1467.349791,300,6493.094524,944.88037
12-02-2033,710.5634386,307.6511549,141.9462822,2529.166137,2,38.23981404,61.58700735,389.3343617,917.7975974,3661.520687,1328.252561,510.8348632
13-02-2033,6214.07019,5431.26469,1718.793414,2910.212084,6,1632.697736,-5210.988467,-233.0662886,2668.353365,11072.07175,12618.28759,-558.8168317
14-02-2033,0,1096.913935,-271.5195617,5490.753178,5,515.0627952,3382.722036,77.93512674,3107.38946,12385.07845,11506.34327,-96.69872185
15-02-2033,847.7515241,922.0446358,-866.3692839,2590.074794,3,677.7493584,-464.3578177,-172.6191281,2114.27971,2207.639217,5027.861586,-777.0459649
16-02-2033,0,49.53432419,-177.6454204,2178.929458,2,169.8046428,430.0628258,270.1811324,484.8397856,3693.260151,5602.860195,1609.884379
17-02-2033,390.2857359,5137.702376,-3718.575341,1577.363123,2,4331.455165,227.1379987,-1714.543984,5925.645342,9442.506397,18699.29199,4546.277995
18-02-2033,0,1681.900726,-1326.786815,1712.859089,6,426.918965,516.0020158,-130.3712859,1010.472999,8048.788002,9169.284052,2084.085715
19-02-2033,1607.986613,832.6247859,1083.560036,3395.14162,6,-181.4175363,5628.182599,-95.67392203,340.4280315,6377.732706,7479.214281,-814.1681298
20-02-2033,1751.528617,611.9981547,-1004.085274,3524.280443,6,-383.9330208,-54.8841265,-419.0637751,150.9908543,8061.150306,10396.39731,360.7265141
21-02-2033,230.2127129,5760.796499,-5164.608783,11598.18155,5,1110.69874,-5728.641933,-858.4790679,2465.588921,5263.698088,4795.223182,190.4525618
22-02-2033,45.45131316,653.0726402,-725.818819,2420.267996,4,-2468.447189,279.6014902,106.1842462,415.2828088,6670.247852,4717.589414,-831.5797661
23-02-2033,1356.889243,0,908.9296481,4194.793264,4,83.17389865,0.038092681,-428.2431965,2605.59919,7753.644364,9934.120813,-3965.228686
24-02-2033,2175.954765,151.2039966,976.1241967,1841.92148,3,-795.002202,313.3144859,-340.5312477,1808.685121,839.1466666,4495.059896,-293.8180936
25-02-2033,0,0,177.2680549,468.6914045,4,52.42319828,-93.14699705,79.18871596,207.1101531,300,2955.21175,3079.394432
26-02-2033,2635.516243,31861.62715,-29781,5512.789213,9,599.1870174,359.3035665,-4261.254489,11816.03768,7679.381066,35845.61498,1796.222164
27-02-2033,0,268.6647781,-1143.947527,0.8,6,376.7352736,-627.5565481,334.1912906,842.8910161,9711.589585,10129.90303,-549.7561012
28-02-2033,216.5271085,1016.719444,-1358.738531,0.8,4,1008.76931,-1142.254547,-425.3827969,267.3016643,4702.554352,7654.301386,1135.611382
01-03-2033,161.1075708,1050.9494,231.1589847,952.4269924,6,395.7734442,-506.4645792,-256.9160004,389.6409575,3238.251421,4369.604663,-677.598034
02-03-2033,0,0,-135.4640906,1437.224869,1,779.9972804,641.4002844,88.69384489,267.4939032,3956.150179,1452.181721,87.68916009
03-03-2033,245.6300469,829.9471071,-459.8444582,1180.25792,6,603.0735706,1213.392094,-117.9100929,1697.545604,7031.537111,4813.181688,427.916592
04-03-2033,0,0,785.2039133,365.4523339,4,259.2043557,-3071.739677,268.4216788,247.1148484,300,1109.146651,519.2883376
05-03-2033,511.1074465,326.0649362,-675.6836004,2493.346827,1,-1006.344983,-1383.808386,-20.41575355,1905.158207,2014.955217,4993.685037,4163.007308
06-03-2033,0,260.3815047,-190.5868334,43.57738118,3,-268.4004087,1146.743274,-30.97465823,266.5802106,11939.11857,9265.382526,-581.5352215
07-03-2033,355.1994992,690.1912287,-662.6416373,3525.638687,2,746.6691888,393.8487058,-5.085575357,1028.818176,3477.212628,3756.660626,-2606.712041
08-03-2033,0,12.28034831,366.7744375,1824.49463,1,-373.4875849,-3932.938668,-30.63497206,582.7466287,3862.521291,2336.839711,917.6070904
09-03-2033,1707.530963,593.7196031,2068.833131,3201.494905,5,1067.120012,1870.414692,-191.6839518,2181.326076,3665.185838,7539.705558,-4268.175189
10-03-2033,480.1092442,0,117.2044517,5246.82287,2,2016.139933,-5246.504974,721.3592431,924.3200072,4105.353791,1440.600681,1800.562972
11-03-2033,602.0892848,0,192.8413164,1187.668546,3,492.4204518,1632.756502,-427.1564998,1038.065985,3285.055505,5121.597064,194.2931125
12-03-2033,929.7774151,932.9855169,522.0281954,3084.372479,7,-66.65514241,316.611474,179.8602604,293.2700492,8153.595227,6234.139316,814.2695202
13-03-2033,991.7156229,0,1351.291688,2415.439315,7,-6793.086881,460.1811337,-36.62161466,3057.727317,10552.99283,9423.358877,394.5571259
14-03-2033,724.8447337,325.7127262,129.4755494,6210.535316,3,1089.113594,1168.980414,-4283.043081,11057.84307,8621.359159,39720.39757,357.6727065
15-03-2033,1826.295586,2333.79752,-365.5554778,721.8711386,3,1621.912859,207.520517,-185.3033742,893.510614,41628.36933,40490.29803,-2122.740838
16-03-2033,0,0,-617.5864266,3412.661215,1,1143.365889,-2618.153704,-1037.312001,5474.22998,11377.34236,17370.16463,-138.6290208
17-03-2033,188.2122797,0,844.3565729,5299.709338,3,2705.835954,2642.742055,356.6884693,878.0518799,892.7647381,3213.775428,-1071.544585
18-03-2033,0,883.7123279,-1277.398223,6128.954102,5,-50.58776291,3915.805914,-72.90099553,1659.676686,12181.22456,10422.84199,-242.932713
19-03-2033,0,781.2393494,-727.0476299,30626.65879,2,-27855.4368,3672.297369,3481.823459,23485.2356,92032.8867,66942.87388,195.8114703
20-03-2033,364.672977,936.1486027,1159.171138,12.80663699,7,-2502.982123,317.0308084,-607.82899,1549.469379,2350.299887,7457.182197,308.0488338
21-03-2033,958.8705662,4844.91178,-4171.786793,0.8,12,1987.843762,740.3284611,-209.3713687,2718.710502,6378.592734,8374.066741,1746.325347
22-03-2033,569.2726796,453.6261729,-876.4774645,22574.00285,2,61.01047547,3415.892588,2778.830075,7609.443229,42367.90879,20235.23954,-398.7785711
23-03-2033,2149.731639,165.3512631,224.0534929,2024.502458,4,-316.4254527,-506.8240327,-27.68526488,150.9908543,1454.452105,3445.47363,1417.085916
24-03-2033,983.1995818,451.1842507,823.1312428,0.8,6,-2236.917398,-2732.96649,100.1728831,400.1502316,36847.67455,37525.9826,433.7603728
25-03-2033,677.3825011,515.5739427,97.14014728,88.56835387,4,-193.7736192,-2491.196627,52.15057614,639.0258795,3068.901702,3675.648449,680.5652517
26-03-2033,0,2671.390946,-2111.410321,0.8,8,585.285643,-652.0942026,-535.314494,3185.45862,6669.941707,11602.19768,1075.254747
27-03-2033,2518.773199,97.06600907,2154.998338,14705.51384,3,632.0193163,214.3000611,32.40616365,1906.625011,5749.105392,5092.874416,-161.1922101
28-03-2033,502.203439,2232.119243,-2392.898937,0.8,2,-568.0583162,885.8861448,-377.3405335,6560.693392,15109.3155,16828.21267,1046.073004
29-03-2033,2048.462666,2360.39223,1356.435802,1989.343318,3,2506.374424,-177.1650663,-371.8717441,1550.143181,37949.7367,39113.74828,-792.5839895
30-03-2033,1643.973245,1142.05454,-11.03017503,1135.905765,5,334.1128441,-904.8524749,-322.1983012,826.9646563,1429.307033,5222.594927,-950.858482
31-03-2033,1986.300509,1281.435778,792.6378654,1790.665157,4,-546.3018623,-878.3874341,91.24886591,1031.766365,13464.0052,10643.71796,-1440.653199
01-04-2033,19914.26596,146.0971548,19829.06774,23870.96679,3,-304.565618,-2913.883437,3407.238801,7609.444274,24503.08815,1582.373988,754.3352142
02-04-2033,123.7714339,679.3770965,-243.1182814,398.2593368,2,-566.0162749,484.4445152,-810.4005459,2109.347012,300,5688.771975,2137.184126
03-04-2033,2558.765419,909.3066437,2356.40842,8501.543729,3,1701.512952,2376.107275,468.8944334,609.4180056,6290.023155,4144.426151,-866.52733
04-04-2033,3708.205144,107.6850829,3766.135134,5846.334503,4,-1976.538464,-148.8625496,855.793508,1883.637976,7524.998286,2666.477535,1485.516803
05-04-2033,0,1572.281396,-748.1578355,4336.97604,5,-719.6079307,4955.296335,5.398043962,2806.907992,12145.08121,11046.79005,-899.1082852
06-04-2033,0,45.80351496,-101.9643463,6335.852976,1,386.6241795,-1889.977794,-969.66559,6199.401964,8374.033522,18075.03521,-92.61248845
07-04-2033,10020.3268,30.84453741,9715.45905,12700.48049,3,-265.8597822,-413.7428546,1787.581343,3972.930272,15223.02918,1009.038185,-10569.47488
08-04-2033,505.6571472,0,-526.8228905,3010.039974,1,1058.660666,523.3191633,-531.9984408,2300.595703,4489.884891,10149.87509,954.3948018
09-04-2033,0,119.6171391,-282.0161262,193.5300461,4,-538.5973672,-541.6178946,-163.1055493,6892.719468,17888.16525,15080.65154,-1321.722697
10-04-2033,0,355.8148631,-514.1423613,3243.496557,3,2498.03891,-368.7623134,122.9840635,5412.524547,15303.07509,14108.92416,-3347.692692
11-04-2033,0,0,-279.6558219,1079.495651,1,-571.9291368,-257.6015356,98.778508,235.2688058,3948.210373,1777.600743,428.3664949
12-04-2033,39.45497024,122.9246834,229.9117314,6657.076774,3,449.326521,-537.1676979,630.1486385,2054.076052,7835.895849,745,435.4531889
13-04-2033,751.1908392,394.1452673,517.9485425,0.8,5,-141.3491115,136.5631868,-350.145704,165.0979713,2120.449245,745,525.8726956
14-04-2033,383.2457782,864.4744506,-1757.778671,6227.15139,3,910.1951123,-4149.864106,-3936.845526,11126.82791,10162.27093,38584.03574,-5259.457246
15-04-2033,801.2909566,2865.560543,-4094.660304,0.8,5,-10163.10804,-635.1862936,-43.21454513,5766.400685,12955.6917,12187.54099,3042.206951
16-04-2033,46480.54578,1077.050417,45408.99424,58180.8,4,-12082.68064,2721.693569,7735.714286,19450.45539,95331,42335.58724,-29090.62475
17-04-2033,750.1645169,190.55061,296.6376774,1368.597622,2,-1221.003202,-480.7651059,26.57910105,2894.367961,9797.589128,9571.638521,-1400.913389
18-04-2033,117.9435225,0,-546.8797646,0.8,2,-5997.858309,835.6996084,-1078.765008,3304.263725,10185.63463,16639.95871,728.8067005
19-04-2033,0,356.0405731,87.34383311,21888.43607,2,495.8609955,3701.949606,2838.28658,7098.927459,39602.57899,22342.4286,-1410.048279
20-04-2033,362.2768713,155.6496828,-43.41316196,23884.02326,1,390.9467146,39.39680074,3292.736079,7385.724636,42455.61181,21748.11051,-505.7736692
21-04-2033,644.3313567,3318.326942,-2633.080156,0.8,1,-446.4833719,-493.6462398,-572.3363278,893.6568718,4921.99916,7403.441969,-6.207484034
22-04-2033,0,215.5404267,-290.1235803,1457.180324,2,-2403.231502,-1054.178552,-319.8564624,1900.928994,3700.475832,5735.291671,299.6905071
23-04-2033,0,1003.958589,-1471.569322,16109.25468,2,-720.8067026,279.0767141,-970.6936844,1303.778473,300,8647.434224,-620.2049033
24-04-2033,1066.076638,569.6969526,-94.59236862,5147.055906,4,2307.02397,285.1914877,686.0611421,1405.341948,8419.936092,6723.994851,1508.014597
25-04-2033,1093.526821,587.0642912,-111.9030921,2251.120135,7,200.9419101,-977.8778089,262.9517248,6416.502641,17104.40172,18095.54474,-627.9205457
26-04-2033,1040.415684,770.4328612,-254.0890013,6303.224648,2,2070.622717,-5049.97804,932.8861384,1147.091059,5100.395408,3028.620839,1818.956851
27-04-2033,37239.41073,19527.90941,18539.95036,25565.30837,9,-1153.041562,1033.930737,3280.079995,7228.074991,45075.2759,27296.39467,-12112.41689
28-04-2033,836.9679877,339.3042377,328.7272134,1443.166074,1,1296.178469,-1915.360986,345.8936393,908.2527337,8222.481705,5259.129341,2477.61419
29-04-2033,771.9756944,595.1545029,-723.1065804,461.8583557,7,-506.4207377,1371.462131,-245.9353894,6171.898806,11871.64448,14775.10308,-893.8152066
30-04-2033,1460.103125,1323.288248,482.4551784,1105.651034,10,-54.28414762,35.62745694,119.2203158,667.54723,12522.06396,9226.601596,-935.6497179
01-05-2033,77.43123805,467.8493787,-118.5219747,23264.60862,8,-440.2775936,33.94597897,-411.6800871,429.0148262,300,5515.783906,-64.2430904
02-05-2033,726.9710162,2207.85348,-820.85511,1159.525881,4,358.2920077,2031.256217,-254.39376,6224.937819,14936.33692,14890.6086,-401.5186509
03-05-2033,66.176328,328.5115399,148.9013353,2582.020692,4,616.0335554,303.8699198,307.5688412,698.021752,9223.731724,6870.523582,402.9733276
04-05-2033,0,40.64049866,54.80186004,23997.82757,1,54.74947246,949.8734303,3140.667001,6851.769704,44250.01456,20515.25936,-263.2507459
05-05-2033,1178.816223,0,1528.136901,2501.912611,5,-6067.653964,2046.855525,-345.4344123,1984.553064,5904.104748,8484.224051,-136.1471724
06-05-2033,0,929.9838613,-722.7870958,3206.47511,3,-408.8792773,716.8898326,-102.3272533,651.1493773,300,2500.158638,-942.7811033
07-05-2033,1676.435301,290.6901218,1170.883554,34802.3194,4,948.6922947,3100.757588,312.9715129,1751.380792,8701.572378,5777.392833,-29781
08-05-2033,939.8125547,1025.604549,-324.2055537,121.1409782,5,298.4813525,-365.5201202,-256.1349341,1196.537657,3230.81073,5064.82094,1937.683128
09-05-2033,117.6211305,3045.833913,-2948.492684,121.7526363,5,-10574.79975,-322.1277089,-72.56683289,6131.439509,14008.80226,14466.0595,2018.531342
10-05-2033,368.5790199,0,438.5194687,1317.686942,1,582.2261944,34.20019522,332.5330014,801.9223891,3253.345376,1653.371606,-892.1678091
11-05-2033,0,11888.34955,-10902.46002,3049.79863,6,11136.08031,-966.1068115,345.7634018,6195.538731,17385.04577,15733.78873,-924.8960854
12-05-2033,0,140.2742163,-1007.765111,15661.59768,2,-139.4622366,-30.65818071,-906.4061918,1928.064154,300,6304.944134,-1067.332299
13-05-2033,186.2196686,149.5869945,964.6391461,33222.27723,3,481.8841773,45330.18713,-3277.462393,10928.78663,7591.756586,29695.43221,1211.531104
14-05-2033,0.525995438,2342.012124,-3138.449402,366.4644066,2,633.2325406,278.9482814,-242.5683114,6755.123664,11309.23883,16564.09989,-272.154701
15-05-2033,1910.010188,0,2606.331574,11733.97847,4,1311.799132,321.6214412,844.1657124,471.6811181,10712.08366,4033.031156,2703.683972
16-05-2033,0,150.7985686,-252.3453448,21567.96813,1,121.1798449,285.8730324,-458.8439123,538.0470654,300,2666.145259,-267.0014863
17-05-2033,16.09000536,472.7729804,-1120.359771,4050.507454,5,136.693533,4444.106593,97.54867391,2607.334772,13712.82759,10610.1292,-429.4664904
18-05-2033,1755.640455,1411.818049,-1140.99352,1139.099403,4,-1055.715678,2358.149989,63.29384046,6827.702401,14636.91462,16596.97412,-212.8451534
19-05-2033,166.4342803,656.6368928,1377.749834,6864.545647,4,1409.02417,1216.799347,758.4089098,1606.267451,7074.821982,934.1694946,-7068.117409
20-05-2033,1617.848009,322.0233208,1722.297424,1313.948137,6,-4452.927086,-350.8283831,-27.17766447,1865.222538,12722.83572,5874.254146,-1542.839529
21-05-2033,465.2322907,0,254.0236547,3474.247356,2,-201.5338979,-3429.279431,567.4976133,2251.82611,12707.02903,7876.528405,583.8433293
22-05-2033,1204.133835,3431.6071,-2909.739361,12361.86266,5,-554.782295,1716.841303,-796.8626458,2039.021982,4306.064781,9695.357292,-11660.43093
23-05-2033,281.319834,852.6972328,-358.2144465,3054.16275,3,1217.466511,908.5738764,-547.6773664,2152.80018,6299.633015,12064.59449,84.61341362
24-05-2033,61.11976495,421.1628908,-973.1300545,3909.136646,2,1851.712121,2625.648106,-48.64945435,1479.026233,1307.399377,1512.687368,-274.4105896
25-05-2033,3878.907706,3339.803856,550.8685922,5717.404676,4,-542.9374358,-2290.326912,1003.457769,2545.254653,12189.06179,3050.595021,-5566.62471
26-05-2033,0,0,338.8925275,649.4268293,1,-472.9542906,-854.5068889,-145.4636075,757.1431158,705.2582553,3664.175258,-956.0833664
27-05-2033,891.1715161,303.6559233,456.4605598,2240.647895,5,-395.7596607,-622.4132327,-392.6215435,1280.196544,2500.962144,4996.769385,176.1516689
28-05-2033,680.0941811,0,644.542278,4945.402972,3,-552.9210487,-1009.094149,-498.7896363,1902.143998,10197.70835,8369.672337,-2169.030111
29-05-2033,5771.917993,588.8212766,6387.285744,5853.442092,5,-2618.763655,1127.45245,715.8709494,2451.781299,7207.55723,4716.415923,972.6591707
30-05-2033,3330.338287,945.2845067,3354.33192,3705.35169,5,-246.6697323,2751.30029,-32.67278365,1766.710632,553.1845898,3024.309764,846.3466766
31-05-2033,4471.688431,0,3159.303557,6388.962523,4,-686.6423969,-897.6934156,396.744897,2303.363021,12867.75002,1897.506463,1418.217214
01-06-2033,2316.727399,1009.628075,-162.466198,1185.319625,5,-109.9240618,-955.61225,-227.5681924,1090.075475,4944.167462,6328.859105,108.9833425
02-06-2033,881.8490476,0,176.329789,2293.114998,2,-730.8231486,-445.1410239,-84.85300632,994.7976903,6307.45455,6898.517299,-608.9956077
03-06-2033,0,1113.884786,-11.756713,2832.911885,3,805.8219173,-371.4258565,-16.310606,1503.570491,4530.754711,6014.759248,-2287.871746
04-06-2033,369.5680027,1395.194942,-128.1342027,3107.203154,6,-314.5588218,-304.9881021,-196.4548368,447.4550843,7924.334449,14158.52315,-649.707542
05-06-2033,323.1119696,0,70.81876249,2346.686033,2,239.793817,-1179.404902,374.6915675,1292.999989,300,3992.490892,-1015.076963
06-06-2033,4117.025046,1214.684428,1976.601705,9766.832472,3,2162.495622,2448.093146,436.8730932,1286.187767,8350.821552,3267.851072,540.3858034
07-06-2033,0,431.5329143,-485.6280097,20776.69546,1,111.9164939,259.6932972,-257.9152874,670.0707069,1256.68947,4721.333258,-485.8011866
08-06-2033,0,0,335.5172607,2513.630209,1,1248.397951,-813.2227076,-618.6817524,2272.203123,6314.804666,9379.725831,1305.885274
09-06-2033,1456.941488,3672.268,-1671.106963,12474.88772,5,-80.61041507,1243.614367,-583.4972729,2492.9233,3040.628026,10437.37799,-12185.1648
10-06-2033,706.4852403,164.9084099,-312.6468542,16813.6842,3,2274.153425,690.2594803,-569.039431,1488.446507,1952.894095,7694.943454,-4838.863213
11-06-2033,221.2113241,431.9606701,955.6890331,2296.27805,2,271.2026114,2.816674676,72.54498011,1066.343452,4723.43517,3279.243353,514.8630887
12-06-2033,880.337659,490.9560266,-85.72052863,4707.965552,4,1771.821595,-136.959041,701.1086587,739.4216917,5591.142249,3253.469368,-4115.082437
13-06-2033,729.5792883,205.9305489,590.0794844,0.8,6,-143.4884673,1289.008542,-250.5973215,578.7006786,2392.17395,5686.478637,726.4579827
14-06-2033,1270.842687,1261.84759,870.5451253,1861.864042,2,-636.923468,-2210.058982,-5.875563078,499.9263692,5479.972598,3271.82189,625.1500982
15-06-2033,1352.143719,2685.393471,-905.6076677,2227.404458,10,-42.83941447,-2335.059189,-117.9193768,1503.384808,7095.689145,4870.957891,1114.372765
16-06-2033,1902.050869,512.339604,1780.780807,8748.924445,3,313.759425,-989.3861792,454.0223135,878.0996626,7486.04987,4618.453869,2852.504804
17-06-2033,0,571.5865148,-1248.910171,0.8,1,-369.8579209,-3802.303858,175.474763,1848.047822,3294.875754,2688.672554,3098.64461
18-06-2033,0,2904.636018,-3126.142583,2675.654596,1,-348.0245723,-219.3897511,-583.0653428,6219.005048,11687.06489,17667.58439,617.7325931
19-06-2033,0,1161.20603,33.5079181,3555.975186,3,-70.35671503,2007.761895,242.0538162,2067.416217,9387.984705,4499.905941,-488.675624
20-06-2033,465.4424237,96.01513817,1290.10987,6381.042244,3,5844.764008,247.6599229,-1127.428147,4599.646315,14776.10564,22407.70232,-449.1586281
21-06-2033,198.837956,0,-879.9196697,14337.12993,1,-1548.136131,49.67829625,-801.2551481,1557.194748,300,6100.943958,-27.33813598
22-06-2033,59.11975149,0,-551.3337505,2122.507758,1,-593.5996149,1804.136865,-775.8291512,1639.508615,300,7060.181404,-363.4832159
23-06-2033,692.3032775,3621.272965,-3255.770363,1676.046664,3,-119.7959145,-569.5051563,-343.5896825,1130.272935,5133.686648,7602.800816,-86.12783913
24-06-2033,0,550.5664119,365.6062825,22294.81851,8,-737.9725315,-575.2706521,-97.47044303,606.505855,1917.869001,1147.609258,97.36218245
25-06-2033,0,264.0993892,-849.8327721,2218.13301,4,139.1162485,-206.1884124,-136.5902774,150.9908543,6782.80286,9440.001697,-7.517930256
26-06-2033,4702.309162,3544.410782,1257.755616,7333.320349,6,3580.317811,-1374.554659,1021.977795,1928.419461,13013.24312,5066.971655,-1194.139153
27-06-2033,36.32028265,890.8093202,1162.048702,3881.038225,4,-1271.938166,42.36300184,-19.64762518,1408.011622,5591.739576,7147.482101,-569.369881
28-06-2033,751.2774847,0,858.3536575,1786.063615,3,-19.64818712,639.4098599,-359.3182874,1471.957924,3796.579838,4337.544905,786.1041291
29-06-2033,48.4548135,565.4191755,121.3954975,21700.27935,8,-661.0525299,-817.0919787,-271.1219241,150.9908543,300,2664.757202,487.5750062
30-06-2033,246.2788718,391.3826301,36.84626528,1082.659053,1,-21.6706108,711.8925564,-95.5227856,682.5111111,2797.4887,745,868.861439
01-07-2033,1048.525525,1257.606316,206.5380505,314.7873144,5,551.9510716,-11002.82579,-314.6302768,527.6824279,4429.380215,4819.39316,1268.071588
02-07-2033,536.001384,0,119.8572037,11022.43859,5,-5019.459428,178.3712652,-426.7473621,2202.058182,1833.641864,6888.588812,1452.02267
03-07-2033,668.9215203,0,93.90443658,2528.245112,1,297.7058395,-1193.007615,64.53294283,1467.788958,1986.313474,1156.076813,-959.9030183
04-07-2033,735.735599,247.2712392,486.965413,6754.704321,2,1581.119723,-6386.671877,436.638354,440.1574869,2563.72292,2338.894855,943.3203779
05-07-2033,169.6239222,0,-517.3020888,4457.616644,4,-1007.77637,-72.51595815,-359.8493276,431.004639,605.3862404,3265.585808,-88.10773368
06-07-2033,323.9474471,73.77625574,-1366.210171,0.8,3,-2685.176671,908.6438762,-694.3621794,3517.996831,5737.835356,13297.22416,577.0790224
07-07-2033,659.9207863,888.7112165,601.5752837,6011.084295,6,-631.0383052,5468.819253,-273.2461276,150.9908543,4565.106386,10561.27293,-264.159311
08-07-2033,1954.179672,940.7864911,1603.101553,7130.620782,4,-29421.75632,456.3524528,-4010.309178,11829.56423,12790.8324,38690.08788,247.46693
09-07-2033,1191.061433,501.513847,299.479392,3077.075641,3,-567.241702,222.626839,149.8731316,906.6443366,971.2690671,745,756.7898473
10-07-2033,1326.048875,1058.143004,339.3366303,8449.651208,2,-616.5051804,1804.6296,106.6393423,150.9908543,6126.049137,7500.201081,1191.112506
11-07-2033,2304.837444,549.9072824,559.6367848,486.8043117,3,-489.5334845,242.4182244,-319.224236,1526.125882,5198.455756,6757.220289,151.0861181
12-07-2033,0,1747.039851,-1745.332245,2388.535423,5,2602.922057,279.7118595,36.10135274,907.9270831,7844.56029,7932.204558,-707.2230412
13-07-2033,0,724.2139384,-32.93721232,5665.906461,5,634.9508282,5637.067833,-193.1399629,3632.478873,14037.74795,13572.05405,-657.732796
14-07-2033,796.2838161,1255.172052,-208.4651625,0.8,6,520.4528717,1471.568077,-233.7088664,613.7164999,5346.164927,5377.828255,1020.056108
15-07-2033,1008.798408,0,1683.176491,5138.74581,1,-5111.951303,-1527.107331,9.360848199,3036.221677,10820.22178,10464.63611,-4684.490066
16-07-2033,1507.616182,613.4393065,379.4800131,7452.399552,3,6269.412601,134.260425,651.7692428,3086.840217,8167.92171,6114.612078,-681.9660143
17-07-2033,2295.794989,2870.484436,2.369832284,622.2795149,3,2113.58201,-492.9059266,-70.3217416,1607.20776,36773.30201,38498.76898,-1314.146062
18-07-2033,0,2224.046061,-3126.95253,1242.286497,2,-218.0830029,211.050961,-333.6812758,5180.350633,14823.56691,15115.72675,448.0024782
19-07-2033,2656.976375,797.9051598,2735.020848,2350.66927,5,-843.7314324,1742.389121,-23.65408913,739.0489339,5537.281899,6460.936344,-966.9371138
20-07-2033,0,268.3281303,-1278.928206,875.9003584,2,-651.0882893,461.1851748,-756.6526756,1838.211361,300,7987.688613,1665.293397
21-07-2033,0,713.3117325,-667.6907303,21771.35073,6,891.3197959,-155.6041579,-399.6984166,150.9908543,1595.794129,1694.908435,-4805.160058
22-07-2033,1478.026135,0,483.9633799,34354.73986,3,-3489.306245,1775.339994,350.858347,2711.674491,10315.24367,5495.97867,699.0589363
23-07-2033,891.1554979,159.2748685,193.6128642,6556.023034,3,1.350473387,714.4212209,-4213.471797,10852.68486,6822.281829,41359.22411,816.2445791
24-07-2033,120.7095618,0,-275.4509378,2070.506185,2,1193.244039,-568.5369403,169.5786446,1854.942304,7982.339406,5272.433057,950.4835992
25-07-2033,0,0,467.0908063,1913.847898,1,1302.946827,-1835.507371,169.5174875,835.6383839,5810.636184,6366.193246,2212.202263
26-07-2033,0,5862.507241,-5723.651437,1129.053544,7,1118.264948,4574.249002,-641.9283827,3659.835877,8730.559195,11589.00733,865.5800574
27-07-2033,4467.106248,4229.909174,1283.318477,7058.724449,6,2683.540594,-841.1333494,955.2276837,1924.721014,14357.81651,6684.319165,-830.416409
28-07-2033,579.7227288,5636.361742,-4357.160863,675.9275406,4,415.3663702,-14.7130505,-229.9904779,1982.0916,7287.827084,7509.595751,741.4137009
29-07-2033,1579.559273,277.7996482,2122.789672,3582.993336,2,638.0070018,597.1971301,293.9224696,1014.000976,4837.812097,2115.131835,936.8469574
30-07-2033,1650.212584,0,1917.580501,2948.756811,5,366.3870435,1710.699651,-23.12657449,2608.870736,7320.37258,7979.260261,-3153.38314
31-07-2033,1135.55217,0,1889.577441,4442.529456,4,649.8525262,-168.8111655,-381.2384814,2525.52177,7218.253676,9313.190792,-3786.657496
01-08-2033,599.4327133,899.7197739,395.1404632,3160.639749,6,-1063.219111,5315.707881,-155.5792103,150.9908543,6322.590046,9288.486661,-212.8840653
02-08-2033,997.9389831,1287.63524,-1409.141477,2637.741937,2,-829.1469312,640.2031149,-93.86848716,2224.150239,9283.60463,9650.205749,1062.539288
03-08-2033,473.9623648,4409.096389,-3202.617494,11489.30299,6,1758.906732,1757.252226,519.9121379,1316.6863,15355.14636,9388.832344,-5286.859361
04-08-2033,0,1094.19471,-165.2713163,954.5017787,3,-282.7763724,1953.203566,-165.389013,706.5420755,300,2811.487126,312.9902314
05-08-2033,568.1255756,940.4844336,250.2540925,4576.743882,4,1578.680038,-145.6717322,1071.279472,336.826942,9957.001367,2872.170084,-7159.449715
06-08-2033,755.9435807,567.3636146,95.42885789,1466.216604,3,-489.3946404,-390.0768115,-256.8674627,2407.753553,5876.978592,3394.456304,1804.951081
07-08-2033,0,415.5917091,-514.8832482,1122.459717,5,-130.025278,510.8901527,-101.972412,1067.257015,3085.877622,10344.4247,1580.097195
08-08-2033,0,2639.282724,-2379.663653,1160.222506,8,959.576783,140.039178,-531.212893,2745.978505,8454.108746,10196.94512,1290.157871
09-08-2033,435.7867296,0,559.1058158,1252.972188,1,-903.0009738,1755.354529,-780.3959057,638.3328188,3402.555876,8898.86992,82.40082548
10-08-2033,418.5832913,0,235.8399463,22189.63255,8,814.1254966,-232.9499314,-186.4660362,700.9434472,2275.807046,745,-946.9070824
11-08-2033,270.3562268,655.6781333,-255.3456588,2221.169144,6,-122.3033768,42.72465082,-384.4814853,150.9908543,915.5475887,5285.210305,-50.73566886
12-08-2033,3089.682133,737.1251815,1925.130963,39600.17949,3,1548.690366,129.9317414,1139.108781,804.451265,8810.365662,745,-3781.369914
13-08-2033,946.9585308,1679.185247,-287.4634487,1976.396625,4,97.31023752,1624.955398,-189.5486416,7317.681219,16973.99734,15700.39586,-699.5964096
14-08-2033,0,1310.708891,-1742.281116,3367.543786,3,3292.068049,-482.3546159,425.2785113,1706.560884,5569.787507,2297.218425,3302.761402
15-08-2033,0,666.5567871,-878.4280124,23150.88721,2,-1360.042525,-499.9452141,2779.254256,6254.377045,42730.46907,21225.84725,57.95728825
16-08-2033,277.8722723,45.79827106,25.12155992,2751.791403,1,-532.1911621,-53.09198188,-203.0006392,172.7866082,7666.582687,8722.062876,-1431.082237
17-08-2033,1381.180437,0,1221.093896,7721.566093,1,1056.671949,-486.7433105,931.1882464,150.9908543,9239.600154,2797.098369,-1329.331693
18-08-2033,123.0903567,1752.210757,-2288.03959,0.8,8,805.4021126,-89.5924391,-550.8392243,2715.416972,10110.47478,9313.148506,880.5211736
19-08-2033,0,1602.31185,-1867.115547,154.8714413,2,-296.5741857,-544.6430609,-391.1449292,1320.509823,36604.30959,40401.80066,-226.4201182
20-08-2033,622.0940907,6287.886362,-6144.289847,9.677970008,6,657.6658216,-247.814202,-969.0311724,4600.889742,9531.477848,18996.31507,403.7624084
21-08-2033,1155.952925,1003.238652,730.0631578,569.3017157,10,-299.4524478,-307.7502446,678.9205507,1228.571684,9754.687835,7608.194437,3.487671237
22-08-2033,127.6030423,960.7722668,62.98134409,5940.664341,5,1307.885888,3812.591096,4.015161666,2922.882909,11957.80071,11182.6382,-975.610044
23-08-2033,2339.372339,952.8603227,213.6311305,6065.25553,2,460.8009059,1583.480906,-4288.159564,11499.00213,10665.03091,40740.12378,-1311.772266
24-08-2033,2094.786361,2590.447437,903.1731016,601.9558648,3,943.7640648,-169.0457893,-276.8347946,1490.41376,37850.93534,38587.18163,-1796.785959
25-08-2033,2583.667379,474.0780521,3088.380341,3822.266008,5,835.4165609,1534.30845,443.9953969,228.1400363,8571.027406,4801.829278,-584.1613269
26-08-2033,0,6774.59515,-5565.925445,0.8,6,678.9313786,-711.3656261,-1208.418428,2966.483607,10496.09365,17773.07862,-318.9034581
27-08-2033,836.8912499,734.8172208,27.30151581,0.8,6,-164.686187,1715.117563,-175.6777549,709.1687751,5850.977317,4969.372186,-364.429895
28-08-2033,119.1881351,1316.833757,497.1720564,1646.189234,1,-29.61261054,-414.2625673,172.9198698,372.0074299,587.0944301,1959.365135,-394.9680078
29-08-2033,1243.460149,307.7858482,909.3757463,882.8821545,3,571.9725948,-1871.18848,27.80329572,1928.388361,5430.282538,5906.926804,718.0778756
30-08-2033,0,65.24569142,-376.9201706,311.2263488,1,-6203.761804,173.552214,-4982.530048,11523.42153,14633.80035,47224.13447,-328.5512186
31-08-2033,671.9355103,0,25.96923725,442.0737832,4,674.0082976,-233.3203867,54.52888363,150.9908543,2166.565564,4978.850605,2701.836873
01-09-2033,0,0,-728.6217489,636.2876334,7,371.529647,1510.382381,-258.1267891,1024.605862,2697.313243,4738.324454,964.5223255
02-09-2033,1827.871945,0,1318.104294,1985.648468,5,-1020.933198,1014.616646,180.305126,1248.069467,9591.521519,8619.785352,11297.02662
03-09-2033,1118.894961,661.9640371,475.5649081,565.370691,2,-1242.771087,-2281.646334,-77.76377543,150.9908543,2108.143549,3797.734328,903.3449872
04-09-2033,1413.121823,2085.977751,81.12260415,2547.048597,7,-426.6348272,87.28266089,-108.5641788,150.9908543,300,5694.258656,-1512.606391
05-09-2033,653.0909672,0,925.8121875,2479.472249,1,416.4392268,-421.8151769,107.1951841,1421.190052,4945.50443,4399.818733,-57.49502225
06-09-2033,1967.23272,88.05035058,2252.76656,34145.84015,1,1853.941287,18873.10621,868.4992827,22316.61008,53087.65577,42823.73446,1114.677953
07-09-2033,55.06324982,720.576808,880.8015737,2129.132171,2,-1036.849607,-6258.243111,559.8827491,670.3588232,7397.204176,7734.459411,-1979.577588
08-09-2033,3207.230193,89.02357553,3343.207996,5710.904912,3,347.9226277,-11.25047357,363.1876921,1296.64175,3647.823487,745,-2829.423877
09-09-2033,0,8818.755718,-6398.623673,1534.977122,5,-56.42345854,1678.09244,22.65660874,2163.362896,10649.92858,9045.270813,1190.304633
10-09-2033,0,0,-122.3267088,375.0122403,2,-2866.532122,-643.1412609,-58.99641689,1073.98079,3810.18196,4514.086887,-11.51062849
11-09-2033,2870.356854,1245.416076,950.3568016,8783.160064,3,1563.084954,3084.275313,699.7829486,869.1438693,8743.37965,4445.7433,-953.0040124
12-09-2033,1053.351615,5367.262806,-6296.183619,9977.288525,5,-680.7756876,-4636.345942,-1275.506251,2276.980223,869.4568358,7311.562551,503.7756131
13-09-2033,1194.17902,923.7594372,1930.103778,7236.923322,4,-29358.39898,179.4004353,-3896.820293,10984.36301,11408.52717,38299.94444,-212.781324
14-09-2033,83.5392012,0,-471.5528996,111.97606,2,-2813.047256,-1705.877807,-285.5578792,713.0472206,6876.118384,3472.075717,114.0295711
15-09-2033,540.640605,0,-414.2961201,1590.560452,1,1690.094611,-654.7503845,-384.2899697,906.1355473,3525.876674,4893.139495,16.35432694
16-09-2033,0,0,111.4344641,2928.257964,2,1781.082618,2014.118504,114.7620894,699.9611372,3462.938159,3257.333491,-4.407425455
17-09-2033,760.4755621,660.0131386,727.8170444,2170.95198,4,-624.4777847,428.7756997,219.2296773,810.0681524,8600.096463,6060.256394,-216.8319373
18-09-2033,0,201.0684556,240.8348105,2988.124555,1,1333.188447,318.1494208,-474.675145,1816.303452,4879.881147,8932.541189,873.2747593
19-09-2033,0,235.3014146,42.88553802,2031.013474,4,-1241.863716,1935.835344,-268.0345961,1783.735127,4080.975765,3661.007295,786.677743
20-09-2033,0,296.8332508,-45.69150333,2405.242931,3,1322.52164,341.0704879,-560.3772586,2956.417752,8805.312769,8096.766741,933.7984287
21-09-2033,0,418.6352497,-226.7856605,2418.540288,2,1793.287853,-382.8246876,305.523438,1583.404727,9434.889002,4779.530291,601.3900041
22-09-2033,2144.000442,198.2285565,856.0951756,0.8,2,967.8425776,746.3553655,-403.7904016,1721.587201,12129.1385,11872.11418,1131.121613
23-09-2033,498.1277722,0,-46.79701893,4859.652417,3,1437.505333,-284.8095387,-622.4536531,2529.299415,11259.59158,15994.7521,-191.1196089
24-09-2033,1150.592268,451.6357025,491.8660585,35045.89134,3,185.5034722,45720,-3185.473865,10742.07126,7632.111777,28572.03358,648.6296277
25-09-2033,482.7769876,1934.523945,-1572.648281,1015.331275,3,1909.679448,-479.1793105,-77.28955463,2958.271463,7641.835831,8845.623923,1543.882919
26-09-2033,0,2165.959347,-2127.312192,0.8,2,124.9837365,-251.7183582,-411.2242976,1107.338657,38204.62777,39354.04054,913.1268533
27-09-2033,162.2603283,2471.434142,-2760.181492,0.8,2,297.6284185,-91.14537443,-157.4504569,6501.047921,12512.73158,17903.21111,1357.510596
28-09-2033,281.2511848,206.7479661,-973.9521443,807.3610624,3,851.6586616,1836.920259,-229.0451515,892.7000958,10108.89205,12310.34218,2544.937647
29-09-2033,394.8697151,566.0664945,640.1497927,767.1479246,6,-3496.529764,154.1103916,-952.8342818,2733.412607,8024.904249,13338.51989,426.3398175
30-09-2033,1903.033053,400.6598985,1007.413233,2477.10553,3,-125.7065794,-843.645149,-6.629958356,1873.206859,7324.481253,6012.780447,1580.438789
01-10-2033,1234.173357,1931.444703,-778.7510834,8475.67481,3,502.4658253,-4093.037605,-4124.890872,11420.41523,7136.620843,34950.3488,-5779.13111
02-10-2033,2723.512229,815.2927117,2115.192231,18386.32364,1,-597.2269813,-308.9608444,-805.131419,3033.248067,2290.279828,8666.964518,81.63993174
03-10-2033,57.93779572,4697.743468,-6223.957587,10450.57425,5,189.2897987,-4250.418049,-787.2179868,1883.131352,2181.995606,7766.603524,-536.5019793
04-10-2033,0,1201.77249,-1301.027347,0.8,6,-333.6244145,-413.7568936,57.8451941,598.047373,8000.555697,11802.12393,-382.9973194
05-10-2033,461.2428962,966.2229915,-868.6495692,693.1828352,2,-1274.409905,27.40397569,-175.6384115,1104.671418,10500.7306,8609.31688,595.531302
06-10-2033,1621.406888,239.1244959,779.7779589,2039.534788,1,1814.012338,2127.159429,-359.5475073,3596.632399,10764.94523,11149.20264,-2019.698701
07-10-2033,111.3415134,672.3213665,967.9793523,8055.236077,2,-200.504353,1324.286545,-83.27763985,1106.858773,6997.129871,7757.836643,1271.498747
08-10-2033,0,6.399698286,292.5878163,0.8,2,202.4121018,-3.223907238,129.5201768,360.0548633,1176.800387,1980.343309,259.5457522
09-10-2033,311.6838323,332.2883759,-334.8316155,1823.008732,4,-513.7183326,-103.0082558,320.3902357,287.0845804,1584.55125,745,630.0099689
10-10-2033,832.2407013,49.61871964,800.180502,0.8,6,-615.3485501,1341.575478,-125.8628084,720.4798783,9045.369271,7828.353658,-814.0062641
11-10-2033,4.216680062,1670.762272,-1556.475526,0.8,2,810.4526996,-280.6455769,-367.9849119,1768.330652,39164.30397,39030.92184,878.6275059
12-10-2033,907.8237762,1823.014319,-1993.226173,3928.481323,3,1386.499961,-389.1512801,589.5632302,1229.557406,6906.808761,2521.351571,-364.2512753
13-10-2033,0,866.0738187,-267.027428,22045.27882,8,925.9315657,248.7295045,-139.5556167,369.9219277,300,745,-496.2842404
14-10-2033,0,827.6305964,-158.4140074,19523.74862,6,-651.9782254,133.33537,-209.5695734,150.9908543,300,4111.454623,-4460.618979
15-10-2033,4730.89378,5056.092195,-610.0764432,0.8,5,505.487841,367.5872761,-192.9861002,1555.942769,39315.9326,40899.51566,-293.7191843
16-10-2033,0,665.9198665,-1094.088999,1693.326803,6,-19.31876966,-589.0694579,-1.171481933,1090.743312,10131.81487,9564.681542,-749.0240897
17-10-2033,688.7833885,5182.947352,-4543.151022,33899.87359,3,729.9251596,477.2891358,584.3411273,1585.817361,10616.81628,6444.435343,468.9555261
18-10-2033,399.4223359,656.9025334,-131.7886799,23942.14989,1,-1091.657844,-215.4117563,3506.764209,7206.125822,45086.59095,19579.70028,12.59029155
19-10-2033,489.4954602,2633.512978,-1134.215894,0.8,3,471.3859834,1107.087409,-141.3431007,666.7871835,1079.455122,5337.512906,5526.80742
20-10-2033,535.0234398,1685.063232,-2004.786046,5144.062876,3,1254.537492,597.0192429,755.8314391,1864.595356,8300.726055,4151.059947,187.4240564
21-10-2033,711.8252307,114.5192164,768.0845714,603.2590457,2,-2977.993346,821.693344,-301.7074185,5852.736311,15862.15241,15605.35676,225.9118788
22-10-2033,605.1710359,0,596.9229424,1487.230777,2,1552.712411,-995.0934395,151.9309379,1721.569772,2385.611114,4138.601858,208.8369882
23-10-2033,1276.665788,2584.048434,185.9616377,723.5007971,3,-321.2562825,1119.640574,-1031.405576,2060.6209,3811.406026,12807.79712,-339.1558922
24-10-2033,1968.643412,1324.930673,-354.2505744,1198.815144,7,1195.194925,43.13029894,384.5636966,749.3796639,8018.066607,5123.206853,-104.4821855
25-10-2033,1147.154352,848.3116298,2308.64747,5457.614614,2,1350.648748,-364.9831125,429.5173778,497.2634445,6378.127425,2652.202609,819.8350382
26-10-2033,1615.485856,1170.480562,288.8091416,0.8,7,-3975.045866,539.8647852,-386.9638216,1325.41308,2667.266463,7953.740156,183.1919318
27-10-2033,474.9660566,407.175399,214.5777279,740.2754429,5,323.3736541,-242.0213267,-402.5093873,988.3365466,4102.91026,6272.375037,-1192.972005
28-10-2033,1199.016336,328.2362177,-112.6625279,30821.20586,4,-1196.483856,1158.420447,3293.951102,23211.56741,86138.75566,65255.93319,1986.475992
29-10-2033,50.05145098,735.2663913,-240.2297126,5054.886647,2,-1031.520634,-4745.676706,958.3077245,2442.459937,11671.06071,6602.161872,-137.4014752
30-10-2033,0,4187.078004,-4098.277642,160.0464974,2,4404.597024,1846.696945,-1510.292979,5201.873113,7711.221055,20500.43903,4782.531468
31-10-2033,659.5730107,0,64.07590141,1110.3492,4,271.6260514,-394.8331263,280.4451186,956.0506514,7618.676855,6656.47825,77.59836237
01-11-2033,1693.63777,851.8436268,-186.8177084,4525.037218,6,-509.2031383,-517.8040192,-324.9520412,363.5611006,7998.430965,6787.218118,329.6418313
02-11-2033,4203.797316,1594.40641,1960.901689,618.5035173,5,-1045.158267,-110.1074177,242.628677,875.7738,11112.92311,4190.353732,-1013.893274
03-11-2033,0,513.5129623,-230.1646149,739.5559734,1,-1938.409923,-702.5066892,10.76178695,929.5860668,40109.20452,38188.96514,387.815207
04-11-2033,0,1712.41044,-1179.075943,1050.454881,3,931.2668214,-73.80566899,-142.1366564,1580.672132,3960.006511,4985.02888,-391.6562233
05-11-2033,748.940587,2516.098712,-2459.666412,1423.983714,3,182.8869943,732.1554665,-83.92819494,1156.345626,5115.174252,3176.347337,5579.305866
06-11-2033,238.6840337,528.78256,-66.0826988,15136.69939,2,1841.621287,106.9335259,-201.5317426,2183.066875,5025.66417,6099.645062,-2082.531292
07-11-2033,230.075521,1315.881589,29.22112609,13942.83966,2,-601.2821289,834.1170455,-857.8665249,1012.13958,597.9103607,5784.681832,-641.4048414
08-11-2033,0,0,442.6536292,1019.207787,6,-1417.114105,-3114.475714,135.3811682,1155.850051,40148.60821,37912.77718,-13.54660633
09-11-2033,1550.688594,308.0663983,1679.942073,1475.976029,5,-614.5492218,-232.1815585,27.8612815,505.6670454,6440.171733,8709.996059,1048.134598
10-11-2033,37803.89452,18834.63654,19242.06293,25647.57729,9,-1735.511594,813.3377475,3661.011666,6461.181909,49157.77237,26193.81527,-12666.21569
11-11-2033,0,828.2026933,-662.9489043,15770.40446,2,-706.9124326,-945.2859189,-895.5434159,1875.803995,1202.728153,7043.843928,-499.1502236
12-11-2033,1105.707604,383.4717658,597.831172,6568.560693,2,503.5115309,1666.357322,-4312.343318,10724.03281,7710.969207,39724.57695,115.3536231
13-11-2033,0,974.4736055,-963.3035897,1682.616085,1,1913.293408,-503.0073908,40.66708344,638.6591639,7657.109544,8176.630846,760.4909609
14-11-2033,0,0,-140.07553,3711.353544,4,407.0660951,505.3716777,268.3833357,191.637784,4790.53196,7513.356741,71.33151614
15-11-2033,2772.730938,280.5889713,2527.104857,2876.791233,3,443.8671241,-251.7508007,420.1620179,1047.691245,5058.765761,3266.485531,-1529.290114
16-11-2033,0,0,189.5857251,3351.765998,3,386.8884548,1130.356618,176.5456755,589.7095279,2459.361439,2127.477878,9531.361502
17-11-2033,309.3017251,678.4074146,-949.5629645,16864.77983,2,-770.695502,164.7942043,-1035.222373,1701.033522,1155.278725,10144.34692,-1044.370722
18-11-2033,0,17.93667342,874.9549223,16217.73132,3,1558.900076,-490.1641848,-697.0094555,1749.781511,4131.286649,5939.441199,-4892.291532
19-11-2033,88.12934161,506.2666417,54.77844986,0.8,2,-6077.636005,1434.503663,-1126.607079,4731.755755,6258.319867,18543.57811,342.6829335
20-11-2033,1170.724573,946.5001423,211.2299578,0.8,4,1067.954005,-1073.319245,-388.3492632,883.8636327,2508.35004,8594.321316,662.0247164
21-11-2033,578.7244196,0,-230.4499392,4168.250768,2,363.8023705,1157.457991,-205.0212519,286.1518121,4675.057527,2156.388881,-1105.850968
22-11-2033,2532.10458,2630.505707,1212.83672,616.7368304,3,1071.144007,-1122.800151,-39.35764959,1339.555599,38528.86218,38604.70478,-1781.05809
23-11-2033,2672.687967,609.3717771,2448.905212,2793.441407,5,573.1002255,1016.629865,45.02217762,1352.482197,5931.699151,6651.052421,-1351.859848
24-11-2033,1779.125882,0,1668.646712,3534.156619,7,-6720.00073,816.3425796,6.238136317,3064.98454,9454.371436,8912.653395,969.8988954
25-11-2033,1723.99688,3305.71736,-1155.440218,421.5466613,10,178.6568962,-2242.677471,-151.6933666,150.9908543,6647.2402,7169.517862,392.8103905
26-11-2033,3337.271522,4064.526241,-462.4396316,0.8,5,722.0878033,1053.734249,-195.1502624,1520.012417,38376.11622,39428.24447,358.2748926
27-11-2033,171.171908,331.56446,246.6146631,4640.191286,2,-333.6616136,-4653.442406,869.4366908,1278.997,11385.32226,7982.597363,392.3698024
28-11-2033,517.2899679,1835.775553,-973.3789945,6325.311375,3,927.1790221,-4081.298717,-3830.881952,11924.46212,7652.001716,34534.98684,-6280.010979
29-11-2033,5334.695106,888.734982,4023.193557,5234.169281,4,417.9882963,-97.5434577,-834.8938499,5737.189934,11065.80962,19623.59592,-4939.549584
30-11-2033,955.5236339,32.24265906,531.2663189,3229.007065,6,-505.4175852,1512.143038,-81.4068876,769.2573216,6087.511482,7420.402496,-637.6417461
01-12-2033,3383.01351,299.3941994,3470.959098,4428.889879,3,494.4868343,203.9406424,650.2377812,1563.93152,6007.434945,745,-1137.268896
02-12-2033,802.7018576,5461.303359,-4299.220305,18080.35772,1,299.7275101,-1924.767956,-937.6870672,1995.948307,2129.090206,7580.57091,-43.76743467
03-12-2033,968.5741149,1328.207228,48.73742316,1078.303018,3,2079.258923,3163.77689,-542.2128844,1594.263375,5275.462147,7769.280192,1027.793836
04-12-2033,5049.495866,4650.181949,544.874905,5012.359334,6,2.623624608,-118.9945502,849.6909415,3651.519583,14044.60057,11342.66162,-885.7126396
05-12-2033,1591.024916,1146.108024,187.0664936,3398.033936,3,246.9936274,-481.5896349,-1152.715973,2710.296194,4509.826227,10953.23423,1713.969106
06-12-2033,481.6911596,162.5169498,243.2719545,434.7318487,3,-511.4500629,-29781,-737.5771072,1332.190506,11305.15637,20443.28606,2219.842285
07-12-2033,1034.008891,2133.028575,-371.1962758,720.4903937,4,-120.7457488,1618.262469,-207.1540349,6634.794251,15020.45462,16745.56143,-619.6214654
08-12-2033,0,657.2425224,-930.2394131,17533.45101,2,-104.4131021,-150.9228539,-1363.03038,1390.710693,1729.206637,5371.511491,-199.3902906
09-12-2033,0,1514.676282,-557.9185373,5617.29273,3,1233.079334,-687.3812279,702.7071733,1969.924375,13485.15705,6884.2983,18776.22742
10-12-2033,718.6578829,0,162.4140607,22591.19939,3,39.32057584,-178.2988984,3265.039468,7277.123304,45658.7504,18977.80114,-656.7848563
11-12-2033,766.2118151,756.1795353,-715.3202566,1601.86945,7,96.16215289,-1563.174108,168.072851,6456.683395,17384.971,18603.53831,-1043.116965
12-12-2033,1520.665534,0,2087.504121,16968.28723,1,546.8901237,-575.141625,-658.8946721,1533.753053,300,7487.648573,-357.1922402
13-12-2033,1324.389739,2499.430258,-1962.766801,2089.721922,3,-346.0988498,80.74283445,264.5750662,1171.405056,8300.924744,7740.712566,-437.2930867
14-12-2033,632.2964815,787.6483404,361.1525508,0.8,7,-11003.62576,1189.663104,223.8125511,6858.771499,19744.24929,17775.37612,-346.3871132
15-12-2033,0,928.0513467,-424.6824589,3782.43807,3,-119.082601,656.3685239,-577.1618346,377.0033629,1118.781662,5360.86045,-728.6680183
16-12-2033,190.5457112,1555.430022,-793.0980903,242.5110294,6,2070.924666,1012.095625,45.39538651,926.6474914,10560.67156,9887.516707,1076.613575
17-12-2033,2302.350799,324.8205453,2537.999578,33159.82795,1,2021.49752,19966.0947,1125.914097,22498.59996,52713.4817,42004.00266,74.45809192
18-12-2033,0,0,723.2396148,4381.49263,2,2205.290961,-503.3074425,433.6448732,2050.060266,6619.26985,4867.514761,143.0542142
19-12-2033,130.1363034,1085.697932,-777.9249507,2220.234762,5,-444.5197546,-258.872418,-59.49701588,667.931754,6242.881757,5081.33741,954.5312495
20-12-2033,816.3718183,1439.311184,-680.5966682,1802.302763,3,128.2149986,-172.2520867,40.97437675,681.8332052,6679.348174,9229.493303,-290.8790542
21-12-2033,2947.644723,929.2800976,2885.263259,11397.75006,3,1287.653616,-254.4345773,900.569084,337.2854478,9393.878802,3268.767691,2859.279326
22-12-2033,381.0883135,0,738.1458903,5590.131326,4,57.67867847,-11749.6301,694.509452,2681.111189,10944.85957,5501.089777,425.8606017
23-12-2033,0,157.0142493,-790.9667493,1894.74976,7,-710.8043131,538.8284721,-290.4200987,576.0318868,2398.542325,4396.830111,577.1029575
24-12-2033,1481.066175,438.8171406,608.5636813,0.8,5,-87.59900367,-337.1926284,-706.7186324,1491.166013,3700.861719,7277.361248,-957.9904292
25-12-2033,1416.812779,207.6397248,962.1273999,7390.951344,5,433.8487811,876.4694819,483.0384199,450.4052949,7421.051365,4977.505701,1412.513095
26-12-2033,19489.76404,20188.44103,-357.8284861,24593.0909,5,20076.42536,863.9765855,3334.736785,7426.233512,44205.87944,22477.17891,734.1122065
27-12-2033,1507.836781,1088.562948,742.4005255,2114.431431,10,131.3040175,-265.7341346,251.2878958,1175.47255,4152.79928,9311.87531,-745.7616184
28-12-2033,931.1446694,319.7115054,-523.1353546,7375.026299,3,2012.597234,-439.5733817,919.7740908,1210.059243,7488.977506,6030.615468,354.3755533
29-12-2033,68.81855036,1236.702633,-504.8919653,14923.06118,2,-365.9748227,53.11612044,-729.757507,2140.678077,300,6916.692608,-134.0072506
30-12-2033,1454.793433,782.2400024,871.1660346,3147.015444,5,311.693488,-301.4269483,-176.2853267,769.0807701,7999.475026,7147.32032,1427.86838
31-12-2033,387.2086959,958.8951781,-259.6001576,151.6453736,2,659.6700273,764.5097135,-350.8962199,1753.402717,3882.057295,8142.749511,1985.024812
01-01-2034,0,0,-83.17974631,16045.93736,1,-130.0887774,-674.8250066,-921.7097532,1441.851705,550.3915609,8355.269204,646.3617499
02-01-2034,0,5177.758771,-4789.142384,658.6584716,12,1308.149919,24.03984106,-102.9137227,2757.077012,6310.723392,7092.186684,1697.527064
03-01-2034,1397.786329,2802.172811,-1301.023973,1633.618503,10,-140.8269331,-1848.23375,73.76265282,2218.084959,5072.166072,8983.448804,1239.820974
04-01-2034,185.796345,1122.774223,-26.11359315,3727.587486,4,187.7892001,492.2495379,-33.82232986,410.8676538,5491.317494,8831.669262,110.193994
05-01-2034,74.30962406,327.8369709,-406.4393076,1124.419448,2,698.0188619,-574.8657412,391.0883424,1667.0917,4959.631191,1522.600357,-217.6869187
06-01-2034,1341.934781,1887.541079,-100.8722919,6368.59613,3,804.0610741,-4132.86066,-3842.027874,10928.76253,8246.644072,35156.93559,-5800.219341
07-01-2034,32755.90252,30188.15415,1863.670781,963.0028913,5,-1287.664809,679.1597215,-198.2553172,1959.632773,36960.61918,37177.11815,-366.8783804
08-01-2034,516.263016,1007.412957,264.5967363,5567.626333,1,1403.748149,2185.592542,-346.1042742,2832.825723,4823.058404,8954.849593,-2399.455968
09-01-2034,600.4713853,654.0383174,349.4084559,7352.316354,3,1616.868484,1811.31773,-4281.031861,11244.00774,10741.79961,37120.52475,-69.50725061
10-01-2034,3659.667437,0,3773.148094,4123.878011,5,-343.4338857,3011.359185,65.49828426,1742.637482,2428.811342,3402.972741,-97.19864152
11-01-2034,0,757.6428515,165.3502283,7326.524997,3,805.0508008,1470.62636,-4037.063898,11836.45143,5263.991691,38839.55134,692.6832887
12-01-2034,1468.152944,0,171.2766707,4571.509344,4,2169.25076,454.8294796,433.6027414,633.4407891,6806.958487,6105.570774,-4733.062078
13-01-2034,1378.903003,1493.593047,-281.5860997,7981.495015,2,-798.6123905,874.7272264,118.5591886,1076.728468,5161.291806,6729.136058,1341.279465
14-01-2034,930.3734728,3105.343361,-1708.364806,785.3017698,3,-104.2012909,-1504.075719,-221.6002618,150.9908543,5062.724759,10065.55304,208.4931273
15-01-2034,971.8220918,4057.28391,-3422.47624,12971.27539,6,2256.622191,1074.416458,358.7751238,2390.395328,8888.36142,6713.129816,-4416.917324
16-01-2034,220.8948443,115.4147511,-281.8125365,1687.793785,1,-519.9230022,-295.6554866,150.8170416,687.4703181,1629.340028,1732.750299,-350.064078
17-01-2034,0,4734.468944,-4318.882649,0.8,2,4533.141696,669.1968712,-1440.934199,5682.182728,7257.792647,20677.61583,4906.090534
18-01-2034,0,63.55838634,-210.5578474,21933.38121,2,-665.2652744,19817.79248,-357.058387,665.9313676,20889.82457,21394.63195,-1656.551225
19-01-2034,6199.197356,1024.177968,4625.534014,4633.495234,5,-4895.178027,1307.937271,-1212.027297,5778.049184,10879.0151,20464.74294,-245.4985884
20-01-2034,235.505506,27.14568589,-257.2096239,3100.241786,2,1114.967462,1529.894996,-23.9454563,667.1163784,4583.350536,2796.302846,-1303.915667
21-01-2034,0,9.959905889,-425.3838689,19477.95314,2,-307.7416383,19541.8251,93.19448022,320.024972,19451.89389,21033.15461,-221.252096
22-01-2034,2149.112809,49.31828027,1209.596598,1907.909215,3,-442.4186598,-382.8390677,820.5515364,627.3288442,4950.578618,3776.453279,251.1969266
23-01-2034,399.6203212,111.1565381,241.9408829,22733.03604,8,104.2316826,-542.5169157,-128.0578364,360.2432789,2035.802768,2487.552379,212.1082943
24-01-2034,2264.669108,0,1652.618556,4719.286302,7,-325.3176348,557.7832189,451.7258218,1820.939401,8584.762047,1949.13826,-4018.353197
25-01-2034,646.1901395,73.92824693,611.9932854,3048.306249,4,-1042.31786,240.8066276,222.5134654,1130.126978,6025.742632,6982.520063,-1262.76749
26-01-2034,5.577517424,205.6965704,-424.4515103,0.8,1,-1102.6443,-1973.158384,95.15279052,1069.328262,38523.44999,38072.00006,-860.8801391
27-01-2034,81.11743518,0,-806.8393038,462.6335853,1,-5634.995261,713.5106774,-4998.142857,10861.48907,13869.34246,50011.45823,884.1340602
28-01-2034,447.0539583,461.3112805,-462.3953327,5752.437027,2,-472.1567746,-4898.349135,562.3665314,1917.588602,11733.00363,7756.009588,-1077.014649
29-01-2034,0,451.0023461,561.2976014,2641.899427,6,417.3830206,-8.55170466,83.02522755,235.8698316,8104.028322,7298.331149,-436.7896473
30-01-2034,18.18182907,453.2388073,-541.7516177,3270.068163,3,-95.92487962,1035.259192,-291.1225508,594.5433214,495.1592614,2624.952945,-28.8322616
31-01-2034,1664.753822,3.602580006,2823.674465,1989.492407,7,-6733.788531,394.0342373,141.2265669,3662.635431,8736.164294,8181.721306,552.4830802
01-02-2034,2816.744294,74.71440323,3169.116174,4566.25207,3,702.1787572,-893.6705978,328.4667114,1243.728468,2823.952062,2541.621994,-1195.42742
02-02-2034,1156.367085,11.6051118,97.62037151,1313.846172,1,-835.177426,1451.316971,-507.1927521,2184.542369,5584.492201,5748.159491,591.8805176
03-02-2034,1070.160781,122.0784186,176.624654,16567.82787,1,-262.8397752,-627.1636578,-846.900155,1874.445344,300,7654.727365,-142.486409
04-02-2034,0,599.8151878,10.64867853,0.8,6,-386.3012087,2471.994101,-321.1157157,510.4108833,4026.630703,4055.318831,455.5612714
05-02-2034,803.6244204,0,76.06176761,5813.921265,1,-1809.823013,1485.905342,502.2978079,1260.223237,5569.556683,3420.098114,718.3150072
06-02-2034,622.7616557,0,-481.8202118,3157.535724,4,2418.931495,814.931178,534.9147317,1008.277099,9699.287868,5559.941484,887.2080809
07-02-2034,1495.843406,1369.345696,1716.548416,6151.645361,2,879.1662551,205.8815845,564.2664707,905.3253025,4683.217556,4078.000879,-1588.015193
08-02-2034,1872.529517,0,1599.992685,16561.50676,1,700.4963567,-1196.84106,-750.3259978,1689.153945,1336.444544,8330.656865,48.63493774
09-02-2034,887.3807627,64.18515151,-359.472237,2419.436789,2,758.7388449,-1355.760601,179.2047965,150.9908543,5016.234068,746.8227643,-1971.817638
10-02-2034,2288.395746,342.7031287,2822.77475,4522.819167,2,159.9082909,-651.622313,-299.7537059,2663.347395,11654.18307,9887.614821,196.0720573
11-02-2034,4453.177223,275.1499746,3294.68618,2647.123738,5,-14.48432053,2921.276964,185.4646691,2318.105392,6609.863844,2216.698363,-231.0619507
12-02-2034,32122.27912,31215.08323,1708.729965,1273.494646,5,-1917.137183,-85.21871171,-172.4113412,1033.786073,30973.87551,37266.84629,6.755037048
13-02-2034,310.5400151,543.13662,-1060.977104,2664.304129,3,-32.97020408,1196.707324,-497.8488743,725.4856478,3134.358473,3432.724043,134.0784502
14-02-2034,530.4508665,269.0503613,246.6849865,210.2813658,2,-2798.032552,-1190.111496,-84.04104664,1488.856822,4066.330407,3580.433417,492.608895
15-02-2034,1003.381294,44.81163709,478.5513762,2300.361939,3,571.0196313,997.6703647,-516.0911287,2868.971504,8537.669871,14813.55304,2273.238963
16-02-2034,131.7589348,5470.926285,-5597.903907,11342.09884,5,199.8393658,-4131.652064,-813.4057205,2912.628471,2696.250933,9220.644805,916.9895674
17-02-2034,4251.529501,254.9713539,3629.231542,5252.279786,4,125.6050255,815.4297018,-1018.420313,5282.555094,8348.640728,19184.52581,-4695.293855
18-02-2034,1840.058892,433.6638614,1546.014834,5135.633288,4,-408.0567351,-1846.858669,705.8701002,928.4284418,7800.551212,980.2934776,1341.175497
19-02-2034,499.9239484,121.0098453,-294.445714,401.5654816,1,-962.6872961,-1974.28868,37.44585766,252.4218016,38334.83214,40574.22092,-343.8138859
20-02-2034,246.7574315,307.5963842,-354.3790618,3155.711145,2,144.4747555,-1291.146081,-39.17116464,1356.017204,2433.696337,2424.178855,-1437.075985
21-02-2034,1261.862017,909.0594104,-320.940257,5815.182648,4,1679.096016,66.94244409,370.2213109,1342.84338,7084.756257,2033.227315,-4997.602445
22-02-2034,2351.061387,682.6488535,3359.841229,13947.56837,3,2519.866531,762.0322486,1185.936849,1061.57689,17424.50785,6021.235029,-3308.452221
23-02-2034,0,514.0300982,489.1230223,804.3604356,1,594.539821,-566.6029514,196.0814303,452.4067267,1972.700761,1607.941417,-1205.935688
24-02-2034,130.7499328,0,778.955212,4491.944711,2,2345.257655,-5418.119466,676.3011209,551.8788682,6451.156581,844.2643035,1116.065114
25-02-2034,0,553.7490706,332.2326369,880.5920963,2,-113.0841459,-267.0146155,-720.2640643,1738.602213,4949.460682,4561.570688,3029.737973
26-02-2034,1156.471883,1549.744444,-364.1728814,1270.074533,3,805.218235,3389.845116,-390.7224117,1615.072228,7197.302419,9970.334604,604.6027623
27-02-2034,1771.574932,525.8406981,568.4542079,2834.920352,4,503.2739073,-1173.540531,161.2142197,534.9987331,4880.184355,745,2124.262911
28-02-2034,942.9050734,720.7932265,890.847384,20992.11918,6,-196.1937149,228.1786135,-318.6043312,150.9908543,300,2870.150458,-4947.697395
01-03-2034,87.36165022,448.596939,-666.3174071,2979.717285,1,914.1011853,-349.9260997,-597.0683992,2652.932441,4342.280532,8941.9171,254.4595453
02-03-2034,275.0876844,0,75.00027619,2085.038325,4,1110.044719,-1311.061621,222.1341642,318.9388075,8631.463677,6728.816499,69.95602575
03-03-2034,232.5072198,6353.611676,-5561.39372,0.8,6,582.9015017,358.2129276,-1146.075059,3721.233847,9628.130083,16111.58325,544.6183407
04-03-2034,458.5067775,674.6229756,612.7483716,0.8,5,704.8265712,1835.304844,-187.8381591,1327.088517,5339.58264,7957.546977,-210.3263631
05-03-2034,0,0,362.1697957,63.07020464,1,-450.0592225,-481.1737092,-237.1156452,782.6238735,300,3017.471471,-33.30898007
06-03-2034,554.6374202,236.184426,-465.8670712,2973.970277,4,-1245.914386,-307.6000302,-287.5495361,1076.264344,943.9032415,5370.047396,-350.7008684
07-03-2034,1384.100459,1217.248341,-178.0746898,0.8,7,-3157.392306,-307.2630291,-572.4272683,843.7571498,3193.904614,6912.136714,817.2785605
08-03-2034,0,0,1154.804736,22712.48116,3,145.2292664,-1059.327436,3400.563092,7652.6707,44931.8216,19177.98858,-3.195249656
09-03-2034,2610.951142,0,2981.042012,2786.416623,3,-3301.150252,1884.540542,43.59120225,6516.277789,13756.01698,13843.56454,1238.381891
10-03-2034,221.5243985,399.1403326,-143.1033185,0.8,7,-39.30266649,626.6200097,-366.9392069,740.3076084,3201.23032,3716.276772,1267.043603
11-03-2034,388.0561591,912.3565824,-352.3255054,0.8,7,739.5022046,82.24958517,-291.8896768,1213.710422,3082.50779,5190.413357,302.1363868
12-03-2034,2944.947331,865.3157653,1669.316124,6562.01943,4,341.9450383,608.7406477,808.6044625,749.6294215,6838.30613,1466.014978,-2245.325661
13-03-2034,0,142.7265567,197.6727637,0.8,4,-225.299659,653.630069,-362.5496887,1392.786388,8287.604787,9380.898498,1728.127567
14-03-2034,974.5874563,597.7025709,663.897686,1014.481865,6,-1479.625628,1107.888915,-114.8712917,1127.418935,8708.704885,7845.473689,-2068.347825
15-03-2034,57.10484826,189.813483,-319.6550997,14466.59644,2,-933.3189608,-768.3909339,-1327.623559,1260.269266,300,6962.866185,-248.1292691
16-03-2034,807.9828352,0,2554.603222,30746.89444,3,452.9812554,-784.7260123,3254.614631,23190.87046,88450.45673,64749.70533,2827.312348
17-03-2034,0,205.5247027,-690.847236,16934.81617,4,-4675.522927,-1179.97039,-953.4122818,2479.313555,300,5090.528237,-276.5940238
18-03-2034,11110.18534,436.1470707,11412.33683,12808.99731,5,636.1348932,353.157826,1621.820349,4635.50937,19706.3074,10410.65714,-11797.44574
19-03-2034,165.4998083,337.2877447,223.7800237,2100.708423,1,930.9519922,2539.325158,-165.5567914,2741.43791,8140.087366,10723.52842,-2213.628218
20-03-2034,398.7802373,619.3571895,-222.9551315,22735.40467,6,-366.2545057,-444.5740563,-148.9322312,150.9908543,575.5367997,1696.923602,-4686.095935
21-03-2034,0,544.1799278,-962.0833244,3622.878508,4,311.3535107,-194.1331699,-162.0692937,453.2722217,3743.47571,8893.039194,-452.0802738
22-03-2034,7365.805391,13075.5003,-6004.950067,2705.5972,4,-857.8354245,757.648585,-4998.142857,11201.18375,16437.01771,50324.52587,548.1043698
23-03-2034,120.0517108,590.5323497,-900.5171709,4099.860941,2,-1431.82183,-4340.694739,338.7970193,1920.311111,11352.95781,4735.695019,364.1082214
24-03-2034,2332.021736,0,1673.283497,2351.959225,3,190.9702718,-778.2070425,438.1631456,1035.875386,6886.554089,3870.848737,-740.9826265
25-03-2034,993.0741747,519.7258675,-118.6684045,21288.50483,6,-760.1820442,384.2853702,-306.7915748,150.9908543,1374.247375,947.7911148,-4712.296002
26-03-2034,0,1128.542383,-411.5875975,6165.484204,3,1487.046295,-92.62895326,711.5381001,2405.235078,12361.41142,7458.20741,18689.07268
27-03-2034,889.4415313,0,544.5533616,3721.740716,3,-429.8530628,592.3555737,-10.56945911,589.1310888,300,3925.322941,166.5107569
28-03-2034,1553.009071,0,1292.408848,2343.369928,7,-5492.6271,160.2585058,-151.5015776,2805.099785,8141.767487,10602.25415,1713.56227
29-03-2034,4115.312523,3629.806806,-371.7687256,7714.747406,4,766.6968535,-2325.193544,1179.713437,2286.16467,11398.99389,7207.411663,-5462.413429
30-03-2034,0,521.8507475,-1072.395119,1425.652579,2,-541.0703008,36.95983537,-76.58386492,166.7719308,1966.908662,3730.179734,-211.6273024
31-03-2034,605.7591215,1367.671053,-1786.947004,0.8,6,1804.761991,857.168281,-51.58528613,704.4075839,11866.21729,8602.914835,1227.261726
01-04-2034,943.0458169,0,1947.499073,6357.396383,1,-5873.449653,-581.9787034,-214.9296484,2836.365029,11976.93639,11606.31599,-5910.117116
02-04-2034,0,2138.395103,-1109.305249,3033.87119,3,2761.399514,781.5692241,300.3878261,1323.088783,1097.235228,3475.512838,2218.70695
03-04-2034,0,0,-132.5386283,395.7894654,1,-3394.099016,1978.093761,-243.282206,1972.65516,4627.977148,6522.755284,1427.345923
04-04-2034,961.1836237,1311.26482,-632.3780669,2513.609963,6,-176.8694136,64.25264504,70.82122003,511.9918305,3877.649017,7788.511032,114.3293189
05-04-2034,407.6046149,364.7545308,-571.861308,0.8,5,446.0453132,213.5390399,43.09195331,1772.854485,8155.296845,7564.135714,614.3109025
06-04-2034,1143.153962,26.63747819,610.4739779,1303.606768,2,-1694.145661,-636.8600685,413.7860602,2719.30576,8603.145502,7225.240745,-856.0117274
07-04-2034,2438.968228,507.6164869,2529.462456,15190.82562,3,1125.209554,-434.504858,-162.7510466,2682.937662,5293.963932,7229.711413,193.5132478
08-04-2034,1246.145174,0,958.1688932,11475.80786,3,989.4503854,-617.1223319,527.9137476,568.6088178,7649.574246,3239.932831,1972.207633
09-04-2034,211.8415978,2703.153246,-3023.595407,0.8,5,-10711.6057,-239.8390353,-220.9169191,5858.943361,14256.67798,15303.55897,2404.092973
10-04-2034,2799.792279,1024.649442,2724.962077,5665.304753,4,458.2803782,65.74203431,695.6568656,875.4630868,6684.091575,1308.660265,-1162.700147
11-04-2034,588.8024911,1068.351244,-801.6519393,22524.52214,8,-653.047085,1201.062654,-125.8774893,336.5671023,523.8059072,1697.42504,-415.3334743
12-04-2034,62.2410363,267.0553129,-396.5178682,5266.816194,4,-2141.125457,878.6076391,-166.6456453,1239.850458,4285.261644,5113.19853,-471.5928181
13-04-2034,0,81.24507258,559.1879132,24626.92721,1,-782.3097339,-195.7130014,3267.981502,7553.202554,44467.46045,21092.71973,-73.66185531
14-04-2034,125.3394948,10935.52176,-10132.00298,2519.937243,4,9907.442587,-343.6412306,129.2252156,5382.719405,14568.92797,12179.61617,-1964.213125
15-04-2034,0,1165.322728,-1018.682054,5394.743276,3,357.4235592,644.333919,-83.07183793,1226.482331,2891.634761,1289.193508,257.7798246
16-04-2034,0,649.3754098,-1732.917209,2678.513317,1,2133.95384,-587.8076006,-208.0177449,888.7333856,5890.618676,6234.391888,1206.207476
17-04-2034,1911.375262,12.45301715,837.5534841,35168.35708,4,377.2134247,-27040.03315,952.7489769,1624.298966,10124.34764,1528.909587,2146.069625
18-04-2034,372.2387241,533.9023547,-580.7878498,25369.41689,1,-336.1629118,63.41165381,3279.815638,8013.286898,46888.38999,21558.4425,1246.277042
19-04-2034,0,13.27197997,-238.5153026,21153.986,1,-151.2720484,-158.7862197,-375.0444709,150.9908543,300,2283.310873,-1201.383209
20-04-2034,2218.68963,1650.393573,1020.308916,533.7067332,4,-1201.7406,-776.6348405,40.88834225,1290.922876,9048.322669,10645.04115,351.5062197
21-04-2034,1495.50344,2869.164146,-920.7425945,1017.076136,10,-37.26818972,-2338.519837,60.03188534,1403.909665,6852.319923,6967.886652,217.471836
22-04-2034,1471.11822,5285.161628,-3947.73903,33947.55515,3,1736.407467,-690.487957,595.6308985,2349.870207,10168.9516,5807.665941,361.915402
23-04-2034,0,178.1118181,-587.1132554,767.0104131,2,-663.2007216,678.9629514,-169.6186349,150.9908543,1844.092624,1628.165188,-1349.423852
24-04-2034,0,0,90.50173104,2779.413592,1,1958.211865,744.61676,197.9083764,951.0794726,4422.683944,4271.150359,-5.732135968
25-04-2034,576.763943,1121.611407,941.6998048,5697.61063,4,2032.654466,964.4577823,332.3766128,1185.521975,6203.022881,2219.408275,-4554.499572
26-04-2034,769.7067818,4019.061684,-3395.391993,9492.184965,6,1981.835441,1837.115962,303.8784806,2405.555412,9786.55522,10284.79314,-4538.654397
27-04-2034,0,71.49054251,-353.8655619,3064.793335,4,-880.2601296,-1335.644708,-320.8366836,332.7557767,2481.375827,7238.279786,-856.1741685
28-04-2034,283.7857958,11251.74748,-11268.98288,2044.509787,6,11122.34881,-1639.118719,154.8027248,6053.626955,22742.34347,16536.29341,15.87511119
29-04-2034,0,123.6126806,329.7254868,1688.556621,2,-309.6601456,-1039.436065,-16.24677279,1431.286236,3356.292912,2494.437767,-767.7675734
30-04-2034,1613.66479,1250.525869,-1368.526761,323.5518407,6,2328.853233,1228.642111,47.41465166,975.5129094,8477.619096,9587.833665,423.6176241
01-05-2034,4560.586366,3375.202516,1348.45012,5844.624938,4,-1071.858038,-3030.728766,1003.572752,2894.846159,12471.69836,5415.203685,-5816.794414
02-05-2034,595.1311156,449.5532742,825.8576055,0.8,5,-921.4478114,537.1646212,80.43763956,282.694999,300,3094.651735,459.0122325
03-05-2034,1507.267296,789.4307743,995.1785725,9886.775135,3,710.1804739,-1343.89784,476.9921604,1028.617363,8615.442666,2918.650845,2091.106301
04-05-2034,794.5003973,424.7227111,864.0421313,8507.454698,2,-862.1861687,1507.800322,165.2320048,688.7828128,6903.12903,7103.770343,195.7704451
05-05-2034,777.729307,0,448.6963677,35411.87435,4,128.8525862,1544.024909,304.1157682,1689.427921,6819.994852,7820.144718,-29781
06-05-2034,1744.840739,2455.01557,-2038.210171,0.8,3,662.8999181,1648.226272,-108.4599038,1562.949953,4112.566698,3598.816414,6260.935878
07-05-2034,682.48561,0,418.8996995,5493.449569,4,1613.140467,478.4379291,559.4428883,1182.036228,5739.828872,2534.831039,-4529.466068
08-05-2034,89.94165084,908.4261672,-571.439468,863.7866782,1,-480.2047265,-523.7598037,97.34070111,1043.593288,40779.74176,38253.58633,-220.2103291
09-05-2034,193.4869114,316.3002078,-69.96526544,4001.235341,4,-1180.195511,-710.6711835,-225.263647,630.8891136,2202.039366,4894.36478,-201.4709375
10-05-2034,665.3994985,141.0306818,1076.42314,587.509114,2,-5383.627335,-176.7733419,-330.0806092,1970.793998,6749.664061,7212.510602,-720.7607475
11-05-2034,0,5848.275336,-5557.931623,10930.63115,5,-108.0291658,-3861.933592,-703.0999549,2194.554606,2215.369815,5942.856919,254.7524338
12-05-2034,101.5457557,825.8482057,362.1277168,5187.84651,7,-399.7697587,281.4985675,134.7883452,264.4680556,8789.479579,6637.143213,268.1909225
13-05-2034,0,197.4927103,-116.8386326,0.8,3,-1365.843123,136.6284422,-926.3368893,2489.54216,7102.004433,12415.94418,609.9186824
14-05-2034,0,415.4885829,150.1964822,3697.552707,2,1860.118252,2403.264881,45.8675436,662.1510945,3706.010011,2806.736422,-450.0186546
15-05-2034,213.2624428,50.46691992,-102.3554906,21458.06221,2,-66.74905682,20441.46336,-286.096591,150.9908543,19024.70639,20714.15435,31.0094845
16-05-2034,5483.814407,954.1497728,4033.900272,4555.113695,4,-45.34534229,1062.832201,-792.400474,4884.511988,9730.097972,15713.28535,-2746.62481
17-05-2034,189.3447294,310.3296404,343.2709822,5983.042966,3,5854.136157,382.1832694,-1509.604104,6450.443786,9977.575197,21446.88599,168.6883046
18-05-2034,0,521.368947,-78.98926601,1530.858471,5,-355.2120854,227.1150752,-8.722272994,417.9435098,5655.752838,4588.529963,-145.1328411
19-05-2034,0,5349.304942,-6118.26074,11726.91423,5,132.1760451,-4241.663191,-687.1961045,2182.031278,647.3538558,6246.611577,-484.3667632
20-05-2034,577.3511812,0,243.330221,0.8,2,-1317.952275,-1642.964022,135.8468036,2629.887615,8260.195723,8862.930164,-361.0834749
21-05-2034,1239.13998,463.5024974,1992.492313,1022.047035,7,-6125.106383,1337.059864,-47.7025536,3067.325176,12165.51553,9774.937411,115.8368665
22-05-2034,793.5451395,214.287899,-906.9978973,22504.37019,8,681.254479,58.68164736,-282.6766019,752.0048047,300,2963.617389,-59.09500152
23-05-2034,797.2422096,0,659.2731095,2847.413071,4,189.6816243,-2782.972705,323.5304362,150.9908543,8792.803468,8164.077153,68.66414605
24-05-2034,0,377.5870766,-178.7317864,613.9989728,2,-2528.304584,-1334.194881,-448.8653848,1686.310781,5438.313154,2464.044054,174.0327878
25-05-2034,1989.25976,94.76006436,1258.925717,2543.137258,7,-6038.547342,377.4165561,-540.1297633,3422.515094,9842.263667,10374.60105,193.565216
26-05-2034,1989.844366,3238.353878,-743.3754403,10131.25232,5,-0.886734691,1873.015124,-642.8089723,1828.752837,3444.651572,9187.253787,-11199.11952
27-05-2034,556.4884796,2075.270207,-1228.661717,2516.387809,2,1770.370579,653.2459909,159.880948,1734.449099,5311.630064,2725.246384,3358.495024
28-05-2034,2908.339273,335.5952577,1452.298718,3903.847515,3,-450.0547473,870.4134386,-417.8659291,1013.000725,3143.972707,8423.345107,-183.0656508
29-05-2034,1365.523142,255.704648,1495.890932,2393.168662,2,-2386.353229,1366.614101,-745.1775161,2113.309708,9148.924227,11960.28473,-1558.186812
30-05-2034,2022.124665,4433.661719,-4648.363313,701.9567432,12,2625.460621,-73.08583886,-146.8482776,2541.818341,6516.081832,7780.337195,1434.496702
31-05-2034,0,247.9001032,-545.4323393,15264.72037,2,-338.7167413,-518.6024611,-822.0811252,1543.138449,1654.689151,6756.858494,-168.4775418
01-06-2034,178.5717722,4368.982606,-2967.980599,1538.576411,4,1036.311745,593.3950892,-962.9005391,3194.706713,7976.923073,14714.02314,-224.6305524
02-06-2034,368.4695617,0,451.0683108,639.5909839,3,-562.4892147,103.5548572,-36.4699709,1176.058791,8539.776857,9150.658643,-930.3787763
03-06-2034,452.822096,1652.829122,1452.27288,3787.678058,4,-427.1451967,427.2093466,513.2483391,810.730972,9654.546996,4051.234398,1272.898145
04-06-2034,1071.981302,145.6394886,930.8854103,35694.63165,3,-2880.788188,667.2820681,537.3524449,2505.451276,10859.14265,6882.576605,898.4403629
05-06-2034,0,118.0331663,-507.9225544,4551.71776,4,379.3900237,-10649.32116,607.9744454,2792.935048,13415.66337,5993.458365,1389.621873
06-06-2034,128.506261,712.6456306,-971.6279761,887.1128442,4,531.8777865,-1578.314379,-309.1379735,526.7438906,4232.046754,9230.290894,1734.155188
07-06-2034,1348.363958,755.1627669,-224.601393,6060.50872,3,988.9753066,884.1529889,-4012.230535,11243.94272,10426.48552,38925.21947,1000.536607
08-06-2034,2263.066731,0,2496.403514,6360.1221,2,893.5305315,-135.7308457,-87.72387501,1932.657534,12702.21756,13743.50277,502.3760924
09-06-2034,38.2946469,2642.582238,-2052.955065,0.8,2,-82.6707533,29.58931212,-178.1417669,1385.914679,38539.24537,40175.6356,725.2926863
10-06-2034,196.5223475,721.0217585,-2121.054894,15753.10086,4,-5521.683596,-790.3905204,-678.9281784,2359.072034,300,4905.119665,-663.3803725
11-06-2034,625.3421317,891.0174095,1387.144646,20781.16597,6,356.3596231,-527.9167736,-363.4572778,300.5595243,300,3052.702736,-4749.060226
12-06-2034,0,9743.748864,-10514.36634,2684.958474,4,10446.58883,-278.5993215,299.1398429,6130.083484,15805.86267,12215.81318,-2988.11854
13-06-2034,1374.40057,450.8053294,348.6076581,1106.942523,6,-713.2862166,1523.033242,68.79841894,582.3181731,6850.239574,6326.068948,-1485.055818
14-06-2034,463.1329653,812.8320193,499.7077357,2229.420316,6,-3855.419368,53.10160102,-1053.297875,2450.815201,9022.672969,14215.1097,45.90058219
15-06-2034,981.1540219,119.7539338,198.4077735,3939.097629,1,714.7741453,-394.6293776,209.4670516,1009.230674,2786.890781,2083.714899,39.84413064
16-06-2034,360.1228815,771.9909797,-747.1037734,5167.183544,3,-70.34363816,-1350.787916,647.2556252,1786.722731,11889.11501,6152.091637,18748.88286
17-06-2034,630.4382576,579.9184986,-51.28946443,1691.410648,7,-370.6208441,136.950595,657.4371766,150.9908543,7519.185294,7769.885084,-52.07163317
18-06-2034,0,0,-617.7527784,5535.319545,3,2784.082408,273.889152,-594.612898,2773.09367,13835.18917,17294.51942,81.98820554
19-06-2034,0,351.9728545,63.4537122,7955.940133,2,1889.880672,263.4432145,480.5566579,1288.752346,9331.676466,5907.899429,1049.792184
20-06-2034,3838.428065,2838.036864,2275.533994,3001.45223,5,-1701.398976,101.7676405,73.6750474,2115.260641,9475.290627,9828.726307,181.5762427
21-06-2034,590.5804809,0,569.2305412,16452.49373,3,1253.197823,-852.5762168,-469.6529153,2051.83353,2776.651943,7641.798848,-5537.405461
22-06-2034,123.5993202,489.4191527,224.2355456,21265.89876,8,-1450.663021,-590.915634,-189.804536,150.9908543,924.1867094,745,-126.8159806
23-06-2034,84.91293353,344.7115408,601.2885288,4135.062418,6,-903.3424825,5878.06588,-421.4978926,430.354019,5122.48922,8072.116853,-76.32299477
24-06-2034,0,0,-494.996314,7127.178766,3,-295.2133156,-170.7469696,690.1093912,2116.484211,8238.663547,3335.638614,667.9345917
25-06-2034,0,1576.655624,-2690.016109,0.8,2,703.9304013,-174.8705458,-548.6205812,6707.052136,12609.49013,15778.21065,117.7130387
26-06-2034,0,0,-510.2565574,1969.596988,3,288.4867174,-29781,-728.8527535,1727.086622,11389.66502,18005.22886,1820.897482
27-06-2034,193.335387,1415.514429,-1257.385343,4147.588586,2,-819.5918826,-5316.270908,679.9025389,2471.322571,11287.76744,8931.326917,-714.2381405
28-06-2034,1814.709663,351.3898982,2154.274799,2347.288528,5,629.6088479,1933.162346,-157.71213,2711.829258,8286.510079,8998.94417,-3356.408689
29-06-2034,1902.334487,0,2364.633369,17124.76652,1,-754.848554,-956.765067,-1071.818502,1618.73592,2056.074236,6789.131476,185.4084029
30-06-2034,0,569.6180443,-159.8540937,24487.56915,1,388.3058257,250.6395121,3305.014655,7660.279196,43198.34256,22137.25506,-1099.332479
01-07-2034,200.2630496,684.0956369,22.83036874,2715.688456,4,769.6919306,-892.8295807,474.1013171,648.1980424,5029.033981,1734.284025,-1892.96186
02-07-2034,784.0752892,197.3661412,487.3627303,34402.79168,3,-4468.848738,1388.34726,475.5608408,2385.185583,8380.230312,6882.433581,963.2632369
03-07-2034,378.5640054,998.3193233,91.96989548,952.9447228,1,-1960.245584,-830.9040319,169.6830065,833.4558648,5650.473689,745,147.1157735
04-07-2034,495.8987251,756.3941656,228.7066341,3375.398036,2,-605.4223002,419.4680051,-110.9000438,150.9908543,2243.372379,745,-222.2018825
05-07-2034,168.8358607,2974.547597,-2533.415619,816.9955326,2,-338.9298289,106.0327419,-565.3485811,6346.420259,10281.33543,16320.25949,671.7253011
06-07-2034,2234.741546,14079.02706,-12268.34189,11940.80511,7,18991.09149,-101.1509538,1794.943823,9624.770305,50042.34343,38721.43451,45312.48882
07-07-2034,505.2768005,1638.092155,-904.8901298,1395.599554,8,477.2540241,391.6278316,-161.5957836,443.5869736,10561.30805,10137.04362,-452.6145412
08-07-2034,312.1350049,2809.184059,-2847.375966,4.724021251,5,-10665.79572,-140.7609125,-110.564913,5475.50532,14420.66497,12362.98403,2721.62978
09-07-2034,728.7238768,893.1653195,565.2769965,3587.305367,3,-64.37033034,642.7189005,64.56305777,1939.250755,5214.27819,4013.761391,334.0993859
10-07-2034,51.24963894,1949.989617,-1976.539485,0.8,8,135.6607812,-817.7915563,-411.3251441,3211.557673,7999.725671,8106.081696,1652.848828
11-07-2034,3051.897266,212.3597117,2967.845378,3664.334084,3,870.1951245,-268.3118281,575.80568,1281.595079,3227.518745,2334.600554,-1798.435295
12-07-2034,0,0,-194.8547657,2218.281556,1,1442.225515,-192.1744998,143.1672089,1254.616486,1082.307114,1036.045737,-335.9234452
13-07-2034,627.9129499,1425.212709,-1046.229472,366.7617529,10,1123.511435,438.0289449,-993.8525742,3479.677441,4707.641202,14858.55088,210.2978153
14-07-2034,477.3385455,679.2529705,-209.1615511,1376.716626,6,890.6573975,271.5529523,347.3834678,1974.327562,4918.11296,7147.81465,-450.052045
15-07-2034,384.0927719,1802.299377,-2321.988018,315.4077564,5,-10456.55151,-160.260112,-65.72932959,6521.492796,16051.56887,14324.89171,2720.04725
16-07-2034,502.1604686,52.3209378,-85.54579179,1053.635874,1,552.1085948,222.769655,-375.9353928,1133.980799,3330.959925,5230.745969,-159.5616868
17-07-2034,0,1397.830926,-1252.360775,1979.596077,3,412.6342376,2754.401876,-286.3541075,1732.476451,7091.356138,9850.746076,953.4585793
18-07-2034,1929.341253,3291.164195,-930.5660614,11681.62185,5,568.1815246,1074.626948,-661.6754799,3049.363513,4173.662677,10236.08152,-11923.14002
19-07-2034,243.3027783,311.2472876,-35.29095065,1773.998568,7,-61.48057849,767.4084539,-57.29654601,996.7263159,3561.820315,6097.055168,1275.544962
20-07-2034,201.95071,2563.023822,-2826.466499,1888.387072,1,-335.8075853,-1112.715349,-685.0999167,688.6114807,2659.691814,6681.435589,345.3652664
21-07-2034,0,5809.657211,-6068.611505,988.7352453,7,-17.62984722,5738.946481,-627.3748717,2448.763201,5166.766741,8780.666276,263.2426202
22-07-2034,944.0294499,434.3079845,75.1606337,1821.549876,2,-1052.661121,80.86561182,295.4097093,1980.563516,10463.64624,8663.581778,-877.5444057
23-07-2034,1066.478252,984.2052818,827.1461569,7134.557404,3,6070.382672,-52.29499754,776.6212032,2101.526891,9320.20497,6258.517493,-145.6203171
24-07-2034,266.9578178,12678.62675,-10803.85163,2482.437047,4,-1324.947626,460.7072564,-2354.385488,4544.250378,7195.284506,23093.17428,569.6323128
25-07-2034,1235.849764,117.5825849,666.597769,1275.480515,3,326.2830095,196.5256223,-408.7629671,961.3691893,2274.649027,7248.161994,-220.8063815
26-07-2034,1174.16704,0,881.8282807,507.8148605,3,-1255.422778,-5.102172785,-1195.083541,3926.83417,7620.119293,14395.29724,392.3463093
27-07-2034,502.8151205,771.4614023,-192.5491595,2306.575404,4,320.8330427,-638.567467,-377.3842768,359.8603294,2586.487562,1320.441923,632.4694898
28-07-2034,4447.836083,2367.944624,963.0308392,1691.621188,5,-1176.659555,-576.7367202,340.4301689,705.9457885,7980.401666,7712.083369,-845.4431818
29-07-2034,739.9983611,667.928666,-19.24697766,3013.291153,3,48.6177968,93.36916767,261.0647758,1779.563517,5043.846364,4594.516629,60.15400383
30-07-2034,216.855134,318.9731283,-485.8933292,2489.077904,2,1803.995443,-638.3434445,290.3715637,2107.350692,5344.734496,4094.278439,-46.83653183
31-07-2034,0,273.4501424,-765.243635,3190.441206,4,-2291.643425,744.0903368,-157.6486482,375.4213515,8366.717146,6187.177544,-375.1723825
01-08-2034,7225.057629,508.4338783,5434.027144,6530.33163,5,-1474.709529,715.930436,513.3676514,2561.506582,10234.50389,6454.129395,1031.933726
02-08-2034,577.7356482,492.8382347,-886.9104932,842.3222219,1,214.468328,-494.3095219,187.6203032,248.0633766,300,745,-544.6627421
03-08-2034,0,2698.695747,-1390.042457,0.8,8,2044.141659,-330.700605,-446.9195455,3199.633658,6677.292801,12441.15896,1223.923986
04-08-2034,689.5869342,135.9751219,1664.818151,2730.746024,3,-605.2921081,1018.649444,-605.8914927,1668.957687,14715.07951,17256.56066,830.1691297
05-08-2034,138.1978474,2182.246016,-3131.686858,769.3236454,5,-10865.43556,140.701013,-42.76996061,6016.601994,14066.39352,15262.51591,2183.963755
06-08-2034,0,442.0955013,-464.4721198,1347.853789,2,660.0435108,3069.570136,-2038.214599,2849.840676,2999.074683,15948.50482,1354.455223
07-08-2034,368.8755907,669.3007586,-616.15904,4226.173023,4,-1920.4898,336.1627888,197.4513461,366.3127473,7066.958592,6912.11955,-629.7720343
08-08-2034,540.129308,978.1509531,-1275.518073,1796.588303,2,-601.9675999,-65.88602249,-203.7776408,1125.497047,300,2232.30189,534.9102017
09-08-2034,1014.985539,855.224317,2127.248344,2376.344282,2,-1495.085481,-2360.215526,-342.2875124,1045.540842,4446.203657,4401.371288,340.9406423
10-08-2034,616.9646988,870.4032469,-280.365211,816.9675489,4,-261.0641949,647.2435547,-82.40269307,885.7009811,2799.522298,1791.830362,105.97862
11-08-2034,3290.513834,0,2684.91151,2594.830688,2,-2516.372201,2304.453994,169.2719986,6013.228556,14807.40137,13658.37242,-1024.850324
12-08-2034,479.0379855,0,-1253.953274,2642.103467,1,-1810.054373,-262.8609714,192.7805269,840.5191255,4352.672199,745,58.5574077
13-08-2034,553.7256736,1230.423592,-1739.212849,1355.529096,2,-1306.686369,381.3269654,-387.689051,548.6339673,9113.104035,11137.99607,1070.620518
14-08-2034,0,1836.572915,-1567.151682,0.8,8,793.5283093,153.2645584,-555.8360275,2807.432487,7328.748391,10633.96828,1749.741135
15-08-2034,252.0391769,1574.657617,55.0597107,15675.09212,2,175.5264055,424.5599789,-1126.113547,1282.263372,1099.802962,6859.601747,-148.7177915
16-08-2034,0,0,-137.5425729,4112.613065,2,-738.4035973,-4104.161517,635.3695751,2124.772548,7021.501159,7790.222745,-342.9109165
17-08-2034,0,943.2804422,-1111.509998,0.8,4,224.5129402,-1138.357133,-398.0237263,1358.410393,5709.129009,6136.905799,1641.783985
18-08-2034,2379.415789,0,2319.840058,16740.10196,1,-162.9447561,-207.1349825,-832.450761,2063.737765,3118.383433,7491.046441,-291.8172503
19-08-2034,2274.03537,0,1739.024797,1172.870831,7,-6929.227803,1325.100235,-18.84909643,3726.569219,10470.9598,10209.83785,588.0017097
20-08-2034,778.1997317,536.9234539,868.1148258,12241.10891,2,-146.8933102,-1138.122625,-393.8665067,2533.925801,3403.682542,4985.669133,1667.265433
21-08-2034,759.5779517,322.3193219,9.641846329,356.3844111,2,-881.706326,11637.45134,-1833.766032,4343.91574,5261.847397,15694.40126,735.0184178
22-08-2034,1908.601807,2351.404642,-1555.770723,878.3332779,10,-329.1287956,-1953.818869,-52.55514153,679.0095368,7492.708506,8256.880989,659.3539726
23-08-2034,0,52.88637669,-1029.373172,2076.551127,2,281.2717701,1388.238519,224.0491102,1236.13293,4061.375879,5607.629873,1798.309934
24-08-2034,3367.27061,0,3309.937995,5347.304774,5,-360.4343212,3177.820281,104.3266156,1627.85516,748.8548586,4439.531398,-217.4774142
25-08-2034,1303.311442,484.3026699,429.9944337,2212.865561,2,-313.2722453,-34.97952447,230.4873225,1298.220047,2484.114767,809.2870284,-775.5354098
26-08-2034,0,4563.885739,-5116.328673,0.8,2,4168.508484,665.9920562,-1696.875443,4759.138142,8807.383352,20091.83507,5076.161594
27-08-2034,502.0983429,1204.895378,-656.2676406,2638.868485,5,127.940054,624.0308251,-5.303189944,1080.446301,6452.335044,5020.721186,1182.36678
28-08-2034,1296.478916,57.09072269,529.1769993,1601.158522,10,-224.5876741,-666.2575733,180.4438533,823.1342708,9139.639009,10299.23925,-358.9440899
29-08-2034,162.3870687,31.27018618,672.9096598,2169.59875,4,2373.63084,12.20899259,39.59642126,935.4630318,1630.362916,1663.785667,3150.44438
30-08-2034,2859.570204,0,2643.461941,5329.16259,2,-317.9332338,-150.2844842,-266.6286079,2279.194232,10985.69477,16188.61806,-926.4354433
31-08-2034,0,1216.331311,-1228.489584,3634.28988,3,1745.884435,377.3102153,-495.315957,3247.686517,10639.02668,12699.67333,-518.1684922
01-09-2034,611.8858923,104.1494536,1553.006287,1863.411104,1,1019.625925,-2089.504895,241.0516965,1016.248938,7338.824412,5242.474231,2459.613367
02-09-2034,894.2299394,922.2358486,-807.6979251,463.3755994,4,-540.1152346,-119.1787643,-130.4887786,298.5182888,2936.838101,2299.933998,1110.096073
03-09-2034,2065.580102,3246.288739,-1374.513258,12490.727,5,54.47835422,2183.024956,-712.4888017,2570.096421,4778.463892,8657.868606,-11927.36205
04-09-2034,32845.84361,30578.32917,1411.572362,1650.9166,5,-1521.197201,-351.267828,-6.224020221,1153.684957,37410.17403,38059.72275,196.8192466
05-09-2034,0,569.0493991,72.67651983,2134.297974,1,950.6621689,26.30247248,-336.7297893,1101.773523,3362.337275,4050.643472,1341.9631
06-09-2034,0,594.7929204,-36.64240957,1330.927186,1,-5915.679656,929.1828063,-4998.142857,11583.32428,14282.73388,50618.23184,377.8401473
07-09-2034,3621.505892,424.4773082,3628.998057,3341.269576,5,-566.3332305,2871.102348,130.2558538,3069.094136,2952.170121,4174.555007,141.1407354
08-09-2034,20421.78313,680.0998582,20604.21204,22909.66415,3,-629.5141594,-1907.493974,3479.176634,7880.828254,24049.39108,1197.777989,-135.8154012
09-09-2034,599.8660057,203.9370532,1036.991484,1069.349621,2,-4124.374581,-676.1980842,-131.8310429,2310.427261,3559.499881,8617.061326,-1.439932242
10-09-2034,498.2724079,1430.486098,-358.9943532,0.8,2,458.0177965,2536.639075,-1982.0231,3206.831652,6368.337027,16231.20578,2314.007112
11-09-2034,758.4893211,666.8495149,316.4898043,5425.106098,3,20.71719356,91.36496549,510.1708214,488.2418192,1297.90047,2120.340769,1819.842539
12-09-2034,0,1427.622837,-1777.759457,97.46907391,3,1689.684037,-1015.825594,103.7461016,2415.231833,9529.408363,9639.107459,351.5716074
13-09-2034,1001.341523,485.3048769,1146.609058,7423.193967,4,-29754.16541,224.3292914,-3747.422467,11555.75155,10603.97309,38316.21929,-160.5892038
14-09-2034,348.4279521,1294.717405,-1008.061141,0.8,3,749.3476749,2676.22776,-608.0564121,1757.29036,3825.934822,9517.974026,1187.984385
15-09-2034,503.9172552,1876.671895,-1895.545791,5203.743686,3,2086.677885,572.2608503,792.7101015,1114.130901,8198.314603,1635.870794,-615.1289272
16-09-2034,1240.549603,1038.373476,-264.815657,3678.359721,4,1079.753673,-945.2304948,-155.3380571,150.9908543,483.5867613,2947.431817,513.7905683
17-09-2034,1006.709163,1949.525208,-764.5786797,6821.434534,3,1052.673164,-3582.543422,-3764.268425,10917.11836,9170.305041,35179.96325,-5334.980674
18-09-2034,1014.247829,419.5128332,1185.843078,1985.455587,5,76.57378813,-535.9656186,254.4969551,778.2651739,6811.704811,9275.02769,460.1893682
19-09-2034,5893.079766,953.2618549,5388.456223,5662.276939,5,-4530.065207,2135.222349,-1398.432358,5482.56036,13212.13799,21315.38643,-747.6989367
20-09-2034,0,1143.417066,696.6125568,2959.391131,1,275.1341267,-912.893696,-182.0546118,524.4729837,7374.403538,10067.23957,-370.0893411
21-09-2034,724.8438524,1069.908947,-534.5255739,843.1132379,3,514.3140942,3475.262896,-479.8211998,2231.793352,7784.666503,9695.231265,616.4794706
22-09-2034,1386.067858,592.6600753,534.7549011,8419.674652,2,-21.91053399,2077.800832,67.90301632,1247.450319,5597.40019,4343.001187,600.5941472
23-09-2034,1306.149493,1627.530873,-1421.725246,4137.478325,3,2014.804594,376.6194068,590.0769487,1079.327482,6938.855954,4421.795374,-335.6839834
24-09-2034,0,209.5039672,19.42883766,3064.134532,2,-91.94316518,-1309.081498,132.0353441,1124.522884,2835.57188,745,-452.5491624
25-09-2034,1988.500766,1905.798398,-636.311239,4547.032561,3,568.2171276,-3320.03136,-3964.300212,11535.67913,8252.512318,35807.70137,-5538.657861
26-09-2034,499.9085019,124.6425211,-336.3624955,2447.883985,4,-386.9989946,-343.5429921,-342.151255,467.0161785,1002.013073,4082.80752,392.6021567
27-09-2034,0,0,1259.947685,6560.578579,3,-415.7017222,-599.6435167,279.7657614,2591.675687,5442.048929,1835.635107,51.32320836
28-09-2034,1380.652868,166.4106709,60.60424034,13159.00103,5,-4981.245536,-264.3226448,-715.09581,2106.296892,2917.529529,9620.115447,596.0146953
29-09-2034,500.7164001,4828.187847,-4062.450729,0.97244635,4,554.4682233,1250.240765,-144.9853178,2599.428317,6562.312572,8859.661481,495.9872957
30-09-2034,860.4050603,542.6827646,272.370639,945.0262439,6,-1016.116555,1854.664292,-168.7964339,1371.207664,8434.743499,5425.398041,-808.9461302
01-10-2034,1218.952498,857.7523001,263.251624,194.5553519,3,-1173.693044,133.8530879,-319.3092075,681.1813167,11186.69553,9543.595563,-621.4798305
02-10-2034,2269.618308,676.3062123,2053.129427,1491.45797,5,-930.3114565,662.0246373,130.9992794,1235.829187,9674.098351,8033.980364,11937.8054
03-10-2034,1678.747306,574.5788131,1026.832914,2694.850398,6,-5016.054275,-621.5280492,240.124461,2316.217401,6789.945855,8062.757442,-1646.266475
04-10-2034,0,1580.145526,-1166.920289,3802.806485,3,502.956592,452.5154982,874.4598193,3079.553533,14480.63221,6327.504556,18107.11885
05-10-2034,1536.625939,329.5719118,1735.471434,36686.61229,4,428.6089517,-28487.33071,710.5722604,796.1052246,6621.330809,2008.29268,1903.139324
06-10-2034,835.0586224,44.03434668,606.9443901,1002.446057,2,-112.5497161,471.3296927,17.47077266,1777.417242,38479.78496,37140.26551,-1036.286773
07-10-2034,1498.647468,2550.86398,-2144.441757,2027.412285,3,899.2245853,1487.859558,-42.22039804,1878.719598,1432.133237,4643.141755,5676.313698
08-10-2034,1674.41062,317.6636567,1044.817386,7709.51249,3,67.46461784,-1224.521746,532.9121586,969.7870526,11758.77756,3615.344291,3064.885833
09-10-2034,1814.314894,330.4908879,930.5005961,236.0114464,5,-711.1306311,1282.34733,32.20812014,699.3413598,8524.715213,7820.923656,12019.85796
10-10-2034,1989.118246,352.8674964,2281.335474,5185.689169,4,-619.2722511,-319.7072285,709.6076208,1659.101415,6229.127431,2102.515749,1241.768938
11-10-2034,5709.334806,875.2096364,4831.886487,5723.321612,5,-3798.391702,2163.04122,-1204.368302,5452.754483,9550.205866,22349.08786,-87.95908227
12-10-2034,2406.020524,637.8650413,1579.94538,30810.8525,3,-29.27922759,-882.3634622,3613.376315,23276.9726,88721.69221,64535.58436,1966.793441
13-10-2034,0,505.9567607,-1266.298684,3134.381378,3,678.3501373,1264.612816,-530.5120948,3163.574061,9836.513554,13583.63879,208.0220128
14-10-2034,268.7890682,825.7883412,-775.1772374,24781.67156,1,241.8044183,170.1940617,3208.543667,6969.524272,43413.0124,20956.63567,-1336.123985
15-10-2034,156.6573027,168.7120583,-664.4646778,928.0391092,3,80.73620184,-327.6204181,-338.9543889,820.4763183,300,3547.249218,489.3300915
16-10-2034,569.5767191,0,-309.1890562,3967.954558,1,1926.096886,-200.0787983,44.05632224,1131.630022,3399.55274,8175.871403,-1586.26448
17-10-2034,458.8036236,1253.372564,-84.55673335,1335.678599,4,-118.8423473,1927.234674,-40.00996033,6128.399542,16637.26538,15180.50246,-211.5830183
18-10-2034,966.8940127,1289.241378,-346.1659031,2124.354195,6,-283.8112603,-311.2122767,-177.4719795,714.313763,3013.768256,2524.574345,-96.85648416
19-10-2034,0,3865.710825,-3934.627236,509.2655108,4,443.7794684,215.9099824,-675.5322043,1317.268202,7212.295685,14679.25752,131.3254372
20-10-2034,1231.445674,0,742.3416356,1306.259445,7,-6545.902074,500.8238076,-165.7051915,3108.532765,10735.49536,13035.07439,700.8476162
21-10-2034,962.3556922,1034.225537,-1034.115725,0.8,8,711.7350706,-1560.920574,38.96445582,318.7236729,3919.954742,4944.25672,1996.933272
22-10-2034,4402.293066,3428.992933,219.5853102,8004.207339,4,-186.3637334,-2280.707393,883.6679119,1984.150132,11003.12043,3445.913024,-5866.539824
23-10-2034,2039.09925,0,3512.462925,5767.832579,4,-1369.551521,-377.1790694,888.5855549,1982.740773,8229.758848,1906.817144,1995.746766
24-10-2034,5309.924208,5107.716272,589.8699238,5327.247767,6,-292.5285965,-14.80739746,524.8063009,3390.698242,16956.31726,10347.4373,-571.3519709
25-10-2034,0,1123.458726,-232.0499767,7368.893504,3,1310.443582,1781.182071,-4387.968814,11490.27808,10763.97777,38801.62676,561.1094624
26-10-2034,277.2098072,1829.207461,-858.2561659,1584.157134,3,-502.1474802,161.1428554,238.3661155,1574.73417,11001.34189,9009.653468,-968.6218303
27-10-2034,2415.750255,2858.030992,555.8673869,7472.765201,4,274.6738178,-2671.918002,1056.745346,2167.532923,13180.366,4360.197848,-5915.378403
28-10-2034,720.9027831,4050.74577,-3349.545284,10365.88315,6,1744.522328,1388.905747,515.1147742,1947.821911,10437.10466,9942.146968,-4932.288798
29-10-2034,0,745.4969494,-1922.317333,3211.844644,3,-219.9668891,-572.377428,-246.1754708,1443.645135,4375.659973,4361.435576,-837.1256847
30-10-2034,3435.530626,4286.755807,-867.6810355,658.0480124,5,1384.41582,1022.433048,-40.89542481,792.6960187,38496.06682,40272.24691,874.0981234
31-10-2034,0,1289.87948,-675.3229731,504.8777676,6,-991.0767488,102.8273633,47.01070376,1075.206766,11013.91019,8380.149283,-280.8324635
01-11-2034,192.4571192,39.35509684,426.5230806,0.8,3,-94.26060772,-29781,-654.8618408,2288.935828,11638.84762,16924.57753,2543.993329
02-11-2034,1050.763542,155.6258336,843.2334694,1029.203482,3,-74.13168937,-462.7556242,-157.0365234,2155.313936,10390.47307,5505.036726,1291.309681
03-11-2034,1628.992196,1247.793408,2074.678135,33783.08026,3,2326.121985,-12568.30613,3223.04661,21560.38334,53283.41291,30781.55325,515.3386476
04-11-2034,806.4643886,798.7877163,-104.7528933,2103.881352,4,-777.9337263,-622.661716,-414.4910824,544.4661003,1465.637539,4065.431672,-665.5560682
05-11-2034,20505.91537,221.9623991,19439.38551,24198.77707,3,45.38514184,-3030.900032,3386.347641,7712.450231,24112.68963,745,123.8765839
06-11-2034,822.0251558,1732.50412,-385.9314522,5191.9101,6,-931.4702048,4470.221939,-111.391614,150.9908543,6138.862258,6823.830318,-691.7328824
07-11-2034,1313.449066,392.5533625,223.869116,1810.97927,1,300.026573,347.564918,-54.68299054,150.9908543,1780.821442,1982.720724,-121.2218993
08-11-2034,0,152.9599602,194.8124114,0.8,7,-398.1227469,1725.099352,-307.6443104,6244.13661,14039.30728,18200.36529,-873.3012624
09-11-2034,0,312.4853393,544.8304125,957.1031488,2,-279.332768,1947.29206,-1656.266467,3265.098751,5185.313457,16135.6514,-462.1566536
10-11-2034,0,0,-495.6204455,3303.136046,2,-186.867586,542.6159342,-132.5278261,1448.849169,3106.43442,4139.600441,-2600.568458
11-11-2034,1513.966416,2556.014707,-1833.643178,379.0431384,10,920.7058625,1151.042,-1060.571506,3111.360763,5148.624263,12922.47475,-196.9867422
12-11-2034,1308.933097,0,1762.466593,1106.10481,4,-554.2705687,-6643.465873,174.0793323,1724.264615,6710.737997,8412.327964,410.7740813
13-11-2034,705.2157769,2776.577127,-2567.312402,417.0307938,3,-106.2213553,861.2937569,-212.9007431,1744.603835,2474.794904,3895.198446,5856.140652
14-11-2034,0,684.9531538,-232.7493335,15809.76019,2,91.49551817,221.4266745,-880.8369656,2217.874989,300,6596.181426,-151.4495463
15-11-2034,755.7294666,365.2085131,561.1347209,3127.055923,3,175.3980728,2065.393118,393.0765225,150.9908543,1564.1081,745,516.6236809
16-11-2034,1112.566983,1133.064207,-664.8999332,431.7227243,8,2056.497785,-351.6041828,-144.6372779,1208.351245,5298.568709,5986.796726,-75.26793894
17-11-2034,296.4762473,2748.662766,-1738.123474,46.93519854,8,672.3888571,-547.0041579,-661.2067631,3108.261561,8059.628561,10734.02671,1462.231765
18-11-2034,0,899.9188088,-103.8478012,7434.803446,3,2453.96553,-52.8669383,1000.216328,1531.580927,13956.27474,6261.910411,18249.54578
19-11-2034,0,660.1055172,-422.0288241,14533.43999,2,-142.4872709,-513.0422622,-933.0092591,1534.989434,300,7899.344177,-376.4716335
20-11-2034,972.7024701,2197.513074,-933.79325,0.8,10,-370.6264749,-2696.413425,26.2903832,789.0793605,6576.089665,7407.713766,1151.571517
21-11-2034,21.37426664,495.8611481,-585.3822836,1232.476737,3,946.7653136,2661.935396,-244.0840784,1004.731652,9857.333158,11100.27868,2312.545635
22-11-2034,46024.49165,1145.656918,45273.69157,56383.53123,4,-12760.45468,2030.871323,7588.90849,19124.51023,95331,41479.54208,-28072.19565
23-11-2034,2562.946231,0,2546.909336,4672.259366,3,297.4921929,-304.4246621,379.3322375,1679.015736,5725.077973,2640.19853,-817.4075571
24-11-2034,391.2926662,280.355778,-107.3595481,555.4551474,4,-200.2380339,-286.3880125,-124.7844396,1599.075536,9436.774483,9071.665505,268.1553657
25-11-2034,0,316.9950508,13.73665317,17339.33969,3,1223.377896,-876.9711272,-749.0544813,1709.41973,3194.061641,5610.557746,-5855.614962
26-11-2034,0,458.2489761,189.7695042,370.0614469,1,-403.3483985,-194.1482381,184.4844663,150.9908543,3922.774421,745,209.4196542
27-11-2034,1427.391774,0,917.2013603,3860.962726,2,349.1393794,1165.617024,212.9992609,2125.265168,6529.717785,5004.389283,874.4941493
28-11-2034,130.2923291,0,35.98941863,1229.3401,1,-1096.54988,-2073.218064,42.45507494,1011.447225,1420.004239,973.9674542,104.989827
29-11-2034,537.8027326,803.5953842,145.8393115,2873.373567,7,-10079.56177,652.0346148,192.6451651,6752.287747,18413.59534,17757.31955,149.6029185
30-11-2034,320.0919058,2186.869642,-2667.015556,1909.218979,5,2735.491332,-446.0150109,418.9297383,797.0588968,6420.065042,7354.422191,130.244318
01-12-2034,0,141.2360253,100.9695235,3704.017644,4,-1218.438244,684.4337901,239.247768,267.4009645,5685.311881,1291.759539,-2191.866438
02-12-2034,31.3560392,0,-728.463451,1429.828651,1,-40.84790206,-559.7008191,-153.8081884,394.7102467,1385.97714,1986.853849,-202.9621946
03-12-2034,84.70087381,11016.39591,-11653.86046,4822.850046,6,11060.32687,-149.9682519,338.7148379,6489.24811,19897.02649,20416.20227,-542.2812677
04-12-2034,1747.898173,0,2424.078701,2576.106834,5,1320.676709,1366.323415,-243.2497054,1915.647276,6610.782858,8529.747883,-3392.51367
05-12-2034,1422.747061,205.7681226,694.3681178,34299.36749,3,-4400.824824,1750.966869,451.2059426,2537.67195,10925.6596,6931.112047,577.1341618
06-12-2034,0,621.7949523,239.2310298,5718.4466,2,-1314.330735,-5113.765581,605.4673494,1533.727065,12698.76986,8388.45624,581.6532223
07-12-2034,908.5497169,215.755067,1087.932675,5125.544307,1,-5505.062096,-657.3804493,-90.65464643,3271.861054,10052.70302,11469.23911,-5622.691831
08-12-2034,696.6478774,160.5573768,117.8771756,23194.13857,1,-207.688127,-92.2500869,3305.667932,7765.409965,44572.23252,22014.75405,-42.0861974
09-12-2034,504.173445,794.2652505,-1655.68005,6445.478202,3,1534.400892,-87.21531726,537.8548344,2145.741233,11620.22873,5623.4387,18967.66026
10-12-2034,228.7518282,707.5656714,-183.2720572,1742.278062,3,1359.345907,841.8697442,-620.8358966,2907.550551,12731.78266,15987.14339,562.3755495
11-12-2034,657.3208633,459.6717428,485.2429955,1748.998281,2,-4153.325907,262.6830755,-103.8628122,1819.536012,7322.145391,7133.456634,263.6203308
12-12-2034,794.1256261,0,-20.77577356,1216.912906,4,81.52857744,-509.0553765,-102.1746198,252.7910032,4469.494716,2784.820672,3011.485101
13-12-2034,156.5389178,119.0326174,345.0633788,21313.8939,2,-232.0776756,20175.79969,-493.6518455,465.2191318,19628.49536,23657.67486,-125.1355177
14-12-2034,6048.987613,4737.457275,1691.625114,3736.986393,6,1362.305477,-5659.150969,-366.9430496,2013.810254,12581.99246,11284.09003,-882.1936435
15-12-2034,1885.790926,375.0627121,2036.837664,13058.54922,3,868.4527351,-1323.589728,-499.7669967,3147.846507,4641.864198,7374.784821,630.4757987
16-12-2034,0,724.9334434,-219.2054678,642.126268,4,-294.5094306,1176.598917,-396.9955962,811.9301011,7283.86828,10337.65548,917.6727529
17-12-2034,630.8524275,2849.52167,-1381.862188,5307.970715,3,1970.212183,912.4425477,405.4326734,935.5586518,7368.213604,3272.879885,-376.7983888
18-12-2034,0,644.0854566,-1406.903017,6694.795134,2,-361.229752,-420.8299959,426.6529004,2788.030327,8385.873939,4361.691897,756.1275152
19-12-2034,271.5726323,207.078679,681.4318116,536.4827644,1,-320.3685953,452.4908437,152.0186957,416.3788678,442.095676,2587.706628,-725.8012074
20-12-2034,204.2746634,73.31299563,-969.2483154,3395.392504,3,3487.075219,115.436401,15.5210518,5773.837585,12544.40867,14387.26597,-3158.98275
21-12-2034,1788.73316,203.9923994,847.8869097,2565.785497,5,-5682.035077,710.854977,-548.2769277,2645.815894,3809.320274,9346.363596,100.2640455
22-12-2034,1573.828033,367.2493826,2009.091293,6273.07153,2,83.20265947,342.8448672,383.7681514,150.9908543,5810.360743,3774.117855,230.6290665
23-12-2034,3560.777061,0,3131.374924,4452.900936,2,-3047.13752,2476.110587,-44.79760786,6331.732105,16173.66453,14072.72059,-870.7449548
24-12-2034,743.6255577,94.43117221,514.4326803,1752.686175,6,-1417.676766,-2513.495777,-39.09529865,1362.299423,36750.00583,37959.40942,536.282645
25-12-2034,778.4640352,136.3780617,-470.959913,2430.542324,4,-406.2267898,-375.7043761,-170.6993295,198.7778472,1692.296744,1470.070465,658.7911087
26-12-2034,0,4275.855047,-3018.832467,165.3897615,4,1348.536925,118.9095978,-967.343974,1989.417963,5717.074848,13438.62468,-692.5420285
27-12-2034,394.9589209,933.5671341,-1626.070782,1946.323628,5,480.8827258,-273.9488863,-35.20266174,1304.455665,6987.349045,4537.772956,1364.642456
28-12-2034,0,10.6949059,-279.497908,804.1533704,6,440.971062,1237.328651,-256.7346358,1162.79106,5217.909593,7057.391961,709.9068893
29-12-2034,0,467.6208849,34.57499214,2614.243321,1,-204.4187725,-1201.118906,144.3225315,1483.92965,3475.026571,745,390.6255538
30-12-2034,32712.03021,30738.89548,956.434516,2063.750412,5,-1197.095041,-264.4360087,98.84526808,1145.325607,35531.33969,35487.93188,-358.7261642
31-12-2034,0,0,657.5377902,7999.121083,3,449.7963346,-147.1277498,680.8421434,2429.361401,8048.196305,2191.198335,479.9185097
01-01-2035,0,16.27111712,-659.9404711,22346.31119,2,169.5546243,19975.21198,-231.5002066,492.904337,19949.34838,21987.01238,-573.1843276
02-01-2035,3471.372296,354.3563116,3266.969652,3562.04692,5,727.324162,399.9510292,755.0461756,150.9908543,9585.589999,5283.003806,-328.1672605
03-01-2035,220.3853753,185.9598131,478.1875512,2094.960963,4,-13.11213394,518.0120563,54.91166281,249.3587065,10247.43464,7110.433382,225.5129511
04-01-2035,1036.6577,875.5307377,967.6878156,2439.773372,5,-746.2213573,-482.2135901,-54.40467543,987.1522955,573.7762513,1662.71073,129.9208848
05-01-2035,823.5127504,3690.200557,-2357.69349,9107.938371,6,2919.013344,2456.462041,528.4420377,2028.011419,11077.80683,8414.208725,-4798.211414
06-01-2035,1095.711136,2419.776759,-2235.139856,703.7965837,8,-254.4940007,74.20894665,-672.0931834,2690.277465,6520.279908,9421.046843,1602.670086
07-01-2035,2352.946266,85.82931196,1407.12324,4419.913474,2,212.3723074,-428.1992808,382.2460704,587.3697371,8511.533789,2818.13864,79.1068509
08-01-2035,276.0774938,3564.908406,-3556.69504,0.8,1,2280.131062,-4709.946039,-52.19449832,998.53005,5112.144448,6337.342492,-95.53952221
09-01-2035,1509.784146,1511.190636,102.1761796,2693.808424,2,-1672.828991,-2454.655012,-319.5919985,701.1141115,4297.055026,4914.81676,725.5072469
10-01-2035,954.1500754,23.58431753,472.1905693,2084.982328,2,345.2281736,-749.2455733,141.855314,2827.106049,7530.914234,8685.768072,-655.1937419
11-01-2035,0,234.2514139,123.674666,2758.333077,2,-693.0079418,-5576.614536,146.8675002,574.9589873,9336.228663,4899.268225,-1372.389835
12-01-2035,4564.964789,3745.476782,1248.016028,7035.040898,6,3715.478874,37.26348587,1043.129286,1964.888691,11131.6169,7508.768605,-1330.05971
13-01-2035,0,8.346487894,-577.103951,2035.753804,3,3667.887674,515.3788832,21.56508121,5383.172011,14842.93344,16126.19147,-3312.063681
14-01-2035,37493.12836,19307.55246,18677.62453,24865.43695,9,-2507.613873,660.3846674,3558.251955,7680.667799,50325.57106,26202.04966,-12158.48877
15-01-2035,1087.927688,0,1880.244531,2129.691092,3,252.5077196,-79.06641032,139.4133848,1557.185502,5812.583772,1134.072818,-826.0026243
16-01-2035,0,1939.616916,-949.647161,5023.470639,3,1591.171005,139.817996,523.9028671,1013.778915,9134.273663,3513.730577,-59.08141831
17-01-2035,1430.355109,824.1591143,44.71924296,7184.274317,1,43.44688023,1766.29946,-4363.870324,10634.98709,9060.583375,40036.57881,-537.1897989
18-01-2035,626.9052707,124.6938149,192.2604836,764.1732,2,-958.0269812,-589.7772569,657.6320479,888.7726943,5240.957901,4174.44693,-134.3144218
19-01-2035,379.3554713,47.77154531,-58.80483968,1687.313582,1,-127.3297468,-67.96589581,-180.2826349,334.3105747,1293.179269,2873.664408,-534.9076446
20-01-2035,1834.259959,1053.928658,141.1190897,1340.850833,4,504.8129306,-301.3822993,21.61518405,662.3965195,4047.560474,4489.866078,769.9518307
21-01-2035,386.5044443,492.9439583,201.9304877,2761.960758,2,-854.0332041,-498.6987804,385.1330719,323.4698739,4941.251218,1744.893244,299.9838593
22-01-2035,0,2258.091851,-2604.142723,828.7322287,4,-10329.90255,-65.6404925,-150.2367062,6556.089095,12449.01361,13489.51797,3336.884264
23-01-2035,0,213.320115,105.6419516,16326.58253,1,-148.7239129,-393.0437575,-927.8289256,1705.457644,544.4142668,7143.089082,1564.600248
24-01-2035,576.1341642,1023.257117,474.4137573,6438.37893,2,-26.91176361,1356.278498,-4369.281211,10871.67956,8772.693642,39699.61672,-362.8865021
25-01-2035,0,515.096163,-538.5853989,19403.56463,8,81.26991321,123.9350573,-91.93894664,150.9908543,300,1895.937652,114.4809903
26-01-2035,0,476.3214238,94.62001205,16355.09855,2,-219.8765738,-1254.89144,-820.8978363,1673.655062,1984.536963,6551.877317,-540.2378115
27-01-2035,0,0,305.5782965,2802.331434,2,2179.198432,3372.392258,47.85202026,1057.689215,2415.176755,3330.821847,-82.44983214
28-01-2035,234.7227611,688.5399231,-272.5675726,1073.543378,3,1211.134642,1520.424765,-434.7268354,793.7293868,10316.67173,10735.84731,2155.703772
29-01-2035,683.5623137,179.3090634,956.7116953,12340.45028,2,1140.01427,-826.610081,-702.5211081,2572.766987,1694.575994,7153.495702,2434.255983
30-01-2035,356.4083542,834.5828604,-287.7414386,0.8,3,1146.845181,1477.874548,-153.0297147,948.7803376,2485.294355,3063.85302,217.2350147
31-01-2035,436.5709102,0,817.9553093,1187.800222,1,-101.0241254,-3432.272838,364.4928515,410.8842673,4477.430227,1141.548397,104.7982279
01-02-2035,0,317.0941291,-32.81176675,1016.879055,6,512.1185876,807.4126872,-156.941915,981.6768671,3463.117929,7179.297526,175.7088558
02-02-2035,174.9979283,0,-28.90423978,3144.532628,1,-518.3796014,1126.915643,451.3994589,1900.722623,8180.346945,5714.508545,-77.09916907
03-02-2035,2192.414359,0,2168.461827,36318.21937,3,713.9870182,-1080.652621,1043.212547,666.6952781,10868.21584,2509.499133,-3719.951577
04-02-2035,1917.465131,1422.200689,1696.403148,1437.357658,4,-677.4700091,-934.7999671,121.6317749,1425.4737,11420.65676,7989.328112,-186.9896477
05-02-2035,574.144395,1172.94737,-441.4535178,507.9654719,3,1905.182294,-148.9242363,-140.0559496,2288.14509,7181.733454,8914.751368,1177.561257
06-02-2035,1707.705416,1083.715369,746.0014228,7594.109968,2,-5.60713916,1875.947541,-4576.252997,11741.32474,7634.493825,38622.55963,-650.0719397
07-02-2035,473.7565526,936.5578368,492.6684313,5108.025317,6,-653.8923774,5141.091434,-218.2683061,150.9908543,7458.972569,8170.997754,-765.655084
08-02-2035,547.0069018,0,815.4961579,0.8,2,467.060447,625.4172098,138.9452016,1099.940533,34203.49963,36756.51376,-870.1704944
09-02-2035,740.4204811,0,884.452939,2436.658125,1,1578.409219,-402.8827936,189.0011962,1412.879974,5879.98317,5559.42895,-802.5644364
10-02-2035,49.14926412,1203.078787,575.2601049,22589.71381,8,475.7904964,-470.5177683,-346.4888039,196.9111768,1218.769833,745,660.5866448
11-02-2035,875.2027169,1737.901209,-1600.851774,6579.56033,3,1817.829934,-98.98126439,723.6756941,975.6379599,4671.825026,7729.419102,-644.0404278
12-02-2035,433.1915356,525.5432492,916.8887335,0.8,3,-12368.14603,-4709.247101,-1658.741406,5127.987031,3266.730003,16819.94022,4746.431821
13-02-2035,1714.835319,2967.928708,-1348.156216,5335.83129,3,2419.155565,1510.864521,502.2199492,1620.065961,8289.284777,2854.424179,398.3111896
14-02-2035,361.5114886,1022.530834,592.2148046,832.7230082,5,55.3361004,-11989.9919,81.94091489,150.9908543,3360.209672,3150.173546,2189.626516
15-02-2035,630.2599669,458.9206401,689.3669302,5473.440562,3,-177.6556108,419.15726,422.9466959,633.2928693,10094.18498,3644.457634,1446.438021
16-02-2035,5699.236027,294.9217828,6215.677689,6046.490246,5,-2591.929206,1349.67898,392.6115141,2813.949298,8207.576186,4570.214506,779.5275122
17-02-2035,3792.05394,0,3775.222461,3438.4204,5,-514.7881002,3307.350608,16.42294552,1477.345803,2188.744942,3832.039073,-580.6053365
18-02-2035,1756.390501,661.7856272,1668.16349,15847.81614,3,1311.693338,-1431.526695,-220.9638302,2460.854342,6619.545581,4889.025953,502.9327609
19-02-2035,1425.795253,253.3434568,1782.716126,2536.653445,2,657.1232007,1566.48833,284.2691496,1867.365883,5097.920262,2644.340728,375.5620285
20-02-2035,1874.906002,213.9006485,2082.272532,14463.12827,3,1101.383405,-1816.279467,-249.0984462,2581.30684,4319.135552,9153.739595,-684.2064203
21-02-2035,0,0,86.82712457,22442.38161,7,-368.6267323,-874.7797672,-157.7303434,150.9908543,300,1073.849306,-569.39387
22-02-2035,0,280.463769,313.63087,1112.019106,3,101.5976362,1562.715302,-57.70966916,219.7835023,1229.625088,2819.383146,-37.06666515
23-02-2035,50.07765041,721.4514935,654.0928278,22145.58358,8,-1251.219892,-395.4926009,-300.7728537,293.9776665,1380.709156,1576.008082,-394.151087
24-02-2035,714.1026615,4051.253087,-4189.445559,213.3962195,4,81.54834988,218.9938945,-906.2816624,2574.349711,8329.113304,14580.09323,542.2479747
25-02-2035,2182.93241,54.67105086,1996.516402,33348.6981,1,1165.710962,18412.73512,1209.553351,22770.34111,48101.98269,45293.11796,485.7282296
26-02-2035,176.7070806,2310.166305,-1998.668921,589.7482652,2,-875.491511,84.75135924,-355.4956762,6311.923425,12965.5461,16721.95233,1493.538067
27-02-2035,1654.149823,1074.79356,-646.1493173,5654.228467,3,863.3193343,-4025.197678,-3925.256673,11654.97588,9611.375136,36150.25639,-5822.039476
28-02-2035,132.5674656,1249.945537,-739.6161324,0.8,5,-317.031378,-340.2747053,49.78412162,553.1885312,9009.709325,8812.905918,-482.3971046
01-03-2035,330.5718705,147.2041948,398.3946081,1373.236062,2,1221.726005,264.8127288,35.87459688,1491.012135,37302.70268,34989.72707,-314.1474608
02-03-2035,2026.780594,314.9904868,2356.025729,4536.416632,2,159.5143862,885.8980317,459.0501011,486.7506256,9975.019857,3693.80635,-2068.734611
03-03-2035,1709.624472,2549.063216,797.9883072,73.88809026,10,-334.876692,-2699.774715,-0.383605804,1103.198994,6955.250523,5316.948958,1280.684452
04-03-2035,0,415.1895061,-759.4931813,2127.392887,2,163.3889917,-4087.42825,1023.329404,2044.335503,11143.69612,5291.532933,692.6616656
05-03-2035,836.062498,295.691524,1440.697871,2370.75606,7,-7008.649575,796.9144293,65.88785941,3276.128925,9524.54062,10145.41279,1196.060249
06-03-2035,497.8737856,254.5484861,-84.10105093,7673.900668,3,-585.6483876,348.6008238,631.7419718,2809.770491,10047.14029,3484.780422,93.16913936
07-03-2035,0,5051.145515,-4150.894464,17358.66925,1,-319.4549614,-831.6605453,-892.1261012,1392.941728,300,7438.177612,-990.3165666
08-03-2035,415.9272041,136.6032982,510.6777599,613.0733646,3,-430.0959368,156.2742861,-823.0799706,3288.777549,9030.148306,14504.92298,1830.339047
09-03-2035,1696.830626,2655.053124,462.8220657,1102.883928,5,586.3004699,132.8381034,198.8728437,526.3313531,10227.81016,9115.300185,1021.781798
10-03-2035,109.3140713,10832.95775,-9963.310479,3004.862524,4,10584.17235,875.0153386,66.13191139,6051.743283,13674.79057,12593.20528,-1714.313142
11-03-2035,0,0,841.6377717,2655.123027,3,1636.53862,-218.9383371,1.117692937,1041.196429,1926.842849,776.0716903,10006.7589
12-03-2035,991.9681746,4811.315084,-4078.911815,33265.41359,3,2403.611801,344.6159521,821.236648,1741.287824,9053.852721,7060.566549,629.0243265
13-03-2035,1605.764012,433.2978729,1060.867461,2834.553988,2,295.37477,942.5312769,270.8897043,1762.664947,3123.492598,4560.339652,-251.7617209
14-03-2035,305.7416466,1155.194995,-942.8578441,4564.063424,3,3286.00176,-99.17556612,307.4257012,206.3487572,6068.619362,3713.295949,3280.624056
15-03-2035,0,1535.940123,-1150.5603,7652.025244,3,2476.47599,-851.1286587,803.8399042,1649.31194,9925.132666,9667.087826,18498.3091
16-03-2035,0,4480.634584,-5200.279442,1139.701263,2,3407.260663,813.6042509,-1760.229659,5193.782928,9065.457945,17402.38745,5376.501166
17-03-2035,1849.120379,0,-71.96444556,16.62232708,1,-3509.577599,1794.440462,-119.434656,1424.416001,4290.328907,7214.572712,1090.592206
18-03-2035,4295.52751,4790.632836,-761.4941439,0.8,5,-145.7837198,-162.901916,-113.8473096,1275.607258,40732.06352,40916.54127,-574.0533873
19-03-2035,411.6293001,0,-410.1255313,22841.78626,1,17.72248778,-104.4080395,3376.820805,7906.145036,39736.91096,19727.34563,-434.5411457
20-03-2035,298.4082745,0,-70.08173627,2633.058644,4,780.1581372,59.61656824,250.3369169,295.1639864,6945.154123,7039.456908,-92.55279143
21-03-2035,0,288.3777826,-127.5279644,1916.773059,1,1698.769971,-219.145724,-326.2473561,1097.373696,3404.800816,3386.747947,-1335.094878
22-03-2035,0,450.7222825,-719.0108441,3112.550774,2,-461.4199901,896.4072398,-64.19656289,150.9908543,1483.956356,4855.209804,-1113.192605
23-03-2035,6673.725732,4887.495357,1396.28824,2532.753132,6,2135.999696,-4472.307844,-24.71789832,2842.642833,9222.51428,12978.39897,-50.14134442
24-03-2035,3150.057529,35.89165781,1654.124905,1253.934677,2,-3206.831459,2327.420028,41.20854012,5694.593254,14755.11453,13244.97856,170.985715
25-03-2035,366.4325442,0,295.5099513,2599.26755,2,-1037.242802,-625.4996246,365.9205146,361.7240149,7725.858309,745,637.5708545
26-03-2035,182.8556162,412.0754037,354.8158155,1764.366749,4,331.3538946,526.0737363,-275.1299236,2097.688046,5234.26164,4014.865502,79.58357895
27-03-2035,2732.638712,14642.42945,-12549.7456,14391.43227,7,16841.89591,365.3015915,1650.099329,9686.882648,53072.54562,41977.64663,45720
28-03-2035,1185.930683,214.7797434,987.2979453,13489.47832,2,-180.8627147,-941.9721049,-490.7122616,1867.842659,4281.794,9915.660245,2109.312047
29-03-2035,1127.254006,511.7423364,-412.2260932,3895.235,4,480.5989135,1595.085586,-161.2752071,840.6876064,4245.45689,4568.984534,-253.1342839
30-03-2035,1495.189724,282.5310511,825.3673803,1800.881195,2,1194.723347,1138.922507,182.4211679,1883.635229,5028.1275,6478.949411,580.6709197
31-03-2035,61.86058438,143.5886057,-165.244793,1779.75338,3,-270.5759794,-157.0800176,-785.5824193,2377.346969,11964.71185,16192.59796,67.04231358
01-04-2035,0,0,25.33954191,0.8,2,127.5821136,438.2356239,-577.2971508,2308.109015,6570.538258,6450.42568,2874.07553
02-04-2035,114.3814005,1447.359883,-722.0600743,1963.470819,3,605.5904125,175.4061422,-532.9361309,2439.647375,10050.83637,11277.17826,-285.3114674
03-04-2035,2969.004551,1928.735624,2947.817449,9522.518481,3,1495.791328,2749.882805,467.2553007,1527.324848,7909.547516,6730.694119,-974.264859
04-04-2035,608.0670871,285.0740216,-374.6297609,3685.748272,4,-163.2072099,902.2504793,-163.4430467,252.2937217,300,1727.700632,2777.379642
05-04-2035,1881.349076,1773.190142,-749.1589695,2981.877162,7,-538.6752187,321.6220504,-123.8963194,879.5403983,4184.087147,5572.638485,-3050.345221
06-04-2035,0,10300.18699,-9356.221191,2629.907245,4,9387.615937,785.8660781,276.3571992,5899.56165,15218.05127,12390.08588,-2211.46496
07-04-2035,785.4407436,1941.6988,-1729.824202,0.8,2,-1254.320326,272.8198115,-11.33236114,903.8451602,8466.759354,12882.71593,1070.967841
08-04-2035,726.96763,4384.195828,-4403.81184,211.7032226,4,691.2680599,-328.9177336,-278.1310314,1963.101172,4671.559227,8251.800919,1205.275621
09-04-2035,777.2193095,238.3272472,-387.7506202,2053.435568,2,367.3489762,1757.814773,-280.9691827,1760.85911,5634.573158,11021.80538,1319.127357
10-04-2035,20471.91981,0,18733.43195,22837.11072,3,-483.179025,-2637.820931,3190.14324,7659.563699,26140.71132,745,385.2015021
11-04-2035,353.3198674,0,-128.8344916,8188.215092,3,-701.4309622,-544.6268024,441.0927184,2513.724112,7629.139649,4470.44775,-736.104187
12-04-2035,5221.059291,4865.958944,1015.65386,5325.381101,6,-580.2695489,144.7452352,658.0317712,2635.09949,16014.40049,14219.12735,-456.5831398
13-04-2035,571.209171,1785.308575,-1442.095593,2361.591729,3,-224.4806675,-187.2126176,194.9131607,1046.133947,7014.712361,10411.85456,-733.2519276
14-04-2035,23.71273228,2330.214149,-2285.544807,216.2080005,1,81.22081067,-713.2609594,-513.1393737,595.3413394,300,6325.751464,389.6373751
15-04-2035,941.8517281,1586.945233,-691.3251427,6503.738266,4,1591.776945,-3678.683964,-3927.155595,11208.06843,9709.405473,36556.75314,-5702.365138
16-04-2035,3468.915137,268.8434848,2312.585979,2562.847612,2,-2092.600498,2730.970584,41.20322599,6382.109359,13872.13059,13420.34747,-500.5889112
17-04-2035,2147.264923,176.6771245,1885.37397,4661.497025,2,1160.346408,215.1356895,115.5315517,504.2657226,3908.175558,2858.083335,-122.7811344
18-04-2035,1863.871678,3258.044669,-1247.677756,1265.912498,3,933.2160733,2001.390996,-204.6709728,812.708482,8957.76246,2384.985195,5826.280079
19-04-2035,3680.089879,226.6196805,2183.308014,13914.38077,3,670.6387366,-712.6233237,-161.1237892,2602.214108,6448.123957,6617.929755,-329.5281532
20-04-2035,935.097934,0,815.6917757,681.2776212,2,-4301.815118,551.653942,-148.4189044,1789.259541,5531.946928,5960.841632,-446.5502698
21-04-2035,240.6881219,0,1997.264039,2112.856512,2,-515.2912053,-3810.882954,-1196.292953,2971.001904,5164.123306,12733.72348,930.3285854
22-04-2035,515.7901138,971.5872425,-1230.808878,16116.5572,2,6.588312689,-336.166141,-1135.096649,2176.658815,300,8638.950152,-710.8928666
23-04-2035,646.0943299,0,823.7291084,6423.57771,4,1004.211834,84.19372963,362.5505544,704.2656961,5011.455646,2296.614775,-4050.027998
24-04-2035,0,406.0678994,439.9372051,6077.522793,2,2079.143935,-6085.550503,317.325014,1224.210963,3682.784679,745,1077.128968
25-04-2035,1211.233213,626.1584426,907.5400705,975.0084298,4,-84.59848062,-6661.144957,-13.10637993,2352.646799,7152.430268,7236.068338,-611.3000287
26-04-2035,2786.515873,554.7764952,2569.288245,4088.49544,5,591.9496526,1227.210779,426.9079002,1139.685389,13065.99107,5279.247223,-255.8608499
27-04-2035,5828.749291,5027.364609,15.61934403,5517.156087,6,-433.3185526,99.65303578,561.0919445,3453.765661,14510.20971,8741.442797,-1131.098251
28-04-2035,239.8357988,11696.96398,-12234.11952,179.7755834,4,-1195.386079,161.8866317,-2479.724325,4843.691038,7905.472119,21734.72675,620.414589
29-04-2035,1027.050414,162.5549444,1154.724327,36697.92448,4,305.518751,-28748.46677,886.4277134,714.4923786,8941.640588,2000.226193,1715.408736
30-04-2035,669.2037293,733.8893511,173.5680094,3741.349448,3,-5.11368341,342.0544454,209.2192342,852.6926227,699.2552129,2730.269841,36.8117381
01-05-2035,648.907246,181.0199955,472.4311746,1978.075432,3,-11004.02574,-4815.803984,-1640.251901,4580.169737,3663.545652,15078.51381,3324.58549
02-05-2035,1627.877326,0,1461.809429,2747.572346,2,-22.27525641,1220.655719,-73.1239522,917.1601869,5690.968816,7513.928037,637.9175068
03-05-2035,131.3934127,508.240407,169.124419,1978.022202,4,132.4694886,1515.898986,-144.0931393,1808.287861,2910.07704,5105.472308,628.4146529
04-05-2035,0,501.0580216,60.91924962,2280.811184,4,-1290.094015,292.6657261,-3.368803879,431.3674476,4781.441963,4430.217984,35.08399084
05-05-2035,0,453.248991,-818.732981,0.8,2,-433.5038874,-8938.602806,-458.0380739,1960.491174,300,5664.275638,-18.09318697
06-05-2035,208.5526454,261.9643734,174.9716791,1154.897551,4,-2196.328573,861.87433,92.84737524,1009.39069,5977.907216,6223.975342,-1119.240685
07-05-2035,757.7944624,245.9015475,-514.3776128,494.1162804,1,-5888.576029,1148.177626,-4998.142857,10846.50138,15105.1056,48169.39805,287.7998102
08-05-2035,4944.555654,5247.27325,2001.202541,2299.624567,8,516.4400834,998.5398577,-132.8695837,948.0276232,7912.255356,7625.737963,-426.032629
09-05-2035,1507.873155,676.1112034,1421.161108,7229.467146,5,420.6533167,-275.0430724,512.1021279,1045.394106,8125.633745,3507.561531,2001.414247
10-05-2035,0,901.2512393,-1018.547686,4039.121568,2,1665.365066,-5232.411912,915.0123397,751.6744435,6870.429577,745,1717.763038
11-05-2035,170.4880519,1282.117476,-363.8904367,677.9110163,4,65.78520415,1888.848407,34.7244845,6887.987194,13049.36597,13476.9729,-119.8161422
12-05-2035,5899.232979,6061.62177,882.391909,5479.394407,6,295.1788906,1216.245042,668.2663613,2764.66486,14841.64486,10119.2816,-733.8537609
13-05-2035,367.096937,1811.032764,-2107.644719,2398.005537,5,1470.209014,1389.861695,-247.1077725,1632.940395,4980.972889,4588.132355,-415.7044598
14-05-2035,506.8557299,505.5695542,-211.7219499,2217.384498,5,279.1935032,99.71941752,-348.9192261,1280.469255,2995.888711,4281.990606,-653.2900956
15-05-2035,2002.26958,470.9070212,1380.640051,30466.69905,3,-712.7925451,343.0934269,3612.240892,23317.29928,91450.32398,65398.54107,2332.354887
16-05-2035,2845.937437,1153.705153,663.2572922,7033.708431,3,916.9590013,2385.004791,486.7643087,644.4017001,7698.025796,6267.319199,-440.9059182
17-05-2035,1419.199806,45.55647155,36.89186685,16406.87698,1,-920.1984893,23.61294541,-869.7780113,1930.943758,2481.644702,5786.866976,124.8521855
18-05-2035,2858.362507,920.5180835,1808.399353,1547.685257,5,-663.1814582,-1170.267889,90.78891628,1150.427574,9781.737852,8448.274264,10226.03553
19-05-2035,0,0,-438.2298583,1992.979538,1,110.9643129,481.9085757,-297.8482444,712.2029235,8467.707929,9575.479318,-449.5912197
20-05-2035,1526.567239,1038.827494,2110.156873,1652.547981,4,59.73098769,-1295.071993,-65.00482572,984.6396773,7368.308943,7565.926287,-734.182231
21-05-2035,2.498097034,3915.98205,-4087.769881,88.00483985,2,4279.975568,474.8445115,-1702.346072,4948.314995,9324.179122,22127.80436,4901.283831
22-05-2035,334.958426,1966.833376,1458.628044,8036.701902,2,88.59595075,1619.073378,-4518.441635,11403.52311,5518.912151,38734.35179,-706.4930363
23-05-2035,0,515.0100984,213.2265284,1473.835213,5,314.7206665,303.0408812,-693.137729,700.9693802,4196.409367,7321.931165,-935.8517016
24-05-2035,914.7128783,4970.135858,-4867.177827,35246.60159,3,1016.342742,124.3601031,466.1403153,2299.404967,10616.8885,8298.165863,840.2277485
25-05-2035,3671.172918,0,2602.661898,4157.582845,3,611.1387097,-93.32349358,394.4766488,721.9183414,4101.555258,1599.178188,-1768.558912
26-05-2035,1573.896039,224.5696705,494.1510171,1419.662921,6,-676.7028352,2196.605876,-248.0010237,1102.071622,4367.096801,6301.812782,-1078.333428
27-05-2035,2479.334496,1142.68704,309.1669597,1160.001303,4,-1561.259987,-1209.005973,380.2582164,1515.26279,11747.65862,12264.15736,-1382.30008
28-05-2035,0,0,-300.3841658,3691.18646,1,104.2017348,-224.6059072,-50.452803,340.9260825,9911.010251,7516.457501,-873.7282066
29-05-2035,1381.40987,2548.448485,-1014.10584,7429.46626,3,887.111543,-4371.580598,-3876.525251,11974.97338,6476.00853,34190.25065,-5238.948112
30-05-2035,4608.970268,4282.716615,996.9164273,7542.768928,6,2574.095687,-317.6183158,909.3591074,1949.349657,12935.17394,6354.229879,-1145.70527
31-05-2035,91.91293639,614.6413822,-1276.86764,3693.553948,2,443.0675269,1520.904489,-178.815181,939.3411673,300,4882.484457,-2740.205062
01-06-2035,0,82.03814717,-655.1275187,2024.924769,2,-236.9174378,-9.566275865,-287.9650868,764.5674291,4551.489045,4916.876726,-2738.770528
02-06-2035,1273.258492,848.6181055,411.7905194,848.4673899,7,-3841.522593,-460.5191761,-327.1640063,666.7782412,4545.17119,8032.131533,294.0371351
03-06-2035,892.1966681,0,-248.4070009,2901.155435,1,600.8300455,-2541.464101,550.016353,1264.157461,3886.922779,2438.92237,136.6084833
04-06-2035,0,0,184.7679815,1206.333704,3,642.8129546,-29781,-628.6628687,2622.637345,12940.80796,15934.8264,1022.459716
05-06-2035,301.0059224,0,1015.595001,8023.672634,3,5321.506617,-56.01208296,668.753041,1897.656537,9608.964265,5165.179061,95.27729248
06-06-2035,1212.298537,937.9022509,1213.428572,3214.151178,2,-1549.287939,638.0986349,-21.67659486,1274.702624,6160.259499,7214.336832,928.5780559
07-06-2035,192.5962101,267.9902416,-104.5195853,11508.02096,5,-4795.996005,-864.2078298,-630.473162,1936.087153,2017.072414,6899.878878,1024.102029
08-06-2035,1877.506981,0,-686.6380388,514.3417027,7,25.82139302,221.9187155,-60.8070791,1291.407163,2453.074293,4843.301145,1304.640386
09-06-2035,353.9702799,765.4368138,8.698340485,7983.115186,3,2528.544087,-11.73071111,519.8733269,1418.023161,7670.087521,6422.670737,829.5116204
10-06-2035,1848.18807,758.7430416,1138.227797,2230.610045,4,-2109.916814,127.2107176,67.08728226,791.0189427,11879.63649,11362.59768,-466.90623
11-06-2035,172.4109778,0,1255.970165,12779.53822,2,708.6745411,-492.8777224,-641.7317474,2239.421371,3202.28231,8351.611857,2672.152757
12-06-2035,1623.505675,0,2018.850682,4415.050668,5,1407.161023,1328.095343,-129.1055529,2507.43596,6634.091178,7842.658662,-3269.377003
13-06-2035,436.049751,846.1793475,1004.733134,6804.635729,4,148.1645594,-52.65869211,-553.3952919,2395.954889,5945.868437,11101.69205,-3879.344564
14-06-2035,1133.226384,807.4563398,440.1222512,6794.238304,2,-1155.720915,2078.722022,123.0380916,1454.786659,7336.59475,5000.33775,943.7859593
15-06-2035,11498.75926,0,9075.368744,12819.37564,3,1.291799444,-1302.995439,1871.789292,2834.845804,14480.28624,745,-9880.058306
16-06-2035,3553.919354,1160.022928,1505.074311,2870.08139,5,-281.5441558,1380.080116,-94.81018121,1722.682288,6308.005212,6381.021101,-707.3512882
17-06-2035,71.82611876,461.3333741,-1007.572117,14553.26796,2,-1815.034862,248.4447012,-1237.886298,1381.037838,300,7192.467767,-337.5292013
18-06-2035,0,1709.49868,-2770.249951,0.8,5,-10541.76693,-789.0650825,336.7448235,4856.914926,12620.99635,13871.89801,3023.26762
19-06-2035,1217.243842,3015.001305,-2396.328403,10369.38202,5,364.404711,1927.218661,-524.6494216,2580.446607,6019.615098,10107.60972,-12053.6187
20-06-2035,0,321.8595482,80.24070054,5045.196907,1,-336.8479256,-2015.807556,-986.1039417,5623.927981,10617.67954,21698.83818,470.7438999
21-06-2035,838.5556541,151.4451149,84.03952844,4759.977828,1,306.0169263,825.2995068,-185.5666133,463.8910217,7158.451655,9362.649473,-445.2940846
22-06-2035,1505.341047,1183.674439,2155.060067,7692.812768,5,781.3593453,186.8792843,435.957913,1411.991946,5710.915262,4139.71822,1005.598926
23-06-2035,0,1028.783319,-644.7285505,2100.508523,3,3140.243117,118.9112589,232.202551,1509.520909,5504.185679,3814.867192,3500.875242
24-06-2035,0,14.11575653,-94.78273154,947.8985054,2,-2611.889889,-628.6872856,-486.7505526,5910.5365,12092.85586,15899.15761,-811.6930357
25-06-2035,981.2079654,308.8766877,394.9490465,1432.632683,5,-572.557651,-11279.48291,-258.5599454,641.5273371,1173.795113,4510.136816,774.3052262
26-06-2035,1887.22567,0,915.8117085,123.3831539,4,326.4825803,-6539.0842,363.9858547,698.758173,5787.18172,5678.028684,1279.530372
27-06-2035,0,486.7245883,431.2213902,2496.662192,3,-220.3018908,171.3083059,-587.8660637,2292.643994,11249.68606,15535.65169,2817.207968
28-06-2035,20018.53884,164.911168,19813.66781,23934.83068,3,-318.0753248,-1997.936205,3479.945968,8135.151456,24188.71391,1919.088518,106.3713171
29-06-2035,4144.121383,172.6112181,3103.792826,3787.506206,5,-411.0884878,3627.343659,-172.2660875,1931.742908,2913.447144,3116.618963,-587.8604545
30-06-2035,0,90.55895194,199.2991747,3318.029518,1,-301.8125243,-858.9709503,-51.82549525,799.2863757,5355.587092,1466.370018,107.8780082
01-07-2035,643.7350017,331.207113,-939.721528,13940.02794,2,-144.5690781,-324.7273052,-843.0466916,1503.33399,1382.574661,7266.51378,-367.6577542
02-07-2035,357.7395324,0,622.4684697,33590.67561,3,320.5573405,44300.95628,-3319.696721,11024.12925,4955.926236,29493.82041,1849.37485
03-07-2035,816.2666685,11.23817391,789.0719425,4489.620442,1,1055.759231,-856.1921908,328.3262808,740.7476593,3357.954393,4013.516647,1274.153009
04-07-2035,0,1140.713595,-506.8433322,6793.578565,3,1216.392501,649.464337,399.1554139,1348.330692,3953.529422,5551.211502,395.2988291
05-07-2035,400.2324457,2647.728968,-2431.728668,3332.08769,5,2721.076406,98.94518846,166.8965407,844.1198009,5795.541064,7620.414936,-206.4996596
06-07-2035,2103.331948,1527.260032,-80.25307627,4453.080897,6,63.1839668,23.89766133,-124.6505164,851.6531222,9744.012833,9313.486003,-754.8333635
07-07-2035,4570.659714,128.4541145,3903.838786,5210.101837,4,821.5719717,56.7141258,-916.4978559,5251.851972,10260.35057,15220.20538,-4597.988624
08-07-2035,1210.036188,323.0530569,1492.530886,1341.944679,2,-2099.435547,686.396311,-594.702642,3512.110305,7037.447635,10362.4849,-1486.092776
09-07-2035,3467.371146,259.9984784,3100.664485,14162.51459,3,2282.304242,492.3497219,1623.673146,1000.884925,11617.03397,3157.736152,-3556.833024
10-07-2035,0,5268.479817,-5449.24991,1101.822567,7,418.1304011,5381.319112,-595.5141489,2894.342873,5993.667085,7582.941239,1498.729289
11-07-2035,38456.86347,19166.06094,19002.21747,24596.30816,9,-1121.390083,421.9823531,3448.673098,6486.429897,47394.83429,24574.61958,-11500.03785
12-07-2035,2002.043488,0,2143.12065,3499.183074,3,-801.470312,-413.9383378,343.7891144,1442.619032,5786.04493,4803.727078,-78.81967443
13-07-2035,232.7618574,0,314.6333374,6429.067403,3,5188.48539,-428.1696525,722.9808937,2451.726861,9809.090809,3075.351692,19.74164979
14-07-2035,486.121469,2028.578411,664.542615,4084.120236,6,-892.5413346,375.1704036,-219.4075605,475.0792202,6788.823023,9545.641644,113.4625435
15-07-2035,2229.941625,679.3349085,824.722675,317.7555739,2,-2228.563992,1958.508643,-718.3661411,3354.951312,6670.063103,9935.082431,-1968.720711
16-07-2035,676.396293,0,709.641608,3282.242395,4,555.9839693,-280.3651973,277.6488429,417.6563327,9857.823605,6121.19017,458.2775289
17-07-2035,45.63103571,680.3513864,66.61585147,1834.121881,6,214.2408153,1364.970955,-487.2682094,773.1225713,4606.980283,5516.160028,1483.467877
18-07-2035,0,403.410045,-1089.272449,3980.897281,5,527.8690249,4021.99751,77.99576785,2917.801422,7785.148683,11734.53937,-324.3286361
19-07-2035,0,245.9950643,202.0001723,255.1365171,3,-84.73745869,659.4419816,-21.63471277,1056.462928,8141.943193,7624.508498,-389.08979
20-07-2035,0,1168.819167,-479.7088841,0.8,3,427.5567975,1026.615059,-413.5340761,2093.282784,4988.048052,8346.358063,233.4416108
21-07-2035,3058.101168,412.14372,2780.843881,4228.772496,2,-336.6225705,891.1332774,544.5081103,411.3701196,8918.415518,3210.938303,-2087.802827
22-07-2035,1788.676444,899.1887193,1244.015375,1672.102223,3,607.9553727,-768.3774513,71.47098144,1881.029487,7716.339063,4512.163752,1885.436355
23-07-2035,1114.119388,772.6228808,-208.5906065,0.8,1,-7271.835295,376.189116,-4998.142857,9905.036143,15548.95249,49509.92245,835.664347
24-07-2035,1153.471316,116.1157172,590.1900196,2897.255257,1,1594.254874,-1413.487687,209.0473667,725.8141014,8286.181435,5744.627851,2172.187781
25-07-2035,923.5766466,1429.561839,-1670.197919,498.7134081,4,874.4458392,-775.2533312,-486.2347612,1391.628036,3100.67233,6851.120072,1867.685627
26-07-2035,1231.574156,594.2546962,-463.6258871,886.0002274,4,-145.9603851,136.7641993,132.634968,549.9114017,5614.073712,1243.778945,-351.7771761
27-07-2035,493.0287229,165.7895859,-456.5223805,2774.98901,4,2756.533406,921.7698422,305.2518883,925.8613428,11110.34265,4587.797546,1922.451272
28-07-2035,867.543776,745.2043655,1087.784165,4607.048375,1,1076.282639,-644.0103736,266.6316161,150.9908543,7623.823005,3037.956138,-8.759927761
29-07-2035,1138.195368,1194.010469,-678.9361726,1302.106316,4,-1349.730586,-1345.792209,-118.7867143,1142.235638,10737.95769,7842.603477,1226.932367
30-07-2035,931.3274419,131.6474124,-135.5296212,0.8,3,-1332.488404,1.902041224,-80.18258283,575.1753415,10685.56561,8684.33457,1034.002153
31-07-2035,0,756.2961244,-306.9963662,0.8,3,445.7669026,1396.245362,-207.8406835,1449.374135,4988.505438,6204.388246,-233.8551931
01-08-2035,0,1148.006074,-473.5457592,452.3031403,3,-1731.792203,803.3294317,-221.3660308,1335.56671,2228.476619,3179.522735,214.0448135
02-08-2035,1020.999472,671.0596472,-416.9109595,1767.763379,2,294.3023072,-823.6478258,117.4480493,496.9339921,4536.312027,4638.281477,1633.417157
03-08-2035,1187.500124,5175.524509,-4763.748701,5179.693233,5,-3167.49247,2550.543679,-420.7867087,2812.021062,11238.67752,12753.80027,743.578851
04-08-2035,1578.162447,126.6674487,1054.479317,1932.646536,2,-104.6953504,-337.4391237,172.6369002,1801.230354,7575.79219,5510.189257,965.1581566
05-08-2035,1720.774822,344.3044028,1704.774447,37121.11446,3,1375.134326,-812.223933,861.4221304,397.6270708,10301.91888,961.1590623,-4076.458035
06-08-2035,1032.455377,827.4117699,-1685.220768,5413.181779,2,-1029.1645,-4640.682847,754.517476,1688.276615,11441.30227,3271.81768,-510.0115579
07-08-2035,897.7905907,5305.428744,-3264.937904,34687.97575,3,1878.679299,-206.9695225,532.5072729,2201.612075,10331.97983,7136.550585,1052.813714
08-08-2035,734.4136435,746.6283464,917.7307901,5284.083322,1,-5274.545792,-425.2775375,-445.4899499,3082.021294,10660.92214,12965.92448,-5526.373661
09-08-2035,0,234.614977,-1504.893469,4084.42918,2,275.3356284,-273.6025832,-198.595423,150.9908543,4518.374498,2290.679789,-3111.268716
10-08-2035,1655.11064,3781.073398,-3184.152355,11536.64519,6,2452.339188,1660.951242,629.4312963,2068.730423,9526.973009,8439.905413,-5450.757187
11-08-2035,928.7120212,463.0805545,941.1560321,6728.958714,1,-4597.613602,65.99273364,-257.3831703,3283.872708,10170.78545,13228.07032,-6137.005118
12-08-2035,720.6369481,575.8185302,802.4572729,561.2734153,5,-407.6163023,-11855.58028,-137.4225083,784.2825272,4169.008662,4678.010931,1954.235799
13-08-2035,5120.45769,3058.079787,1253.430782,7904.84782,6,3949.987611,-238.3830739,979.8649309,1499.337719,15876.44552,7828.486957,-570.403709
14-08-2035,1089.712347,234.2117037,762.8608578,2188.457732,3,-645.0957306,-989.518667,-227.3315261,2404.233837,6132.060727,6757.285045,2277.421412
15-08-2035,0,279.4915143,-926.3493522,0.8,2,329.1538044,2633.495664,-1969.959335,3086.584318,2100.218697,16173.98714,1365.392183
16-08-2035,1692.698125,1071.786343,1409.45286,1002.400383,3,-104.0637295,-2003.803515,-76.15961981,2331.517943,8957.446294,5019.392442,1163.087778
17-08-2035,0,494.0345778,-452.491546,2236.777861,6,21.31697948,-1260.013275,-252.841305,334.4280469,3008.334024,4522.704203,-87.36499084
18-08-2035,0,174.3878167,-595.0561021,3673.79124,1,554.5009686,-290.0321616,-576.5484348,2879.574127,4961.742873,8992.394557,900.374653
19-08-2035,559.3763056,521.0416013,479.8191443,6435.950664,4,1114.210457,207.7440916,1021.998255,669.2023134,10312.81857,1684.953626,-6416.47929
20-08-2035,0,5997.369463,-6210.444114,1528.055429,7,857.6387813,5917.168162,-598.6815302,2466.732413,2650.82522,7881.999091,1871.46514
21-08-2035,470.3899335,671.4807438,548.2978274,3822.786836,2,147.6945194,365.1374715,-81.37102275,314.8452952,3116.993918,3910.591667,-2103.826789
22-08-2035,1554.066698,0,2404.244162,4307.313728,4,-459.8391476,209.7103478,-397.49896,1786.190279,7525.629802,11916.21736,-2875.630674
23-08-2035,3036.710031,0,2683.661764,4326.983965,2,-2473.407638,2276.029142,195.0524775,6444.141611,15073.0753,13878.94716,-181.0827857
24-08-2035,6070.765366,4563.363948,-106.7976379,1134.492301,6,-827.1115187,-661.7118161,-293.3106733,2749.379579,9263.838518,12549.99847,42.19596321
25-08-2035,0,187.742232,-322.2598545,4086.842087,2,-487.1849146,-5819.471666,495.796535,2106.126646,9931.112913,7043.196319,-422.9354928
26-08-2035,530.7790079,225.8942356,444.0589967,3661.781379,1,2272.241039,2708.066289,-172.7502147,2856.110774,10375.98486,11985.20183,-2359.920523
27-08-2035,1538.19451,0,1765.281266,5878.137604,4,-29762.92013,392.6621657,-3910.870704,12086.46754,10386.7033,38538.08238,-176.8593354
28-08-2035,20168.26428,0,19641.1283,24767.45414,3,-712.8319517,-3088.894593,3387.95757,7371.723135,24721.20843,745,465.2525515
29-08-2035,46660.41711,1142.278055,45720,56667.37237,4,-12634.00628,3567.055972,7735.714286,18467.46475,93585.0733,41044.05236,-27433.57436
30-08-2035,3258.024154,1499.159003,1741.649461,8866.826759,3,1535.907706,3317.592056,553.5548528,1429.890358,7358.241511,4606.06152,-951.7939239
31-08-2035,47.63540545,2326.579036,-2789.557345,0.8,1,336.0194867,171.4023413,-383.7552579,1284.628587,2262.043476,6929.252401,88.18978275
01-09-2035,893.4923908,2370.833696,-1385.298307,5226.843594,3,2094.425913,203.3056858,761.694815,1295.984095,9338.120737,3426.948182,-404.7552742
02-09-2035,1147.042856,0,946.0236532,3063.833884,1,897.5425082,-945.9804366,304.1581419,1332.221164,5600.181876,3555.032703,-1419.569106
03-09-2035,298.0578016,415.5188783,-176.0192505,23722.67346,8,-176.2535039,291.149965,-370.1505669,150.9908543,300,1719.927247,-113.5345485
04-09-2035,0,281.6526554,-111.3267428,660.6655087,1,230.4971519,-245.3509172,213.2277253,306.2052412,5059.266725,3149.407232,-551.4298074
05-09-2035,1009.300589,2963.866854,-1282.24663,0.8,10,-223.878151,-2617.13505,31.24447306,1034.531221,9041.583606,9072.365013,513.3867957
06-09-2035,854.8748669,195.3680508,945.7326553,1651.904884,5,1092.19931,1788.500984,-211.514742,1335.692241,3348.354191,5217.789788,-54.95648694
07-09-2035,1554.233945,869.1044591,1873.560134,35566.31716,4,83.24394733,-26631.30309,1005.553317,907.1539847,5736.874942,745,1566.955425
08-09-2035,27.10506187,2531.534254,-2778.388831,901.1581134,1,154.0078498,-162.6468606,-336.2624218,150.9908543,2259.445671,8587.236431,843.8325128
09-09-2035,765.3399205,186.1035482,686.8207826,1097.803056,3,-425.8059558,-734.860069,-237.7333316,2254.452439,5367.599463,6758.797184,2072.820845
10-09-2035,745.5669328,1411.795652,229.1394351,3201.107541,4,207.469939,329.854975,-243.9668026,150.9908543,7053.441503,7303.840787,-139.7770871
11-09-2035,0,547.5079176,-769.2041836,384.4855833,2,-27.21874833,-10710.32685,-345.9000739,2239.92459,3621.920262,5112.281505,-288.2567453
12-09-2035,0,662.5566027,360.5993406,2156.888977,2,2191.289797,1097.041455,-173.4443363,1212.124351,2852.848958,2433.67946,-353.8441529
13-09-2035,912.0592157,42.8227376,578.5263103,2397.607537,1,919.5478172,-1184.102963,43.42937042,919.8701557,9101.616553,5168.342209,1964.413365
14-09-2035,10330.4042,813.630863,10686.12714,13878.1344,3,428.0069257,-594.6792946,1737.094934,3305.495108,9484.244382,2692.153311,-10442.71453
15-09-2035,2123.311455,355.3755324,1742.739636,5202.399751,7,-809.8925189,-543.1319006,422.3225428,1370.298899,4333.090506,4082.908838,-3812.059063
16-09-2035,1451.713377,7477.26649,-6142.570381,747.5297412,5,-37.32958516,1029.10491,-139.2119516,3072.799957,8921.563661,8430.828363,988.6848174
17-09-2035,382.0249763,622.5875972,-956.238258,14154.42512,2,-427.1409069,-77.13699589,-1010.601072,2030.089563,2577.124285,4986.731016,21.97483326
18-09-2035,0,1630.201459,-1830.377226,353.0648169,3,2073.376149,281.2174122,-294.3001986,3131.670254,8072.096764,7500.358662,1213.958227
19-09-2035,0,1302.400876,-1096.995455,1586.05911,1,2820.787448,-660.4283459,245.0161498,1292.350126,6520.342603,6017.003625,924.5094574
20-09-2035,1434.4957,1062.545514,314.9707234,1607.682274,7,-1938.677783,-230.0274961,-606.4617227,657.9663887,3019.967628,7880.874899,363.3437842
21-09-2035,1249.855662,445.8853564,205.3124694,142.6638318,5,-27.88684035,-11900.47847,-470.5834987,791.8483646,3549.755895,5959.906244,1845.06201
22-09-2035,3138.651843,516.4723863,2041.91846,3697.132306,7,-649.3453553,-47.46485731,263.291371,1553.470125,5226.23736,5207.333518,-4543.180516
23-09-2035,950.2435963,0,300.2676266,326.4585117,4,488.8325082,320.9907662,30.25832361,206.5726843,1682.990223,1861.939629,3529.045834
24-09-2035,0,1145.503463,-1720.71861,22606.80384,2,-350.3429169,4030.379485,2746.791807,7523.264943,40540.0807,20031.90609,-360.8917788
25-09-2035,0,83.21883114,96.24948017,13484.59277,1,-1667.583909,1046.22889,-1114.684116,1173.586869,2542.113452,7246.811721,814.507145
26-09-2035,2060.826249,333.1586426,1442.575938,3979.191538,5,180.7256365,1709.990263,-144.1023504,2573.784476,7706.328669,7167.148962,-3692.00875
27-09-2035,0,11509.11882,-11496.76421,1551.791965,6,11409.92348,-1417.323476,362.341391,6609.061435,18619.43087,17265.57483,-48.73006058
28-09-2035,1053.428734,645.3161562,1384.991915,1850.765866,5,399.899754,1897.0403,-40.02684623,910.0239916,6908.442799,5320.274713,424.7499171
29-09-2035,1839.565704,0,2643.41497,711.2998192,2,-407.0328529,-3313.875545,-1184.961673,3472.285493,4598.683051,14790.46543,1698.451075
30-09-2035,1083.256751,1761.295496,-146.2958417,1986.035081,3,716.7868929,46.44092895,-967.4160773,2746.058903,5575.951235,11446.22988,436.5499819
01-10-2035,256.0019092,797.6756755,50.49724553,1781.963058,4,-2140.084382,-113.4286502,-240.4560143,150.9908543,1522.363227,6229.084648,792.4026824
02-10-2035,446.6737672,0,-375.1749546,437.3548852,2,-620.1433419,995.7649254,-552.8528372,2238.222698,2985.677225,7001.316213,1823.274727
03-10-2035,200.0489386,0,-156.2801695,3181.907801,1,1403.767379,-3402.510167,491.5481393,1289.261762,4858.81863,2122.848068,-137.8119835
04-10-2035,814.6704628,0,343.7374988,3381.469342,1,1398.861355,1053.352283,288.4680368,1293.733953,4354.051375,6505.30106,-1473.619715
05-10-2035,1908.348138,191.3089499,207.2714426,2870.099165,5,-953.4450991,221.9799418,185.4855248,1271.638077,8929.528043,7790.232854,12814.78108
06-10-2035,554.9300397,1203.817112,-743.168404,15289.88793,2,-480.4562328,-403.5212034,-921.4131702,2776.194444,477.5901798,8909.326214,677.4054343
07-10-2035,665.2409935,852.4668477,258.1247386,0.8,6,-3194.897505,377.6333562,-702.7796049,1965.989115,6746.230257,14890.11413,-554.7430934
08-10-2035,948.637943,889.3354373,-111.5883693,302.8484813,5,216.7083411,-11395.53704,-257.2479484,150.9908543,1900.197216,5624.589032,1739.650331
09-10-2035,0,0,422.7214372,1665.092293,4,-648.3339153,833.4856606,329.314787,742.9950885,1539.524803,745,-2308.886346
10-10-2035,736.0876807,125.3533521,225.7063241,2840.709999,4,773.4662051,229.1141205,226.8644953,847.0171483,9093.00676,3188.191172,-21.86253607
11-10-2035,0,460.3613572,59.40373838,3309.276193,4,365.1096395,1022.270894,184.6264648,248.1957216,4878.074908,5973.341963,396.9567718
12-10-2035,0,1999.403687,-799.7073409,0.8,1,2703.748791,-640.2686248,-165.7584613,890.8555276,9771.224973,7531.081149,562.3060719
13-10-2035,264.4368493,3693.401728,-4159.849267,1037.593444,4,1573.589424,-308.7021525,-715.7196212,3294.26558,6637.075836,13603.30028,-206.9896724
14-10-2035,0,0,462.5577632,3449.052321,1,2358.322595,258.9869088,140.6022004,959.625512,2700.61687,2367.993263,498.9908056
15-10-2035,0,527.697571,-230.1810989,3576.172685,3,5264.588359,573.6673732,-979.1264154,5689.662977,9222.120311,24053.27699,678.0129387
16-10-2035,318.6166714,0,355.1533461,0.8,2,-82.5454165,1172.985156,-134.5753098,683.5612646,300,3570.226712,202.7062694
17-10-2035,836.9878115,320.0600008,792.7693932,6169.011439,3,-266.0517782,-386.0502581,618.6039625,1548.684998,4758.069647,3925.526919,1720.936419
18-10-2035,520.3390606,635.4564229,39.05430482,796.3989663,6,118.7731544,1947.18514,-458.9188186,590.169812,3691.379396,6356.463973,290.0431436
19-10-2035,2405.055649,1851.110699,-448.687439,2010.91069,3,1564.550331,753.0198395,-158.6623084,1521.434404,40985.09421,40391.16208,-1357.442929
20-10-2035,808.9391929,3471.84448,-2818.797231,0.8,3,90.36838173,668.6802037,-241.5998873,1288.564463,1667.166132,4784.909529,5684.09253
21-10-2035,1715.698893,333.9480055,131.7522331,37132.89501,3,-3282.685909,691.2381033,499.8822406,1973.067698,10101.60114,7062.588492,747.8754354
22-10-2035,241.4124138,280.4867323,138.4207596,21190.10912,8,-33.30388771,431.8660985,-85.54523697,150.9908543,300,2819.707644,910.8432075
23-10-2035,522.81464,1541.547823,-149.3680198,2305.659935,7,12.53139328,-509.5665804,429.54124,6410.64058,18421.25112,22211.61371,-220.9289478
24-10-2035,686.5741343,11961.76287,-11655.03812,2482.021993,6,11311.45652,-1258.363062,263.5751214,6212.195856,19789.24575,17032.6863,403.9362875
25-10-2035,253.4662685,324.0642149,-448.6699428,1756.417158,4,-1001.439015,-652.9773754,-62.766396,6271.919865,14129.85554,12246.37801,126.1556263
26-10-2035,1414.236462,79.98406171,2068.986197,36203.56656,4,1468.197879,-27775.31963,860.1811166,2144.790014,10085.08617,745,864.1450729
27-10-2035,196.0679371,823.0538498,1099.490431,35074.71774,3,-4939.823138,1387.842691,419.587548,1772.985355,10493.60825,7747.665845,413.0478915
28-10-2035,1752.914074,378.4062796,1595.358169,1695.760377,7,-6822.035291,1079.255999,-62.14275152,3261.732201,10554.6494,10432.53828,949.8607926
29-10-2035,1083.224656,672.6944001,938.5182736,0.8,5,-840.6186422,-325.7504254,-198.4967821,305.4582751,411.2955044,2191.798454,382.7379668
30-10-2035,770.5300013,734.566122,-107.4955213,0.8,4,-1590.187865,-203.9495716,71.2204114,1357.185028,5303.942488,6618.745087,238.9534665
31-10-2035,4197.295624,281.2274463,4412.874637,4872.427653,4,71.00576821,472.9046881,-844.0013453,5165.181569,9309.828813,18214.04981,-4963.547503
01-11-2035,0,268.2114117,-253.6675591,102.3437027,5,746.764866,180.8729351,-64.2171391,2627.829592,6982.73795,8708.638757,1008.252464
02-11-2035,1090.906149,37.10874901,549.9629619,35152.34694,3,-512.7532189,44502.32621,-3358.335411,10855.85384,6947.647806,32103.9706,1511.458335
03-11-2035,6755.381847,903.599492,6064.144245,6439.411608,5,-1369.874318,722.3710682,469.9618846,2564.21493,7889.624368,6557.581632,1040.615338
04-11-2035,253.697942,0,227.4558147,2295.72798,3,1229.371361,-247.1525901,-734.7672053,2733.914577,10779.18532,17496.37474,-62.08259875
05-11-2035,1823.293698,938.0511951,126.5861995,6154.0798,2,284.2684135,2002.233404,-4601.265931,11385.44561,5468.487929,39185.55632,294.7381209
06-11-2035,638.832799,1605.025883,233.4449621,3307.950962,7,-10963.98273,-216.7694969,241.9805501,6787.006021,22578.60566,19392.23672,-354.2238274
07-11-2035,499.1641806,3877.33199,-3489.911911,1088.196873,4,2127.776633,-16.4479551,-1191.997747,2709.054751,5175.614386,12296.65957,-577.6056441
08-11-2035,4565.597586,2967.564533,2173.822667,781.1606513,5,-1240.698106,589.490887,63.71860395,627.2094978,8043.833598,5983.280048,-611.769499
09-11-2035,861.3626746,929.6206181,60.67289419,3227.701569,2,-64.99839631,-5576.944217,-54.81471792,1783.795261,2941.513707,4568.175669,757.3536921
10-11-2035,1370.089077,376.4225529,1390.191008,1059.038689,5,-96.12179099,-6.66082472,49.3011059,1399.952619,5838.066692,7201.193159,735.4516451
11-11-2035,2237.038544,0,1258.030117,1063.105572,2,888.9459529,801.562106,23.03944163,1762.916026,6707.677262,3461.677514,-408.2875966
12-11-2035,154.4843962,0,1089.763892,5697.009169,1,-6301.6689,-138.0330228,-210.9488741,2825.738705,9901.363623,12365.8114,-6289.237017
13-11-2035,1116.809838,816.712059,-242.5085343,0.8,1,52.77742616,1970.224626,-736.0558042,2016.614611,2861.008906,8167.893335,40.92403371
14-11-2035,1142.28719,3359.918248,-1041.503626,1149.38532,10,-226.2464657,-2355.743853,20.58983705,1832.70578,8043.115602,8291.799797,365.9590569
15-11-2035,876.2098511,432.564941,1032.297467,1770.488708,6,-959.7270838,1505.388741,-4.002841859,694.6615336,7036.287591,6460.960475,-244.5450905
16-11-2035,1107.520381,0,961.3944442,5122.697814,4,59.31163248,647.5302085,-359.4736296,2506.694945,5665.516405,11458.03269,-3829.507731
17-11-2035,10491.70973,561.3090691,11066.35228,13687.40017,3,915.9504654,-478.0382693,1818.318993,3720.915659,14432.40022,2045.620674,-11450.78919
18-11-2035,1802.849061,734.2763357,840.7429499,8734.798969,4,845.1916714,84.11476921,734.372353,1191.835627,9485.897597,3162.05238,-5966.095178
19-11-2035,940.8629319,0,1640.676489,16628.28061,1,-68.30382162,400.6365082,-710.3709271,1499.776858,1372.432548,8285.035394,-155.9436941
20-11-2035,881.0798387,5962.328103,-5002.721296,5597.466442,5,-3804.114249,1487.102723,-254.2884524,3612.007588,11140.08502,13237.376,1070.030612
21-11-2035,0,1025.555711,-848.5826366,0.8,7,-222.7964574,-803.9850653,-241.1497481,6666.430076,13088.16143,15278.76056,-48.46623843
22-11-2035,116.8957432,0,417.3207417,22220.5498,2,-349.4424143,20429.89652,-332.1260278,237.9878324,19084.62389,19997.34318,-597.1811274
23-11-2035,0,548.7476103,-43.81531128,3970.57135,3,3316.765077,-109.3995045,11.93803401,1725.873783,3612.755746,1819.524956,20611.41292
24-11-2035,42.33214333,1025.480882,398.7211592,0.8,2,-488.8491883,11222.49721,-1999.289634,4242.888963,3789.189259,13093.80942,84.81693383
25-11-2035,56.16462,0,-20.60211272,1319.557269,2,-870.4652879,-1050.822856,-107.4517629,2140.876711,7806.698312,4117.830832,-632.0136507
26-11-2035,3397.420109,524.2253531,3148.14524,3913.741883,5,-164.4099954,3376.113536,96.49881643,2668.970067,6383.349641,3944.322917,-278.9308315
27-11-2035,145.4803272,353.2144196,-944.2956569,3980.187751,4,113.091806,317.1535367,-235.31828,345.8658909,8252.53004,8079.239602,636.343158
28-11-2035,1529.968983,8051.13961,-7016.425255,0.8,5,109.018756,2086.45866,-140.9913356,3116.052005,8866.76028,9466.576682,1580.605979
29-11-2035,0,164.7515272,152.4271007,17286.31127,4,-5299.247927,-403.3374788,-820.9750883,1759.003994,2610.527983,3482.604194,-407.0864377
30-11-2035,1059.1289,882.1549861,991.7809852,6537.879619,2,-100.3223276,1704.588636,-4502.063574,10614.46686,9003.791777,40289.98271,-845.392863
01-12-2035,1609.219048,0,1266.950844,183.268833,3,-542.8450785,-903.9078747,234.1955891,1664.038334,5617.760288,4680.246335,970.4751501
02-12-2035,0,192.4457096,-14.27352519,997.6935783,1,-709.2340908,263.2071433,-179.3500385,267.3443803,300,2452.003303,-12.66765986
03-12-2035,273.0502245,849.4859236,-739.1881052,5072.161001,5,160.5939083,354.2766183,-234.1068868,150.9908543,6437.224622,6865.415536,-231.0632065
04-12-2035,0,0,760.6058966,13465.56913,2,1884.983153,-254.9835559,-57.02090249,3282.075365,4482.422582,3603.863641,-2178.50674
05-12-2035,0,0,1057.479002,489.6747028,1,-5381.051883,454.2116629,-4946.502997,10885.27882,14879.26421,48627.09919,315.7905358
06-12-2035,1289.044332,608.480081,1712.881133,7708.951573,4,-29719.1807,309.2214928,-4138.581727,11152.7843,10065.47772,39052.08406,245.978543
07-12-2035,0,133.4288868,566.9554146,7061.090657,3,-197.4366527,274.7661389,608.8163317,2745.962521,9003.408745,1068.932331,-124.6277109
08-12-2035,0,211.6219847,517.5160848,3995.932655,3,3719.050245,73.20139702,47.43696929,1887.930254,4561.591556,3353.350303,20616.39876
09-12-2035,0,1784.75942,-668.3773085,2367.423685,3,534.9487663,-2263.697511,1.463890635,1091.56194,6609.115071,5988.154499,272.4344603
10-12-2035,4460.976511,2733.298286,528.675691,7342.157599,4,-692.7588522,-2542.369044,878.1023387,2530.349664,10845.66741,4107.719655,-5018.651353
11-12-2035,0,3819.365414,-4991.165061,17563.20693,1,-501.4921627,-1162.264834,-894.476317,1719.282847,300,5308.667221,-639.3238203
12-12-2035,1340.308681,142.2326645,753.7281937,33407.031,3,1717.963656,-12746.52055,3286.923346,22038.15676,52531.68921,30686.04121,11.63184258
13-12-2035,920.137854,3783.592839,-2497.58644,961.1623556,3,-1244.878439,-1396.746607,-428.8752768,420.9671003,4546.40108,5360.263508,-516.0528294
14-12-2035,1850.202775,0,912.494237,2116.663981,5,-603.4965465,412.3439262,204.1774612,992.0817691,7508.507942,6268.289364,11411.72702
15-12-2035,338.9603243,517.3810986,-450.4728514,1720.448003,3,-335.4026066,1748.849987,-193.8256305,952.926777,300,3549.673494,-24.86485725
16-12-2035,589.6890421,265.5744033,216.1170118,0.8,1,-1621.360931,928.19152,-326.1686981,6334.130606,13972.99696,17231.53267,597.1189148
17-12-2035,669.5344658,511.0752028,1169.274348,626.8712817,6,-1607.737657,-2344.6693,-68.24870883,1029.825011,36196.53733,36814.81958,155.4498767
18-12-2035,825.5111744,1278.966661,-1229.63305,89.82196769,4,-352.0225112,-350.8326185,-267.7698321,892.8402345,5444.975208,6936.122632,813.205127
19-12-2035,0,957.4329345,-462.9902177,21605.89004,2,-419.128947,-1049.926927,2918.110572,7785.105002,41893.86972,21468.5596,-22.41721624
20-12-2035,0,6071.586684,-6364.268099,0.8,6,866.9498398,7.060171077,-1190.369888,3063.73057,7362.298868,18223.98945,521.9379922
21-12-2035,68.63334188,430.7742427,-123.2982024,169.3826893,6,750.1121831,-1139.536591,221.3879686,150.9908543,6715.318404,11317.68282,-1062.744505
22-12-2035,107.4046086,5352.597136,-5302.248633,168.097542,4,-71.54238705,222.6861573,-402.2989589,2352.381411,6753.188429,6601.384828,999.6769792
23-12-2035,586.8906573,0,104.9374488,3091.585076,6,-619.7590033,-521.0372824,-259.0354222,805.8879168,2553.962061,5696.896151,-352.7373634
24-12-2035,1953.730712,2258.183414,-2564.105808,14195.81699,5,-471.8313305,1475.441652,-859.5802505,2637.249228,5565.364048,9730.226441,-12348.023
25-12-2035,1450.377857,0,1453.659607,4790.750076,2,-600.2529994,1261.271204,503.7914199,462.0857754,8635.497253,3813.42861,-1729.270095
26-12-2035,80.6290569,250.1402078,52.23568212,1804.587429,2,424.5824114,1063.656215,54.7786519,659.0919634,2921.410375,1484.297478,-214.8332241
27-12-2035,868.2550276,611.8742149,1385.152501,2047.592331,5,-1058.982181,1171.626503,106.7298522,1137.709912,9193.49321,8515.725973,11578.7878
28-12-2035,2061.936802,276.3285196,1839.731321,3552.048767,2,-613.3922123,-2513.135948,-1013.068335,2889.133523,5716.890749,12572.36639,1342.976326
29-12-2035,0,76.41630559,-815.1565728,0.8,6,-1578.697757,-656.9748952,169.0753789,1133.253651,10236.9041,9225.018447,237.175427
30-12-2035,838.9039934,139.8786705,635.8145245,5585.331566,4,222.0424717,495.8383981,-423.8834043,2273.08142,9068.225802,9553.718833,-3684.1884
31-12-2035,4948.437214,4934.548783,613.9287383,1766.821101,6,197.6033716,-63.72187005,-75.51980483,1527.409375,10443.57456,12877.14858,343.2491043
01-01-2036,981.5895272,719.4181102,-678.1237023,1132.579534,3,2418.238186,3043.978249,-271.6495536,2074.899478,6686.665246,9831.952621,311.4804595
02-01-2036,489.9478223,1052.374418,-506.7946132,9839.658431,3,1526.580943,281.0257032,586.4035628,1326.643307,9392.350753,6419.442653,521.8150896
03-01-2036,38010.82434,19115.22,18806.72674,22669.52728,9,-60.99149495,-45.72976177,3489.084577,7073.049698,53965.24805,23993.94494,-11983.14586
04-01-2036,1311.215685,2650.774004,1371.659357,4002.538855,4,377.6758987,-1053.810034,147.1161841,1492.083716,4831.114187,2346.611203,1561.26208
05-01-2036,1027.805527,0,-490.8403205,109.8597308,2,-1179.289692,97.06057909,-205.4428877,150.9908543,890.0474263,2281.017789,315.2513427
06-01-2036,2058.080156,844.489764,2137.851588,2761.950621,5,265.8735008,1544.747735,218.894497,3219.663661,5567.230924,8678.58873,-3161.220059
07-01-2036,0,350.0213677,-809.3996401,193.0012256,2,712.8142146,3188.012492,-1884.985591,1834.251682,3507.679401,17318.76441,3000.292882
08-01-2036,288.9910545,0,-324.5267375,25534.99952,1,-574.020459,-208.4393194,3274.196549,7810.872563,42628.37951,22285.90501,-359.541486
09-01-2036,0,365.999559,-463.4485054,23822.639,2,-980.1169451,-185.5969569,2771.699626,7326.98394,41569.32641,23962.93226,-766.1489819
10-01-2036,1886.53885,551.054055,1090.963262,32200.30636,3,1197.751924,-12561.00812,3149.4388,21377.35646,53063.46559,31112.05039,1049.073233
11-01-2036,56.42609485,1275.815366,-415.603858,1709.291923,5,312.3644028,-637.6142451,141.2481573,860.9467536,6977.475699,6736.80462,1376.390748
12-01-2036,366.2143545,1038.740916,-444.849153,2801.892091,2,951.4414683,1134.404837,76.28316401,637.8380656,1095.866565,3443.502052,831.1057644
13-01-2036,603.2586564,740.4310921,531.5288336,2571.138662,1,-76.56150828,-3318.575949,494.4052688,409.6395947,5720.063379,745,1149.557808
14-01-2036,1450.452981,65.95566881,1723.303484,13961.01352,3,1261.363663,-1116.71066,-203.217932,2908.453235,4292.730844,5534.493721,4.749443522
15-01-2036,0,3930.421266,-3317.592303,0.8,1,2669.97317,-5246.463485,-329.4403955,1595.685775,4479.385576,5435.948583,-161.3523348
16-01-2036,512.4375031,606.8318815,-139.4393078,1875.038541,4,914.168782,1744.688571,-128.5798872,880.6161904,300,4504.567979,291.0646124
17-01-2036,934.6404504,0,576.1950227,849.6183905,3,-315.5826996,787.0921997,-573.06593,2530.213739,9783.570319,14878.48075,2810.305613
18-01-2036,3185.647055,4213.759396,-1071.788224,0.8,5,279.7277113,1419.147401,-92.87697057,1197.688553,40344.39176,41964.24188,-373.0954388
19-01-2036,1283.204894,97.94390814,831.3540961,8194.743708,3,-355.3981752,-2267.686979,334.2796819,1672.36679,7653.091009,4058.240325,2781.282763
20-01-2036,2115.338136,260.9317913,776.6504825,3783.531539,7,-845.5452771,915.130149,524.8178296,1556.344409,6387.698104,3245.536947,-4822.515703
21-01-2036,0,618.0710963,-584.5941994,0.8,6,-913.9696682,345.4258364,-184.3445635,150.9908543,12227.70963,8673.456311,-79.33218026
22-01-2036,74.51282733,0,-398.9126094,3878.996991,2,-878.890533,-4805.387472,483.131607,1771.123863,12680.7165,7305.395471,1120.691136
23-01-2036,2188.430193,1485.237011,1805.257012,9687.513973,3,1828.163868,3331.095155,408.9273641,991.8813229,7898.571769,2173.138348,-41.4184506
24-01-2036,5319.877505,243.8921426,4401.186591,3989.151257,4,369.7508083,487.1799467,-1102.769911,4840.084657,9790.513117,17578.51127,-4813.246003
25-01-2036,603.9909304,0,839.7054522,3199.072664,2,768.3500296,761.2328383,157.777831,1532.122397,6054.747707,4758.953301,615.0799618
26-01-2036,0,857.4771239,-164.4004388,14994.7369,2,-524.2399453,-664.7324472,-884.2432366,1547.027038,300,5447.839382,-156.0390291
27-01-2036,0,543.9635504,-453.4370771,1101.762279,3,760.3314555,885.2666374,-344.5675509,2147.151798,9009.921297,6890.443401,-63.85948664
28-01-2036,4194.953704,0,3235.068938,4215.42812,5,-267.1394931,3017.019994,135.8531612,1164.362262,4573.497354,4089.874789,-901.4342264
29-01-2036,0,1151.558004,-652.8463545,1227.310996,3,1261.863695,-569.4822618,131.571018,1471.647305,7711.5952,7242.211628,29.05887703
30-01-2036,4706.770444,3443.179495,1166.362586,7261.190729,4,-15.60153983,-2807.796107,1005.498325,2580.951227,12729.63413,6234.750436,-5983.972824
31-01-2036,1024.597611,3019.731805,-2363.980097,0.8,3,908.4024717,529.8943419,-261.6206071,1195.080418,5214.654072,4197.671836,5999.632939
01-02-2036,1803.863624,0,1517.288961,16951.77491,1,-10.24067478,-533.1525308,-506.4425579,2260.342854,1561.238683,5028.334838,-227.6144758
02-02-2036,0,9.605724386,231.7720197,2251.186142,1,-717.4702099,-85.34282627,8.076434124,883.8605118,2641.988141,1763.744034,-1061.772678
03-02-2036,335.8845575,1146.977462,-2542.307526,2150.873436,5,1326.351822,-431.7517283,-113.3354191,887.0559662,7392.288706,7259.277046,-21.89514761
04-02-2036,164.9885366,240.435658,-570.72231,2193.074443,4,-209.567344,316.1051414,-189.4852332,537.7934192,333.9678208,3529.44877,1195.408658
05-02-2036,2836.502574,31487.214,-29781,6035.659978,9,1705.469018,-212.0125109,-3964.911082,11373.70416,8936.354285,38175.79225,500.9988401
06-02-2036,0,324.9689671,-1042.532777,24642.2829,2,-355.4478089,34.29987561,2792.329523,7472.337769,40272.38548,22835.77588,-722.9845539
07-02-2036,0,0,444.405165,542.6025145,2,-2794.70577,-857.2937499,-400.5565748,1141.195252,6047.059995,4964.169296,40.74057227
08-02-2036,0,0,-850.8761772,877.1489627,1,-1223.792459,1615.077292,-798.8930548,2302.224537,7755.014841,7167.20382,-788.4142653
09-02-2036,0,302.0575082,367.4851458,3650.801327,3,738.8535548,1023.087704,251.0461137,824.2044703,3225.721615,2439.015381,9445.436234
10-02-2036,475.7759398,691.2718691,-176.5160325,7193.874097,3,2119.953066,-333.8375292,490.7976144,2277.2223,7398.366157,986.7722,84.82607598
11-02-2036,1887.632869,0,1565.222554,2607.734963,3,-691.5698036,-1031.200482,573.4330405,1716.386817,6872.437085,1980.861446,-112.658017
12-02-2036,895.9263276,677.1241785,-816.5098281,3824.769271,4,1968.174994,373.7609217,533.867752,926.0440492,6252.878351,4235.881663,906.4848647
13-02-2036,0,1144.499827,-776.8178359,1424.832481,4,1592.126103,-1165.770033,-419.4630841,780.0894131,1720.006082,5917.215255,1720.306997
14-02-2036,580.937755,0,-19.04973585,1742.844951,1,-840.076724,188.8322916,-262.8498222,1300.133327,354.0313692,843.0109274,-75.91061796
15-02-2036,5660.84765,2216.902636,2422.932941,625.1953644,5,-1214.085941,13.45332699,200.0814481,815.1592086,8621.543064,7885.238614,-1057.445946
16-02-2036,286.9739098,1376.984265,-1419.733412,1311.392718,3,625.3238463,3923.243268,-487.7081408,2351.004458,8184.225995,9816.353643,883.2444546
17-02-2036,1670.629281,791.0808225,-397.2761316,5583.18679,3,1165.664402,1205.495492,-4359.505555,11565.87938,8585.90456,37381.00749,426.5377774
18-02-2036,1054.082306,2742.713608,-1673.765729,12672.29862,5,-302.4411312,1758.488248,-536.6542417,1523.068063,3066.069605,8217.60999,-12333.5462
19-02-2036,3174.271923,3376.803096,586.4125709,7891.893459,4,19.08053324,-2779.451702,1175.37614,1390.716442,10117.07807,4995.603171,-5572.277846
20-02-2036,1872.281129,428.6037145,2384.850266,4079.311428,2,-139.5010675,-154.9134043,150.6212229,1149.069022,7333.982192,3478.531478,368.9767656
21-02-2036,1204.806179,678.6485126,946.3175035,7348.752719,1,-5669.27595,-1050.053338,-292.3836461,2318.320156,8524.861417,12423.48525,-6166.915849
22-02-2036,0,531.5059097,-316.3338901,1993.506416,2,-1194.34122,1706.645285,144.9186609,156.2138018,852.8812271,3171.860359,1037.111095
23-02-2036,0,279.1017681,-232.1430356,23571.55569,1,-713.0611759,-333.7546741,3451.574384,6736.579184,43388.621,20731.35369,-31.01152959
24-02-2036,198.0407542,2177.012999,97.67037418,6295.796751,3,1750.452691,-391.5735004,891.1603362,1654.100554,12289.76519,7611.619616,18992.68896
25-02-2036,2440.904116,470.6995682,3366.747882,13074.37269,3,1236.438911,97.1508787,979.2582995,1067.627685,10848.04802,3530.509838,2606.614689
26-02-2036,367.8840819,512.918847,-427.5413954,6706.134622,3,1624.108012,-45.65275217,642.6601642,573.6833323,10556.25225,5546.091834,390.7272521
27-02-2036,4110.121232,1700.362567,1792.546432,457.0289633,5,-1375.194578,533.0191754,244.6073498,1018.952012,10253.60718,6087.786273,-542.8881089
28-02-2036,360.9038321,0,340.8903453,4720.679541,3,5786.711703,1014.265434,-1405.370972,5730.291509,13621.04063,23779.24808,-269.1032307
29-02-2036,1572.072185,1835.407087,1422.743533,2981.241262,4,375.1408581,-1419.746078,184.6895183,150.9908543,2280.716681,5372.363245,2055.349979
01-03-2036,5384.976632,4022.73556,850.0484521,1664.748118,6,-549.2542191,149.8979538,-74.63653263,1064.538391,10465.70087,11585.27975,-13.05779296
02-03-2036,0,5375.982303,-6118.303941,1654.542111,7,707.2479859,5554.296947,-690.8230293,2023.845689,7774.14875,12126.9602,983.9322605
03-03-2036,1134.749955,0,1862.01616,2288.520372,1,1685.973325,2236.704179,-231.9425945,2864.359005,7241.065517,10148.19785,-2350.902491
04-03-2036,582.561197,747.2299078,293.1311488,2059.646009,3,271.3161901,1112.79072,89.36011896,2868.452594,5785.750121,4579.725633,-75.48092836
05-03-2036,620.9232799,542.7276129,770.9796568,1856.824424,5,625.2514849,209.9521084,-334.9064006,1076.068038,7682.222629,6069.898581,1637.877163
06-03-2036,1690.295503,1843.807279,93.59326258,2086.825723,7,-512.1573805,292.5231955,-242.9746627,186.4489536,5421.413641,7536.344461,-3005.069673
07-03-2036,1678.142849,0,1286.868395,4998.602919,4,-159.3507818,-513.5514048,1021.219484,945.6826875,9747.087727,2084.389487,1293.223186
08-03-2036,0,290.5683749,981.168854,10069.88417,5,-4436.095804,-7.36668476,-684.8801941,2469.991223,1316.40776,7330.936678,659.3253703
09-03-2036,572.0836054,596.6301509,783.5950864,2722.231382,2,1053.002324,-215.5692525,56.12562133,1100.202588,4846.421089,5588.565274,780.1554398
10-03-2036,0,202.2358442,-270.1594413,1373.225109,4,-744.6039677,-767.8971493,-517.1395142,455.4569539,1176.839538,4779.592633,634.8161595
11-03-2036,281.4838316,0,521.4445906,1765.782864,2,-5189.277539,-390.6686097,-74.38527965,2363.497965,6043.111814,7236.651948,-112.4431199
12-03-2036,0,1125.482257,-1056.754229,5398.546516,3,385.4001812,-619.4007747,821.6482327,999.8194248,10959.55499,7959.002321,18293.83359
13-03-2036,373.7789315,1117.909391,-984.5812352,0.8,4,834.000699,-282.4114658,-574.4455828,1108.959707,3864.896066,6252.264046,2381.442878
14-03-2036,418.0092224,779.1545906,-1090.255487,15542.06688,2,-157.2673883,-100.3164117,-851.1140132,1746.740496,300,7094.854872,674.5659032
15-03-2036,0,341.2212047,-379.6291317,2863.648343,1,1220.313552,-649.209712,-713.6433598,2047.09171,5676.568151,9787.537564,1613.528857
16-03-2036,0,732.7453173,148.3827797,23576.42839,2,-453.6812028,21061.72292,-227.4704917,325.4231025,20622.68109,21396.96099,10.65565352
17-03-2036,0,10887.6557,-12237.86182,1672.360786,6,11698.29166,-882.7040948,162.1117851,6601.316861,19269.51889,17600.95922,-707.0670353
18-03-2036,308.9525634,0,-48.42103879,1648.164832,2,-511.3772929,-6400.06717,281.5937806,903.5390062,10818.94838,5239.632931,-1094.361835
19-03-2036,602.6585819,359.9438862,307.2865453,23725.25481,3,82.26658635,276.6323177,3100.282009,7645.958132,43418.49631,20578.9291,-1501.445688
20-03-2036,1188.92209,0,-243.5182634,2012.739421,3,-224.5601583,-3076.875122,323.9686022,150.9908543,6819.149795,9490.39795,652.4046026
21-03-2036,416.9652118,0,130.475259,765.0350554,3,197.3074527,-29781,-703.4804447,2383.879969,15692.405,18113.65683,1848.220272
22-03-2036,274.2007096,207.6379178,-495.5007629,1029.140767,1,-5958.445823,1278.102196,-4680.893283,11526.35801,15077.93951,50160.64645,1129.249997
23-03-2036,1500.139457,1956.378868,-1291.73342,721.7826713,3,375.1985547,279.0862539,172.8584526,1210.68701,9841.190995,8147.707931,-560.2336978
24-03-2036,231.4559424,0,691.7600927,1347.612367,4,306.8033127,10773.31536,-1976.059944,3996.265416,4578.921406,17754.13457,-500.0004302
25-03-2036,489.0503859,27951.54698,-29006.02174,29570.61477,5,45720,-1306.880196,4074.184878,22947.05421,95331,65741.3253,127.1105534
26-03-2036,0,0,287.4881265,2516.621824,2,93.79819754,-5830.437785,490.1947352,964.9688619,11078.27471,7909.915427,-1177.021487
27-03-2036,0,4600.59042,-5126.443097,0.8,4,466.1674879,-89.24454327,-202.3716518,2486.048913,4754.019422,7982.977716,806.3451228
28-03-2036,0,216.4804103,-152.1023946,2708.265591,1,552.4499274,-3063.264498,67.03847518,1151.343333,5795.25464,745,255.7807461
29-03-2036,0,0,-652.8285846,3075.094337,1,1027.941706,-452.7413,-652.2568133,2662.242295,6566.225802,8421.207436,773.5428392
30-03-2036,20239.66139,0,20669.18418,22778.31995,3,-212.1096147,-2039.778397,3243.542099,7685.489984,24513.19302,806.2486795,-297.9577836
31-03-2036,1976.132451,0,1069.312709,2126.233711,2,-776.1412571,513.2506073,293.9656478,150.9908543,5991.422697,8319.044891,1522.710267
01-04-2036,1107.087177,7528.750263,-6962.838787,1160.312174,5,-70.68224309,1394.422546,31.95497703,2817.530837,9412.810364,8452.804928,2112.978146
02-04-2036,762.4845347,787.886335,-276.5936733,2547.011027,4,-379.887689,-1302.855634,-231.6636377,434.6146756,1905.371453,5281.300904,305.9195037
03-04-2036,978.8363527,316.0912014,661.5284434,35061.75845,3,2527.894557,-12266.91771,2936.926515,21426.13422,54097.28984,29476.6657,595.7180717
04-04-2036,201.4662082,725.9882568,-872.1085781,3316.262115,4,2725.973794,835.9701414,451.8204043,834.125045,9012.582901,5940.032751,773.8524522
05-04-2036,353.9012527,162.0366428,531.6126023,35054.01216,3,2611.501364,-11455.10924,2946.067921,21013.88533,50809.15308,29971.10794,965.2249858
06-04-2036,0,412.5330917,168.2334733,310.3871471,4,-618.0932533,97.54942367,-68.00045684,1462.171896,3004.400219,1954.49943,-561.7690281
07-04-2036,204.7678461,1373.430694,-1704.42753,2651.109548,3,-59.9190061,-1451.357546,80.9530868,846.8011642,10695.08176,5026.802618,175.4263834
08-04-2036,901.9687095,567.4798846,526.8370152,1291.430608,2,-4065.865886,-831.4235335,-95.95954699,2056.936723,6976.832139,7098.310646,312.9230689
09-04-2036,3160.54325,0,2275.144064,14180.41148,3,2362.990044,426.9558574,1296.307081,731.0981091,12019.06304,2513.702743,-4043.59306
10-04-2036,51.10865396,101.89209,-632.0728515,869.4724043,1,59.9036187,-129.9762886,48.13197893,150.9908543,4173.251678,1884.758647,-466.4310025
11-04-2036,0,244.8370544,-114.7135928,3168.623125,1,1169.119714,712.8800224,294.0019957,1066.595553,4439.220836,745,307.8120436
12-04-2036,38813.57941,18992.83658,18210.41244,25549.94315,9,-507.0587671,152.2641045,3478.637893,7398.170545,49645.60853,25354.11699,-12220.17965
13-04-2036,493.0958312,912.7658543,-258.1851982,1957.604306,4,426.5806195,-278.2124266,35.3343942,150.9908543,3724.014152,1900.682508,692.3099081
14-04-2036,1340.656866,0,454.3940551,0.8,2,384.0489954,271.1233162,13.91578349,1091.249614,35963.86313,35919.05184,-1928.322267
15-04-2036,2150.934319,88.08933387,2501.593116,3634.414902,2,1747.647084,-1085.76795,-513.2308154,2518.486191,11911.69486,12445.90357,293.3132955
16-04-2036,2646.391821,278.0461091,2366.400938,37013.51227,3,617.5446104,6.899371231,1241.13313,631.1190937,10762.44115,935.8652681,-4439.642204
17-04-2036,623.1617361,665.8298206,-186.3766364,1183.169312,4,334.8859053,10311.42335,-1767.750363,3827.447558,7794.197783,16892.1369,175.4137299
18-04-2036,122.078722,0,799.1236015,0.8,1,220.3104327,-1715.996044,-101.8965145,2136.750499,1981.409907,2937.443744,4237.833338
19-04-2036,0,0,170.0966707,1546.415561,2,-632.4237087,-860.38933,201.5604471,876.093776,4875.723206,5844.509024,-126.6888331
20-04-2036,1310.059263,1399.107415,783.2236522,1899.860009,2,-1815.572396,-2218.20353,-62.27533072,440.325305,3895.678803,3292.236122,219.4808956
21-04-2036,823.2326031,644.1617118,-343.6590596,3481.514675,3,663.3888289,-1457.484856,-6.668652553,1688.452281,7978.130687,5904.513375,336.1546311
22-04-2036,1938.803641,42.69947134,1722.270022,3540.102338,3,158.8053402,-596.8241266,287.4449899,1329.089406,6820.059185,2234.601837,61.98185131
23-04-2036,421.6647713,0,-830.7189181,1450.938605,6,1032.353905,912.3625545,-193.7096057,731.7275307,4767.523332,6376.527419,-1299.884802
24-04-2036,802.1349737,0,1451.981698,6126.110456,5,802.0063465,275.1090173,688.5028368,1241.695904,5227.713725,3539.725323,2435.167112
25-04-2036,0,453.2344916,-391.4414393,6967.378243,2,1117.805215,737.0660657,606.6188909,2344.013982,7689.876563,4140.784459,115.1380322
26-04-2036,1142.471354,0,662.4342992,34094.62295,3,-3894.221495,2134.023374,511.4322129,2864.987245,9971.388869,6946.065183,795.9300575
27-04-2036,1217.795404,716.652466,1028.451002,8369.802786,2,-618.2471996,1305.827925,179.5111658,973.776661,7293.202179,5580.189349,983.8377909
28-04-2036,38457.6962,19323.00645,18467.87919,24370.77466,9,-1058.891699,-109.1091591,3309.978981,7123.356873,49597.97976,25958.39341,-11891.50699
29-04-2036,62.64419673,0,87.25320361,24044.36012,3,980.2897425,165.0385286,3325.57458,7531.098268,43759.06881,21939.12673,-272.4642632
30-04-2036,2205.805153,434.9056855,1676.656293,4548.737494,2,777.9958473,157.3914629,301.6610419,1181.920635,4858.377206,2378.024397,-12.66400879
01-05-2036,214.8315348,269.6000529,-161.7802499,3076.851665,3,1428.092042,230.0477492,-560.1892158,2457.080614,12585.49408,17963.26073,722.3664214
02-05-2036,1186.326924,2902.005688,-447.1691351,2327.008342,10,680.673999,-2020.847217,272.1311968,1273.181918,7894.938666,7091.973836,649.4588351
03-05-2036,0,6439.478998,-5064.572653,5337.777928,5,-2896.96954,1021.34632,-375.610783,3018.8319,10159.51785,7955.219174,1144.840601
04-05-2036,2382.947861,31932,-29781,6932.976919,9,488.1385239,912.5047873,-4188.811984,11238.31662,9897.074091,38079.80526,643.2917002
05-05-2036,100.8187015,765.1844804,-453.4452177,3596.211628,1,736.439096,-109.0225628,-664.0313053,2269.864502,2211.537808,11582.62282,967.9042184
06-05-2036,3675.502137,3974.669499,733.9632642,6948.579064,4,-764.343573,-2067.028318,895.5608742,2101.522522,11716.85235,5224.142989,-6018.677028
07-05-2036,0,216.2649891,538.2209459,733.5744196,7,261.8542719,280.6439205,-325.0983482,915.0205998,1717.265902,4710.763693,915.7667276
08-05-2036,237.0219011,1349.199879,-1413.574609,2187.999608,3,378.7721394,-1112.981419,14.84118328,869.0125282,8796.136281,5580.691312,-297.1546275
09-05-2036,3832.73973,2354.269665,2350.964147,2469.007581,5,-836.1504181,-43.7105198,135.1179004,1684.828317,7790.056339,10055.57717,-1391.118527
10-05-2036,412.8693424,0,682.394442,2639.257738,4,-159.4171764,569.5776168,445.1911099,150.9908543,6912.590264,7339.770466,443.9236208
11-05-2036,5940.013484,3657.332238,1704.860236,7494.102216,6,4252.281937,-76.13890312,1053.699377,1960.779238,14375.08182,4533.704559,-1524.842244
12-05-2036,0,793.1033922,334.3898792,2575.395179,3,-7.997497423,33.41744548,129.1200544,345.7645866,2546.246772,1913.477672,-424.5621242
13-05-2036,0,291.7422271,227.9642076,659.8691699,4,244.3100588,9490.011113,-1770.110972,4572.270579,3829.553296,15273.35761,798.2991274
14-05-2036,0,1156.002135,-682.9878792,0.8,2,-733.1359698,11619.76151,-1750.269156,3919.222082,3215.365457,13248.26587,-50.07960878
15-05-2036,1524.858423,736.5211816,46.26240784,806.3164456,2,60.2387893,525.1498923,74.17095901,358.5954825,37274.46003,36772.55596,-971.4116788
16-05-2036,0,676.6143041,5.533623728,0.8,5,1807.197632,614.1723118,-121.6786817,2747.193632,5603.246375,7884.71475,167.0974033
17-05-2036,6666.223715,0,6046.061119,5719.750199,5,-2075.935103,1162.541273,660.9428208,1475.767175,8689.888405,4096.574736,1452.500942
18-05-2036,626.5799283,581.6659197,-186.044361,1615.0247,4,103.4715928,-982.6598726,205.5647788,750.9222905,300,2682.343277,908.9831075
19-05-2036,863.641859,2434.710011,-2686.209155,0.8,10,767.5331808,1147.993811,-935.6177671,3044.088235,10190.06901,13715.15639,580.2538531
20-05-2036,1476.28575,505.9336641,1323.444905,460.1398143,7,-6879.468594,416.080722,61.24732135,3503.051952,8635.719241,9373.606087,928.8950452
21-05-2036,5071.563224,4839.625855,-129.5692904,1826.313601,6,-169.2857365,-525.7953488,-371.5014899,1696.131148,8777.568195,10571.26541,304.0844107
22-05-2036,1954.300171,91.29623661,1759.178164,16397.73581,1,-1283.191057,-48.07785034,-499.8768929,2026.878436,2531.810741,5454.904002,446.4900655
23-05-2036,1288.830052,282.8956675,1592.657654,4239.271323,7,-1274.021995,346.928706,414.8727581,2030.571837,4182.851019,2878.072982,-5506.590531
24-05-2036,967.7483291,311.5625572,347.2863799,761.8980132,2,91.50399937,9.846063858,37.79641603,2580.51806,7980.248076,7657.117354,-996.9823641
25-05-2036,0,0,1224.615812,2219.99922,2,-1036.521139,-6010.456336,156.5522741,1107.138939,7098.546077,3483.249596,-917.9921474
26-05-2036,2989.366817,5207.075447,-487.0097225,709.0769396,5,396.116473,979.3547351,-278.5945538,909.7903514,38501.54222,41237.46016,-53.03825222
27-05-2036,33799.61008,29800.17369,2103.11302,2571.432275,5,-491.5466817,-454.590001,-271.7886675,1171.069029,36160.60673,37805.95931,-812.2493127
28-05-2036,1314.25884,1911.458999,1287.785574,4316.465449,6,-38.36088149,718.0768624,-200.5298091,437.8959549,8000.279614,8591.768281,86.00694112
29-05-2036,4323.838701,3481.308796,1057.451939,7460.951318,4,1033.68951,-1531.31906,1012.985425,2064.157687,10210.45592,6948.270849,-5665.075465
30-05-2036,699.9498151,346.2266863,-534.8218917,2892.425679,1,-864.048076,-3683.632858,299.9918663,1201.809379,3749.146371,3356.772293,787.8448373
31-05-2036,0,402.2098988,-323.7404582,21532.29183,8,-751.4630143,643.6640879,-235.9840078,258.6322589,3266.946442,2703.5329,-135.7389181
01-06-2036,3081.188323,1314.41389,1304.261856,1011.275856,4,-644.6609204,247.5805047,-172.7343392,838.4068784,10321.05663,9309.801984,-442.0190843
02-06-2036,1196.738862,378.1642872,1295.485313,4077.875727,2,106.3213816,956.8754976,529.209257,570.1185792,3950.540177,5305.038175,-2383.416955
03-06-2036,583.4510247,8249.787929,-6906.005601,1321.592275,5,580.6476962,1491.546612,-150.9834162,2625.709755,8721.930006,8577.786016,1373.613084
04-06-2036,231.1232498,227.9652892,-745.4487539,1807.061352,6,-202.5889742,1254.90212,-189.1565766,1950.395847,2905.055947,6507.727515,373.439258
05-06-2036,572.4032351,1192.947734,-527.7915037,2037.864995,5,-122.0733207,592.35874,-148.0948625,1156.059741,7222.500898,6939.133154,1205.350589
06-06-2036,87.39109476,309.2187512,-382.1409118,2855.53982,3,915.6430652,-1117.792427,11.08972812,1537.573985,7242.926917,3785.878976,272.39931
07-06-2036,0,227.6956587,-94.52606478,7386.933277,2,392.6003027,173.2013878,646.450667,2750.839567,8524.188137,4592.126665,255.7156919
08-06-2036,0,1062.833043,-105.6255715,569.295731,2,625.7213023,2803.873795,-1817.457577,3301.608826,3887.336522,16041.35969,2520.528845
09-06-2036,872.6045856,814.7285234,1166.51652,945.337534,5,-367.0434409,107.4223426,68.80336105,399.2740423,300,1841.880222,362.7912648
10-06-2036,0,1219.377041,-1087.700282,1817.568898,3,896.9730118,-399.1042105,-32.92222722,1191.321829,5008.400252,2335.1647,-1853.689626
11-06-2036,1066.342428,0,2290.562651,1823.621209,4,333.4358943,314.5678697,363.5414424,259.4713478,7489.358437,7456.52482,1055.49572
12-06-2036,209.7514664,450.3550824,140.338634,0.8,1,-2523.521864,1451.351284,-248.3536967,1147.306585,7314.41505,6168.3233,1326.756228
13-06-2036,1472.123237,3621.650255,-3262.498787,504.2198225,4,1059.949972,44.75053064,-990.7571749,2518.879201,6546.704115,13530.61122,-435.6759998
14-06-2036,368.6893922,786.3451672,216.703299,1906.224964,5,445.6011229,2131.272598,-356.0017275,1978.549013,5326.299898,7556.028018,1226.021242
15-06-2036,2562.91451,423.9117472,2398.585612,37351.07645,3,224.8677331,-794.7302192,1177.606996,1013.412623,9680.711047,3158.646404,-3902.654436
16-06-2036,698.7824915,0,897.6982238,1456.867438,5,173.4608007,1305.629996,-140.507417,1292.433594,6357.13473,6231.323229,-255.8563633
17-06-2036,962.7255098,244.931753,427.0864454,2661.458096,4,252.4038403,1319.283115,-26.23572587,2411.472201,5787.677044,4155.951196,-302.3624432
18-06-2036,922.3352958,1525.958651,-1231.432111,713.7531486,3,2001.610483,-178.7605347,-258.1089095,2256.775052,8567.42012,8682.353351,1299.045792
19-06-2036,218.0628405,114.7257307,-540.7979201,16853.64826,3,1436.440599,1116.742468,-769.6105917,2003.134847,5442.34145,7041.15914,-5820.097731
20-06-2036,0,902.7882618,189.0689637,0.8,4,165.7332114,9813.049059,-1884.245819,4175.233268,2140.54944,15000.57226,-577.2680576
21-06-2036,397.3593084,3264.937997,-3923.892146,0.8,1,2082.634244,-4591.161921,58.53443646,1830.521888,6031.311454,5380.767634,680.7096852
22-06-2036,1791.466878,186.2689517,1226.632596,6298.978443,5,434.256144,1127.902008,537.8996368,1446.482091,6214.852274,3005.033561,1660.608907
23-06-2036,1488.156795,0,1732.128556,2931.370459,3,132.8372087,-275.9607985,488.9937399,1526.988249,4932.274137,3518.165932,-371.4258473
24-06-2036,0,591.7631649,277.3681259,0.8,3,350.3298193,781.5890376,-678.9446155,2059.609418,4155.022093,6286.673309,541.5245768
25-06-2036,772.8500916,1358.273886,399.4608419,4616.176973,6,-969.2449007,4888.987866,230.5178677,150.9908543,5128.313417,8278.692875,-543.3534699
26-06-2036,609.8163204,0,33.5028828,3786.117572,1,1395.641693,66.24768636,-74.49553714,1254.782287,4251.767305,950.0556933,-537.1671787
27-06-2036,605.0168068,440.8090258,31.00048091,1000.825883,3,368.1556965,-29781,-631.5780066,2313.292972,13023.92086,17158.29264,1400.053617
28-06-2036,0,417.1915692,-625.3791564,537.5109211,3,-217.181395,740.9717823,-122.1595508,150.9908543,300,1160.47484,663.2164133
29-06-2036,508.2221487,379.8132937,711.64844,2144.737328,6,-426.7807421,1292.056298,14.62122836,574.7022902,7236.92905,6845.345614,-421.8585086
30-06-2036,6525.158994,4650.632325,1682.130059,1168.898886,8,1213.331866,590.7042487,-126.3392133,1635.367673,8036.660548,7895.964034,-377.1595999
01-07-2036,45994.4434,395.4372221,45450.35116,57774.44026,4,-11780.12552,3281.501164,7711.86067,19960.74487,94754.28616,42939.70398,-27046.59138
02-07-2036,787.1049981,1652.742367,-755.7962012,2498.408609,4,-159.9208331,34.09597643,-78.64462266,519.2709344,2260.274095,4554.358184,519.4844011
03-07-2036,0,1705.031863,-823.0251619,7569.449473,3,1730.893538,62.4635866,402.4649926,1076.326031,7956.653753,3879.532192,-165.9614886
04-07-2036,577.9424494,693.8020061,-536.0693695,0.8,8,-1224.390373,972.0056783,-359.1675052,6675.846506,14087.9107,17315.94903,-1188.710664
05-07-2036,971.0981475,1658.356378,883.3609437,7592.256128,4,-29781,417.1904409,-3950.456881,11403.777,6533.268245,39705.45394,-65.48479527
06-07-2036,397.0170026,0,-420.6899616,2526.880896,2,1294.752396,-117.4633343,425.3992085,1953.454588,7389.996647,4718.147735,845.2584304
07-07-2036,1119.073861,867.0176059,512.1270603,1992.944443,5,-197.9756985,-11043.65632,-346.3587229,515.4370597,6311.375427,6370.689553,1916.683283
08-07-2036,1735.815867,926.0699634,1592.047347,4473.534361,5,-143.904798,-45.08838315,682.951866,1249.208799,9692.283432,3683.344165,2197.765525
09-07-2036,0,13.86216366,-132.538757,14310.33447,1,-1958.00041,-713.9059811,-957.9446293,1577.513719,300,7792.877296,1795.208493
10-07-2036,516.6004177,329.7603941,301.3611891,7672.073913,2,158.8238404,1663.370191,-4418.392706,11202.35749,10566.99134,39784.5118,-1220.072975
11-07-2036,2055.824079,0,1834.561315,6735.813594,4,663.9393632,46.5000115,933.1515108,1329.93674,8150.274691,745,-852.7865635
12-07-2036,2446.904957,876.345164,1928.812163,1742.462483,5,1043.017145,1539.417094,-105.9298309,2184.614386,5950.935017,9560.687493,-3726.27756
13-07-2036,0,225.4336569,-1234.625399,69.96933367,2,-362.7062856,-365.9480753,-274.4944519,1047.470077,880.9626549,2874.125283,-106.2622787
14-07-2036,0,2.088957778,626.2495259,18135.04784,3,1551.921329,-618.4601006,-531.7169737,2661.102354,1648.753595,4664.716812,-4841.921063
15-07-2036,948.6296938,1186.227043,-626.1927743,1492.97941,4,5.353374879,2385.515776,-78.23496614,6425.180541,14014.49767,15650.05326,-122.8302378
16-07-2036,239.4844502,4022.318615,-3568.129134,693.0415688,1,2326.171609,-4472.699374,154.8655669,1860.737123,6700.366899,6944.866972,451.4666377
17-07-2036,639.902721,5630.648317,-5975.3612,4906.080096,5,-3418.173257,2437.66739,-411.1702534,2879.114518,6899.53811,12132.45583,592.0638597
18-07-2036,483.3255953,12.23529094,-570.5449388,465.5871846,3,-1834.425722,-163.9544327,-13.27010058,487.9178379,6724.080513,8254.541533,-958.6165205
19-07-2036,0,214.6217284,1201.103254,578.3924865,3,467.5174666,-29411.8344,-735.8539354,2472.86593,12310.68285,18474.44554,1032.86049
20-07-2036,2837.080798,0,2219.421191,4605.661273,2,-2944.4015,2537.642099,114.9930222,6405.354102,13999.62222,14738.24927,-537.6965645
21-07-2036,716.2837206,0,-17.89076787,2950.702797,1,-1471.084907,-736.1137134,-69.24757658,1292.394011,300,2134.705751,161.3078465
22-07-2036,484.6714316,1309.290807,-256.7198137,286.8462664,7,-290.8988017,2035.637514,-224.1762433,412.9469993,3669.491981,5752.709673,733.7782325
23-07-2036,687.474374,182.8412697,691.4357735,2477.11205,3,198.2807538,-3876.703358,500.1986057,153.4725592,7812.151088,5719.873222,248.0413699
24-07-2036,4438.533472,222.0997382,2889.934843,5196.049668,4,-1505.833445,-563.88354,861.899279,515.959113,7376.794043,1597.165772,1431.408717
25-07-2036,0,1420.944111,-1232.685485,1002.467272,3,2859.24021,-130.7277293,82.78908389,1181.358688,6545.10163,3689.874276,3635.114147
26-07-2036,581.5969081,90.9491666,-390.3728855,670.9938152,3,-11851.30519,-6129.224078,-1738.068473,4271.254429,6176.817874,16965.43314,4345.331329
27-07-2036,427.3792954,1653.530179,-518.2146512,1405.320702,3,1131.407723,2301.534485,-188.0293876,364.0257445,9863.902361,10084.42167,2537.296056
28-07-2036,1744.075744,2447.274669,-1287.52718,1575.314579,10,-473.7044913,-2976.731378,-45.36822621,855.3595036,9364.477686,6803.492033,926.4294575
29-07-2036,365.6481215,106.9371257,-480.90366,452.2336859,1,1083.617458,-821.9976106,-189.8979952,949.4490987,2202.698558,5645.815227,117.3838863
30-07-2036,1972.800742,95.98751668,2533.760335,4019.359645,2,-129.6296291,-1924.21747,-286.8803307,2572.054708,10981.26021,13074.86,-167.1368261
31-07-2036,740.9496377,284.1843415,737.5884122,1810.564964,2,-4259.038479,-116.1206484,-50.72208707,2779.196941,5541.023159,7821.28549,-107.4311553
01-08-2036,2852.208501,884.7829008,2414.670836,2126.280409,4,431.3900727,-4683.009837,705.2429423,1458.984393,8528.409092,3445.307932,-714.4703264
02-08-2036,5996.879921,5053.669191,672.4104574,4405.467248,6,-233.9089109,-59.81738888,727.9152957,2749.775565,15654.28136,12513.84768,271.3121977
03-08-2036,644.740201,697.4479473,-32.92183421,21889.6123,2,-473.7570839,-230.8133105,2524.926856,7878.81404,39077.15009,20480.26673,412.4521825
04-08-2036,1635.325121,3310.91884,-2803.708229,11562.04751,5,-274.1983201,1716.50419,-627.0746652,2190.007871,5093.504254,10111.2966,-11829.38026
05-08-2036,0,619.1531448,-1294.815048,1642.417287,2,189.2154839,-555.1554243,-335.2894384,1445.233964,35763.7818,40302.87735,300.6499201
06-08-2036,1383.681621,4194.981173,-3926.38081,34527.17054,3,2347.696678,174.9626729,634.0451342,2729.117266,10123.62204,6889.094203,1049.484489
07-08-2036,866.0075698,7585.700279,-6996.353553,0.8,5,600.650238,1398.653585,113.9599456,2818.401328,12496.6816,8619.272987,1436.336909
08-08-2036,596.7663498,0,-900.562724,22692.95785,1,335.6234113,869.7544939,-409.1492641,150.9908543,718.7109901,2698.75698,251.5495008
09-08-2036,1059.393865,377.86816,510.6287611,4839.711674,6,-553.2818008,5650.76121,30.75449569,402.5684887,5476.827376,6628.627858,-105.2257523
10-08-2036,127.7586769,1008.452235,-855.5681139,1563.195372,3,850.988334,1898.34593,-240.4573131,1456.060679,8988.604833,11656.24201,1780.461472
11-08-2036,998.5137124,120.7985455,829.6134027,2685.542915,2,-638.8441137,469.985211,22.24860443,2768.427658,4470.045583,7688.933859,-1697.046544
12-08-2036,0,0,1031.952602,2119.718131,2,1486.969949,-232.3663161,42.00626507,1501.489297,4078.65038,5260.666425,71.8831489
13-08-2036,0,140.912759,-33.53876042,808.2124777,2,-23.76653336,1828.662474,-1759.358688,2952.977465,5221.335904,17802.72294,2291.768947
14-08-2036,283.2369369,1059.619873,-271.7060921,0.8,4,731.5313876,-1300.938053,-476.7132502,1054.706173,3620.619916,5707.654542,1621.6668
15-08-2036,0,1351.560616,-1915.982482,5966.036351,3,1708.619522,217.3964878,530.4015171,696.3752812,11770.47869,3143.487142,216.4309954
16-08-2036,1384.990692,559.6280025,1071.490535,715.3323737,5,399.1330479,-351.984253,-21.67636062,150.9908543,300,4693.562678,-107.1366692
17-08-2036,2366.126436,333.1036518,1449.672059,15011.2444,3,939.5171705,-1004.730048,-159.2606609,2634.022152,4509.489336,4957.10841,-287.1999069
18-08-2036,226.3605687,412.9773614,-415.7689995,18196.05517,4,-5330.476434,73.34628987,-752.469612,1530.915717,937.4457878,6294.086198,-757.3975324
19-08-2036,0,0,477.5854637,887.0493289,3,-469.048684,-29753.34963,-597.9930022,1577.496152,12215.29905,17577.97048,1000.819282
20-08-2036,953.8992668,583.7778129,-268.2376563,29784.85235,4,-632.0418625,1316.821067,3218.152663,23502.00514,88042.83993,61830.41263,1214.33668
21-08-2036,5550.708553,3290.931578,1839.886018,7267.659458,6,2990.145046,-809.872275,999.1966751,1665.634226,12841.7021,6637.12965,-1318.662394
22-08-2036,236.7010946,5456.433949,-5108.455935,7813.647234,5,484.4478765,-4732.713,-973.0042534,2199.455837,4286.897147,6817.636065,518.185276
23-08-2036,210.8038709,532.3363755,325.6086855,2490.948104,4,-2003.150502,-777.6842192,-326.4047685,150.9908543,300,4569.511982,188.3337627
24-08-2036,471.6505476,1611.752606,-1175.174742,2614.416616,3,514.9173251,1015.505229,-273.1654509,150.9908543,768.7892755,2602.775162,-210.2785179
25-08-2036,2056.576285,1910.343504,121.5966697,3695.970474,7,604.2022531,-452.260953,-281.1142768,150.9908543,2118.199077,4977.779725,-2128.907119
26-08-2036,497.734186,46.62445205,9.988369815,1924.42603,4,193.1870573,3125.52482,-118.1096604,1603.356115,3060.260775,4939.666846,708.7153821
27-08-2036,0,2604.71485,-2071.215894,317.7252212,1,180.9294557,-48.1252492,-237.6851661,496.8307631,2940.317236,5834.060409,194.1496925
28-08-2036,5673.075953,4847.079995,-221.1109388,1473.74449,6,135.6310879,-153.5315186,-267.788419,1161.630366,10964.94278,11154.71257,906.6871076
29-08-2036,1478.559179,432.504391,-16.23188569,22773.02448,1,114.8715187,-528.1866336,-264.6225673,150.9908543,300,1296.636036,467.6893852
30-08-2036,744.4927132,712.7778458,1666.838437,4335.971478,3,819.0651135,585.3724611,-719.1045384,2349.686734,11752.36558,17136.80012,526.604061
31-08-2036,745.4911084,0,-260.7992956,2040.70694,3,-772.588071,-1104.154935,-320.8458882,2964.177443,6709.385005,8299.435222,1871.954107
01-09-2036,0,4058.975029,-4144.563255,0.8,4,1341.12836,-696.1002453,-542.2459921,2654.317748,7165.993785,12676.93547,351.9327603
02-09-2036,1058.162296,1401.114649,-1280.18523,2121.771439,3,-279.2710318,1454.405906,-329.7615507,150.9908543,300,1302.219276,-531.9030879
03-09-2036,0,1013.333827,-946.1782915,9000.299247,3,1973.291171,-1042.569221,468.476059,757.1748398,8226.356608,4280.205731,-257.2617519
04-09-2036,0,75.19914841,-96.40616887,2741.108137,4,2263.386286,424.2415355,689.6040745,527.3788526,10530.67815,6313.311717,1171.537085
05-09-2036,439.3478392,547.9810019,-422.6274289,21812.89023,2,-520.2021613,-179.9613373,2535.488326,7786.680707,41728.9031,21764.17897,-8.944480984
06-09-2036,4163.207954,892.5793295,3068.845154,4915.821979,3,28.81750299,-502.2083391,588.1168332,775.2504086,4481.951725,1782.278565,-1169.767049
07-09-2036,230.0051732,2188.88106,-1005.165119,4953.164752,4,328.3424386,1411.672598,-366.7957624,597.8860031,7361.855153,8124.605779,-695.923464
08-09-2036,328.4618509,1375.227577,-508.6000578,359.5097755,3,478.1835191,-944.0173169,-578.6348113,1386.211024,4144.538903,7118.426972,2106.946363
09-09-2036,552.6579397,28046.56051,-27991.72776,29446.95616,5,45720,-356.7210147,4018.923528,23502.00514,95331,67169.34834,-460.8157376
10-09-2036,2589.27714,0,1469.513508,31643.31303,3,160.1795746,-1053.334281,3558.099461,23365.48276,90593.66555,62096.71769,2015.644089
11-09-2036,1658.213775,1394.298195,2176.581131,5163.27888,2,149.6845047,1443.47945,613.0146849,1641.758507,4847.431084,3456.867364,-1577.047296
12-09-2036,77.52792135,303.6781284,-627.5648205,17152.28193,3,1336.539438,-817.5952835,-657.2862282,1704.008355,1653.206616,5814.754592,-5064.616205
13-09-2036,20022.77071,0,20319.00886,23558.22462,3,-138.3355791,-3050.953618,3441.274563,7242.590619,22997.09011,3756.439201,155.0715164
14-09-2036,495.8643688,0,1049.390456,1498.929828,3,-526.6203039,-955.4548886,-324.6998719,2326.686579,6538.485797,10847.59172,2284.907917
15-09-2036,0,121.7250861,-175.497278,115.2923568,1,-848.0101135,2414.759426,-754.5028721,2360.892776,1797.249063,7428.234231,-186.2156912
16-09-2036,410.8361865,302.6484881,462.6537011,2392.583737,1,-3798.111778,1460.042775,-378.7598073,853.7471173,4530.317561,5699.393475,1112.650293
17-09-2036,825.9871198,0,291.740054,1191.375184,6,-381.7719834,765.9149152,-410.9028128,1910.183251,4507.44283,6728.340039,812.6773596
18-09-2036,789.7883282,123.7957694,145.5030586,2451.984491,2,633.7937048,1268.273744,-400.7469695,909.2872271,9165.652004,12045.11877,1108.282997
19-09-2036,690.0300656,706.1660941,-755.6285566,567.9157314,3,453.5976321,3632.6895,-300.9409123,1536.110429,6824.005198,7904.852645,360.940101
20-09-2036,401.2940491,767.6424537,169.5378887,3719.559918,6,-135.2149761,-988.7776718,-202.2669398,220.4075778,300,4103.517581,330.1179538
21-09-2036,0,763.593333,-723.5087917,230.0000101,3,288.6426266,-1572.043149,-159.7594424,712.1119821,8252.357801,5072.969435,103.4159542
22-09-2036,0,235.4643955,80.82599664,651.1248219,2,-890.4802505,-4982.715846,302.7271946,1059.116499,9801.327851,6183.50447,-618.6544892
23-09-2036,20165.21249,20431.53627,679.0611903,23633.97522,5,19899.13472,1089.978297,3278.353615,7671.212078,45933.83663,19563.90678,-150.0251988
24-09-2036,331.0060369,662.4297125,-39.03979727,2595.229155,5,1396.953976,509.6923865,150.1853987,2311.054803,6405.637545,7672.000587,434.2963901
25-09-2036,101.8638552,5576.427027,-6320.199713,3262.020811,7,565.1193873,6446.234982,-603.8581606,2881.88265,5899.671403,9420.648314,-21.8324311
26-09-2036,2662.393017,355.9104709,1917.538948,13032.69227,3,2396.080938,-351.1908674,1298.655499,1049.264027,13092.6757,4059.427071,-3607.018622
27-09-2036,4761.712326,3561.114171,2154.588398,7632.779862,6,3414.574707,-40.81012363,904.7660151,1813.599951,12443.3732,7095.489906,-869.302224
28-09-2036,1341.272134,3229.498322,-2804.856313,0.8,2,492.9803961,-79.99535478,-288.4551199,5279.741196,14731.06767,17497.43239,882.5155939
29-09-2036,368.14512,362.8332139,-126.7208195,15398.65323,1,-496.9957401,561.3319643,-778.5943324,1828.29771,300,9443.194809,712.8592558
30-09-2036,2263.192491,14391.00166,-12099.59168,13054.27071,7,18197.93039,19.84140059,1623.316413,9005.357397,52213.34317,39290.3596,45376.7901
01-10-2036,798.2624476,417.3483899,806.779657,35742.87088,3,-3397.448761,843.2332102,588.8521801,1969.372398,10119.0311,8580.339467,890.774756
02-10-2036,0,455.6973836,0.491086829,22289.00989,1,-617.1555035,-124.6181603,3359.292428,7346.185361,43060.75796,20039.49732,-187.2142816
03-10-2036,0,0,-603.9542222,5527.534164,2,595.1796294,533.6742992,641.8076143,2460.300999,9192.682008,1432.903447,698.9768588
04-10-2036,82.26969619,1058.060726,-381.5401916,3227.132746,2,699.0349821,74.604633,76.4474211,590.5151394,2844.087353,4138.150825,-2203.938637
05-10-2036,0,840.4037946,64.58693433,20280.70238,6,-436.6984056,-48.2351062,-442.4568928,150.9908543,527.7428678,3825.931098,-4216.778323
06-10-2036,1892.924723,2501.446422,-245.2761961,1089.674976,3,1392.848554,-445.6673621,-318.6986471,1574.510597,40226.88051,39459.48069,-930.6748218
07-10-2036,0,1111.926672,-1048.553085,22595.58564,2,-516.449453,-7.632370053,2691.651848,7329.279091,41450.72651,22497.50536,-20.9744483
08-10-2036,1176.538805,571.3413484,986.8909094,7106.047306,2,-562.2856197,158.4899308,176.7397235,862.0504585,7761.749436,4576.611004,745.6469703
09-10-2036,859.1133158,728.6629279,481.2005312,1947.449299,6,-1860.713204,-1817.498424,-455.4160072,995.041844,38099.71456,38825.0985,2128.980976
10-10-2036,454.6169979,188.8594087,-662.932313,2446.238856,4,-197.2988081,-896.5739956,-436.1354996,538.3371641,3435.670972,5008.411389,-352.4932921
11-10-2036,119.3046013,0,1296.843725,1301.942104,3,525.8346836,865.3996566,-608.4901379,996.7420521,2092.79748,5176.356872,-216.6335972
12-10-2036,1383.450342,0,1407.599443,7108.648349,5,602.2921076,833.9691151,557.872285,1880.173346,9179.268942,2635.796021,1771.17504
13-10-2036,3398.74823,679.7886262,1758.084433,1535.427469,4,167.6488668,-3831.402865,473.8962068,2045.116727,3656.487861,2361.538696,-195.6424972
14-10-2036,177.8725094,0,228.5894252,17277.92391,3,1141.650762,-307.4345732,-670.9577159,2304.376311,1470.094823,5344.229224,-5908.124277
15-10-2036,4603.737695,680.5734825,3814.184948,5126.965315,4,-724.057764,-159.2549192,-944.1523204,5194.609756,8281.940722,16656.22236,-4394.396393
16-10-2036,1588.570564,492.9446226,1322.976841,14000.84522,2,1022.808182,-339.7163063,-153.9141325,2107.394991,5379.232659,5627.211775,-1903.692061
17-10-2036,5028.309462,5144.00913,859.8019085,1989.77485,6,484.8648279,229.3386322,-178.3106818,1391.254057,12121.02614,11471.80795,295.0462261
18-10-2036,1789.245708,2798.897873,-1059.870733,751.4729176,10,13.3476097,-2752.667365,532.2069976,780.7165461,10114.22189,6946.910655,289.5426053
19-10-2036,1468.237201,216.5915682,1508.504762,3137.198755,7,-7066.551607,894.1603283,-57.64112142,2895.888344,11444.82757,10139.06353,309.3658959
20-10-2036,0,0,773.6655387,6483.832474,2,907.4687455,-5698.095581,626.205938,1012.347619,4575.910674,745,1567.307749
21-10-2036,560.83262,393.1211527,829.6954902,580.813439,3,-1513.670155,-561.5934478,-363.425843,2140.684767,11100.45371,6697.512923,2403.647166
22-10-2036,2254.708488,440.9624367,2581.699124,3127.101889,7,-1985.029089,-88.56377504,68.4776293,1560.942382,8235.992688,5549.884962,-4226.664871
23-10-2036,1040.308851,531.2933435,1012.520336,1037.909604,5,585.3108866,-230.4367276,-398.3600827,917.4117513,5555.563833,8373.726551,-825.8209873
24-10-2036,971.7042425,958.5863386,1060.549332,364.5746291,1,1427.457612,-1918.060933,387.7082328,728.5869275,8186.75543,6263.03789,1941.002361
25-10-2036,0,123.8645115,-799.7269309,3891.495584,3,2651.751533,-540.2410819,310.3829696,1958.990565,1929.868493,2674.785609,20697.25026
26-10-2036,1444.095302,235.0922876,1261.042883,36225.5953,4,1193.505392,-28547.20815,819.5001641,725.8022908,7216.70911,2216.016939,2393.223991
27-10-2036,2924.586938,2497.727049,192.4020914,3310.34445,5,-131.427758,251.6721269,276.8795966,175.4299114,9879.442712,8886.082417,2334.151067
28-10-2036,1466.701586,0,1553.024406,1754.711476,2,-372.0476025,-3225.448561,-1076.370293,3046.884639,4079.730068,12520.73994,1766.233467
29-10-2036,195.3612732,613.6661065,-208.6818919,23127.76727,2,108.1219619,3057.158713,2895.435939,7837.948078,39972.79114,20556.45553,-191.3098831
30-10-2036,106.5691902,317.2697604,-419.2358546,2021.298126,1,-83.90665329,-379.250682,-41.15493852,192.1669822,2686.727071,1020.278708,255.8983502
31-10-2036,893.0869831,154.6119905,-553.6265663,3199.607564,3,2910.080709,-199.2747124,92.27642813,5891.428939,15227.35773,15633.33478,-2471.744057
01-11-2036,624.3569105,1292.591819,-1071.048167,14987.45708,2,-281.6258469,-240.4301653,-718.9822132,580.4998324,852.5915185,8223.680534,-1065.81354
02-11-2036,550.6756297,368.9989046,604.0347737,4876.897949,6,-746.0798707,4997.5568,-141.8917666,150.9908543,6499.999413,8318.942002,-543.8864008
03-11-2036,0,761.3851868,-592.6648125,2227.753259,1,-674.9084175,-874.4826303,-188.8334975,971.4698402,39307.76116,40638.94141,329.7879798
04-11-2036,211.4708729,1410.609924,-1645.004707,3090.919291,3,774.0397096,360.8935284,44.53381662,1106.465339,5330.626117,3492.543189,-1394.253563
05-11-2036,923.8740891,180.4368127,1197.704662,717.8648462,6,-1981.577385,-2502.519014,-103.9874451,600.6069722,37728.59744,35683.42605,-250.4277221
06-11-2036,1511.737995,0,1509.947061,3571.605011,6,-3764.88513,-115.8546219,195.5306859,2790.348257,8528.39189,7523.887664,-1189.273194
07-11-2036,491.1860548,0,-673.7247242,22888.40672,1,-583.3187499,-662.8239669,3562.357305,7300.555973,44040.69539,21849.15393,118.0565899
08-11-2036,207.2732669,0,-152.6400463,1687.292028,3,68.79910942,-29781,-813.9829973,1332.275977,10430.36995,18323.6363,1570.77552
09-11-2036,828.9326568,4516.015332,-2357.998607,10043.6444,6,2276.202258,866.410059,651.2187028,2168.457256,15215.33094,6449.981966,-4501.818428
10-11-2036,241.0314464,11268.61203,-11618.72728,3267.734298,6,10951.07872,-1066.219032,313.7647262,6917.247915,21298.01993,17395.99854,409.4616295
11-11-2036,1309.26963,1692.334988,395.3908983,7854.268019,2,-71.87787349,1780.36943,-4262.345577,10564.43076,11946.56777,38030.4983,-99.46446745
12-11-2036,728.6518842,0,-380.3175954,6600.647508,3,-221.976548,681.6239166,574.4143923,2813.678249,9184.434909,3583.940302,917.6692511
13-11-2036,326.9739712,4458.974936,-3667.258275,10410.11586,6,2859.279131,1086.70817,582.755256,1994.4751,11624.36179,6031.652655,-5413.1485
14-11-2036,1276.993788,0,627.2245519,2046.882981,2,-4853.726268,122.1274287,-93.19211638,2111.562424,7129.663138,8509.866454,-478.0344522
15-11-2036,2060.477916,577.5991304,-386.0464623,555.174287,2,-529.6285821,-2256.186898,-157.6768369,288.5550655,3028.685845,4528.211752,294.2480157
16-11-2036,5081.822372,5029.395964,1038.198855,5255.194209,6,-578.7283346,110.1889721,699.291603,3088.49462,14167.91325,9986.970366,-135.7402185
17-11-2036,46553.55768,784.8286778,45720,58180.8,4,-13371.7059,2953.479215,7735.714286,19096.5477,95331,40494.05149,-28856.44873
18-11-2036,1460.665663,258.0220578,1428.672625,353.9413903,5,83.94499609,-511.7201027,-330.7371693,1015.58129,1156.807243,745,329.2410917
19-11-2036,1750.093787,71.64524227,811.9186379,3294.340123,5,-4694.473165,352.0126119,-799.0451968,2445.836644,6021.379254,7536.497876,-238.762926
20-11-2036,1227.464709,1029.961114,-155.2416291,0.8,2,-604.3153685,-863.660856,-282.7433482,824.8598556,4103.332151,3043.835192,469.4996871
21-11-2036,876.3821063,923.1311935,1336.497318,246.5220956,6,-1115.742653,1172.419584,-135.8634607,1403.329067,6113.184067,7073.829042,-1038.357047
22-11-2036,1942.564997,1416.301389,1287.897173,2499.873925,10,-580.7925077,-107.0906424,133.509548,1076.942255,10772.15839,8528.102399,-1005.304523
23-11-2036,46720,1545.519428,45720,57669.5158,4,-11150.93641,3459.993816,7681.851071,18517.56104,94887.48747,40977.20762,-27650.37154
24-11-2036,846.1462683,258.0812032,1348.167326,15469.80226,1,-462.9120117,-421.9910928,-628.5208581,2236.038526,8231.095796,6395.306532,603.0846172
25-11-2036,124.9037777,123.5986326,1195.895095,5009.577985,1,933.7592202,111.718722,-117.079603,1276.247374,2648.918766,6921.820046,-793.6600655
26-11-2036,56.64186411,0,-232.3726458,15538.65625,1,-67.33188349,85.3327139,-901.5662607,1294.683276,300,6664.476559,2051.742776
27-11-2036,847.8837052,1564.017566,-1098.619304,6.202059698,4,-95.44630816,2100.149895,-107.4059331,5983.639834,17335.39761,17971.57826,1264.166669
28-11-2036,2176.455798,2708.152404,338.5246357,1712.267298,3,434.9494387,-303.1395337,-169.381146,1226.778142,37714.86921,39474.8583,-1570.291888
29-11-2036,1362.344516,2952.39261,-1508.544492,0.8,10,2570.755917,135.0492287,-813.203059,2966.815386,7351.885032,14560.62136,78.83170986
30-11-2036,1739.178575,568.2387932,1249.359886,4575.863117,7,-506.0926836,-420.1848783,-48.64188416,2115.322653,5063.329817,3000.543105,-3393.134672
01-12-2036,0,650.3670682,124.652572,1148.413735,6,-750.8162594,1610.106801,-689.459995,943.7718683,4555.852753,4935.274995,445.2707616
02-12-2036,46600.53648,519.8875694,45528.49118,57379.29308,4,-11826.8428,2996.742594,7724.359104,18390.1829,95331,42856.96443,-28199.29928
03-12-2036,1103.365911,7735.060317,-8821.301081,752.7245805,5,154.3475676,880.8636836,-145.5715023,3184.074533,9316.084282,12860.43604,1865.069158
04-12-2036,0,387.8170823,-674.6951471,1460.48084,1,-6356.431169,102.870304,-4998.142857,11126.16519,13346.78242,49087.06421,134.3998255
05-12-2036,0,1221.190688,-93.33724132,30044.04904,4,-970.4892874,2170.047854,3523.084773,23502.00514,88923.78473,64900.93343,2297.213469
06-12-2036,0,5595.178948,-6223.252583,11739.77035,5,1306.509522,-4707.004461,-962.1247558,2077.328541,2402.381678,8329.836101,302.8736599
07-12-2036,0,11264.23698,-11078.35217,1232.495689,6,12804.73464,-248.8950805,208.325313,6715.738461,17052.96208,17073.8484,-325.6207789
08-12-2036,537.6113243,343.5141548,-267.7437362,3722.656456,4,248.1397635,324.1552592,471.516892,150.9908543,7907.403794,8188.68338,987.4866996
09-12-2036,1225.737479,236.8716718,428.0276485,2459.943848,3,421.7327782,1315.088525,47.91579397,2470.787048,5697.879919,4963.437769,-286.1307373
10-12-2036,1760.805848,1217.281702,-543.8066338,3585.039147,6,-1112.594475,5672.448137,-206.6023282,583.5404787,8404.049293,7735.36031,-876.3656024
11-12-2036,534.4621607,4520.082571,-3322.274496,34098.61777,3,2294.272321,117.66603,634.4862313,2300.297983,10456.85578,5878.563522,1324.844869
12-12-2036,0,0,-1032.472378,1030.169199,2,-2247.731146,-995.6550345,-255.7635274,735.5178845,5786.29636,4515.502094,-83.03422695
13-12-2036,858.7836121,543.8563475,-1592.847284,7248.847956,3,1591.547985,2318.946215,-4123.878908,11184.23127,9431.512605,40301.71192,237.8001299
14-12-2036,1884.697067,1023.682149,1409.877949,5613.577528,3,-29757.89514,902.3639603,-3958.920075,11691.12391,9017.565008,39861.26235,454.3904442
15-12-2036,1355.430077,641.5951409,434.6941757,34828.56065,3,2592.729522,-12857.86106,3161.886049,21579.09445,52793.92155,31119.36488,1181.699161
16-12-2036,0,678.6448008,872.8085247,1274.557166,6,93.48828581,1100.861295,-23.18320005,1379.686309,6533.760285,8375.227744,-519.8976708
17-12-2036,0,42.55931605,349.7902596,7488.120259,3,-223.40623,618.5765934,573.6818437,2342.648309,7901.859951,2465.778971,-999.7190952
18-12-2036,0,491.3627587,-191.8544607,0.8,2,427.5678054,1046.139002,-2001.405155,2157.446816,1521.761626,17684.42428,1975.730527
19-12-2036,743.088231,770.2546382,-666.6162744,1034.126648,2,-1257.107195,-199.5087171,-78.11756214,1636.205037,9409.015039,9315.891068,1617.200358
20-12-2036,1705.900121,0,1046.905432,9153.958746,3,487.3047716,-1837.325156,56.8935538,290.6261158,5982.654922,4026.20261,3248.76315
21-12-2036,73.23218406,639.7738826,-470.3079942,1616.810777,3,1035.36591,2085.611089,-171.6714691,1171.888413,12292.53031,10664.98321,1819.935895
22-12-2036,201.3012368,1288.959587,-452.0189655,1139.271697,1,2671.826357,-556.3513145,-100.3106673,829.0654241,7539.977551,6372.401067,329.1432353
23-12-2036,1284.660938,688.7712269,798.1200641,32933.74531,3,2352.542622,-12231.69159,3148.908994,21608.84527,52403.17814,27502.48679,743.0406004
24-12-2036,200.7080261,713.7250132,-608.5958218,29628.47467,2,-26838.68027,3839.811149,3288.122696,23301.80268,92654.93198,66509.32939,-617.7720613
25-12-2036,300.9197821,1259.449947,98.97028973,1216.445732,3,372.4702168,-658.5080577,-47.41144131,150.9908543,333.4331125,745,457.5199448
26-12-2036,1972.446385,137.5697125,752.1893446,6235.342821,2,803.6477259,-483.6935538,332.7181745,1150.689129,7994.305516,2218.399719,489.1339314
27-12-2036,0,0,869.7144692,1708.788035,1,128.7120099,-3180.908685,443.799635,1376.92036,2478.494,745,704.0529983
28-12-2036,2193.012339,366.3558462,1975.735289,6723.640285,4,-290.521454,-67.82843514,793.7058104,832.333066,7664.253789,745,-1117.911867
29-12-2036,247.0139402,1158.163909,361.0148663,3143.063385,3,3107.626935,361.6846038,69.58485325,6179.483572,13236.6931,13149.83955,-2169.640177
30-12-2036,148.1235019,4778.605447,-3855.155566,994.9052333,2,3906.182485,294.9287438,-1880.685053,5151.65071,9926.403922,20605.52693,5318.967838
31-12-2036,1302.078261,2688.367484,-2055.864852,13106.72711,5,784.1280089,1145.931778,-1034.740778,2427.521482,996.0187534,14134.457,-11614.83361
01-01-2037,823.1012096,3999.97715,-4653.906273,16442.87766,1,-562.9905587,-1258.205493,-873.1838771,1433.958718,994.6085805,6440.519019,-57.58267348
02-01-2037,86.441269,887.1010519,-1225.744795,1205.603906,6,769.3385036,-21.27995043,119.2499513,340.475582,12354.2284,8639.711518,101.0291816
03-01-2037,1338.817205,0,2659.38692,1096.53359,3,-1078.508408,1366.856362,-670.9963612,2442.900914,11454.53435,14886.21951,540.667817
04-01-2037,532.2257076,1428.077195,-528.1863265,3258.596249,4,-899.0967797,-305.4607679,-363.5654655,426.8419796,678.8653658,2414.295108,317.1170215
05-01-2037,0,9730.004938,-10169.69034,2648.900517,4,9929.201842,-148.6446466,234.7862912,6582.284458,14883.73469,13268.11319,-2590.053918
06-01-2037,2294.645678,1234.285357,2286.199445,1758.473887,4,225.634373,-4559.009167,439.8189503,1006.057302,4300.196202,4117.745513,-496.6789523
07-01-2037,1965.15859,640.0479922,813.5982489,2373.632626,5,-703.7343255,722.239802,247.2617381,1124.030794,11184.85391,7923.926776,11262.15771
08-01-2037,7761.536974,13316.89272,-6266.33601,200.1416398,4,-533.9853394,-437.4436662,-4669.734102,11343.99453,16687.0799,49401.43313,-6.451028495
09-01-2037,67.54935939,2940.682537,-2247.733881,1928.473304,3,320.0708176,949.5041312,47.22763364,1451.202217,4443.797573,5957.14043,6385.567718
10-01-2037,7466.885073,14379.41124,-5814.840318,0.8,4,-491.6607344,981.3203158,-4998.142857,11162.0333,15030.35243,52149.86288,1021.681718
11-01-2037,1616.053622,421.5539807,1666.926636,5782.743795,7,-591.4593252,651.7136175,562.123593,154.7675245,8124.13398,3331.118247,-4641.501543
12-01-2037,1666.107398,1516.492957,549.7758755,3736.221169,7,-864.0440605,121.2191453,-100.503208,150.9908543,4253.872479,4581.680313,-2224.12958
13-01-2037,242.7946974,356.5270671,-878.047539,3350.376628,1,2120.215381,-750.6437158,-95.37922258,1837.303159,5553.324765,5850.378169,379.2971711
14-01-2037,1433.032247,774.0746424,560.4694508,0.8,5,-282.8351843,-11325.86303,-177.1202244,1060.418442,2839.560678,3039.22878,1823.142141
15-01-2037,0,809.5050533,-644.3891497,4037.310738,3,-150.7833277,1003.80152,-495.5963047,3220.543725,10132.41819,12756.56793,549.5918672
16-01-2037,375.8330648,133.116311,-79.79196788,28480.83553,4,-1146.578961,613.2424845,3213.155667,23329.65718,88093.29526,66196.91336,2554.749001
17-01-2037,3237.202992,71.81458831,3113.712616,3677.43958,5,1296.315256,2748.627205,114.1786419,1719.261094,3266.37413,2792.369088,-738.2873064
18-01-2037,1425.53836,0,1035.769073,2178.911153,3,-261.3914808,161.3642574,-377.7581762,1253.937274,2079.455192,4554.848084,-368.0981675
19-01-2037,1668.763934,1294.888655,208.0530986,1058.78218,3,28.0699768,317.3378447,-1202.967162,2895.914678,4715.915062,11644.17828,589.1565909
20-01-2037,10397.03835,898.2373555,10310.11279,11706.82607,3,-1323.673316,-482.033046,1511.52455,2363.50745,14905.19357,1782.818482,-9962.128612
21-01-2037,1020.05032,2527.568833,-1515.331948,5759.757499,3,646.3128477,-174.6651795,743.7438482,1275.88938,7292.557312,2050.227143,92.92085783
22-01-2037,2133.54666,852.4209904,1509.791603,6839.783217,4,381.1260112,-273.4578618,709.5318893,894.2709989,8780.448004,899.9465662,-1249.553509
23-01-2037,369.2140967,134.0290507,1.973924666,0.8,4,-374.6572419,1860.20128,-456.6845772,168.863094,8306.049516,9726.571859,867.6837282
24-01-2037,125.585897,616.2097951,-1168.079386,14517.35676,2,-1055.005867,884.2558818,-1094.709015,1355.050176,2383.648944,7792.359409,-243.0922272
25-01-2037,872.7133667,647.7926151,1138.00151,1148.214873,5,228.0574669,-81.39169269,-214.2316339,463.3780832,300,2926.611992,-451.7922831
26-01-2037,1373.02994,0,1881.810017,35959.95735,4,218.647014,-27784.96147,1050.295154,840.0982039,10712.30238,1328.287977,1768.863132
27-01-2037,37.2112798,435.3748925,-916.852101,565.8862393,2,-3287.608613,-1002.962397,-217.1576829,1579.272024,4910.424091,5363.937623,287.1121972
28-01-2037,1136.543083,937.063093,1183.371997,8325.605085,3,215.5244556,-1214.939714,395.1458166,1571.174515,7937.846791,4191.861952,3458.162179
29-01-2037,218.6450197,42.2999556,-670.7042445,2039.895744,2,1069.387819,-709.2614891,525.4115324,2243.999826,5058.915486,4675.237757,529.6150077
30-01-2037,1824.421199,2580.755345,-1630.101269,1060.643389,3,-404.3333051,975.8775847,-43.8207028,1285.219555,4779.966332,4690.137651,6046.24305
31-01-2037,0,191.5703526,-432.926316,24391.68736,8,-254.5163348,-144.1209835,-240.590605,243.6038963,300,745,-566.5470381
01-02-2037,408.144476,0,1123.890541,8905.435012,3,-149.2065141,-1007.190616,633.8383749,1031.321967,7835.864333,4064.587496,2089.036276
02-02-2037,473.1553531,671.8094245,252.7566215,2278.418901,5,-835.5527297,48.62233181,-69.05163893,562.2038118,7957.274525,7960.848492,678.7363685
03-02-2037,3527.925792,356.1287061,2789.432198,4392.200244,5,146.1720753,2183.631954,31.63982396,1547.436377,2812.751414,3953.326656,297.9709293
04-02-2037,0,127.261896,-24.00197424,15392.13018,1,-257.5098132,-154.4296862,-1085.101598,1088.085658,300,8192.497267,860.346873
05-02-2037,46720,918.6738527,45515.72411,57433.79448,4,-12643.09631,2773.96228,7591.937704,18610.91304,93025.17383,41458.68218,-28064.85284
06-02-2037,636.9619195,532.3959389,-405.5160369,1554.295394,4,280.7955825,298.6781329,-202.4313319,1143.581092,335.2694033,1591.204969,823.1917031
07-02-2037,0,188.1785462,599.9777775,22797.52872,8,-457.8401662,-400.4015213,-107.2690862,361.742216,2953.076184,745,-1160.804854
08-02-2037,0,1076.371216,-314.285659,486.8241159,6,1144.676393,1333.524033,112.6731817,1340.038983,7298.156528,9460.810343,1868.794343
09-02-2037,422.6169642,0,673.1032865,13912.74304,2,2165.962711,200.4080247,-157.8984137,2400.562198,5936.180564,5254.405034,-3604.256379
10-02-2037,497.5970863,557.2557534,-244.4462687,816.3994683,4,494.9501344,-47.09427215,-71.24698695,842.4091712,5472.710236,2707.506603,2924.967495
11-02-2037,0,989.2005409,-219.6672894,0.8,8,758.4344116,-1290.251093,-105.1925086,1349.228949,4790.377382,4850.893459,1749.109902
12-02-2037,0,702.190751,-526.7395289,2887.624077,4,-21.30504589,-590.6315274,-87.97459376,373.3299808,300,4242.304054,1422.708619
13-02-2037,789.5179259,2129.973801,-1595.2,4680.473029,3,1528.20978,593.603894,546.7663954,1244.068189,10381.84958,4859.847048,428.801558
14-02-2037,1413.192725,982.1291453,-228.7247378,1796.984905,4,-617.1876884,-1287.469979,131.6981286,714.2377504,6984.581137,7223.260949,-281.2825608
15-02-2037,1220.737339,189.5434318,1046.139726,1068.790534,5,-49.09111967,-314.6647084,-72.3761964,150.9908543,891.7147972,3259.958347,17.72089064
16-02-2037,2.944131136,0,441.3141072,9585.794955,5,-4682.876682,-484.941094,-744.2539132,2037.407603,1381.20367,8043.193076,193.4559508
17-02-2037,19.90638728,0,-210.684369,479.4898444,1,-374.8218737,718.8144412,-133.7267721,150.9908543,823.509123,2494.016761,-162.636076
18-02-2037,470.1792944,87.13940128,619.8451336,1168.94274,1,1442.147068,576.9278367,210.9199258,300.9749137,1740.934142,2992.131233,-379.955625
19-02-2037,609.3078663,3253.714996,-2820.888052,0.8,1,3072.742447,-4719.107859,-15.05329862,1245.850707,7667.12973,5409.122905,-26.25982146
20-02-2037,1803.779238,354.4666011,992.6120373,2613.218875,5,-2026.122668,320.1298104,128.4201811,1116.246332,10167.22543,9484.053079,10940.48987
21-02-2037,0,1132.189772,-239.4068538,21554.7359,6,577.3263359,-785.8244326,-69.72595031,464.5168234,2573.015482,1978.9543,-4944.443062
22-02-2037,0,2.199699363,-1329.40086,21058.8454,2,-477.3824361,-279.8179198,2746.332242,7470.211906,41639.80648,21328.95057,274.3368328
23-02-2037,1233.51446,12456.9918,-11469.77338,0.8,4,-1813.579188,653.0076349,-2234.868272,5702.067438,6340.198594,22747.78351,547.4513093
24-02-2037,404.3031083,2644.683341,-804.1054171,0.8,2,-865.789196,-67.2655076,-18.26075027,1069.316633,8595.781148,8086.827037,335.2948453
25-02-2037,853.6595337,17.75445997,507.6876553,6162.572765,3,5776.886794,-14.17433736,683.4302426,2296.454013,9556.325669,2807.371614,-925.9022188
26-02-2037,0,492.7086777,176.7700484,1610.500654,4,11.44709616,347.050573,86.76601756,150.9908543,1444.43191,1061.026889,292.1623587
27-02-2037,569.7356399,430.2714728,159.5906544,21874.67779,8,-798.0825962,-27.29252103,-184.9415511,332.1773253,853.7378105,790.3318038,-259.8330704
28-02-2037,586.0562387,2427.163862,-1222.943081,278.9836028,10,718.9431522,1066.085839,-995.3431197,1946.242569,5493.951689,12379.80129,-284.8962168
01-03-2037,0,0,-255.6775779,7112.640818,3,564.8404726,495.7382341,497.445317,2073.188383,8568.83786,3965.461862,14.10454127
02-03-2037,1474.511239,344.8508299,1514.258899,31330.86145,3,48.40389324,-1625.762817,3529.695675,23453.27243,88422.1834,64419.91397,2079.400117
03-03-2037,382.4278126,4222.119327,-4564.596467,17715.44285,1,-321.5705736,-1034.920451,-897.9343387,1363.919747,300,6072.422067,-365.9910322
04-03-2037,0,0,-30.77898691,470.0234928,3,-477.6632958,-29781,-660.9815877,2063.595919,13208.7393,17350.32743,1875.328114
05-03-2037,1287.095208,190.5153643,77.9091471,2192.283896,4,281.6251741,-2387.185927,109.3541441,389.9883526,3841.79194,745,696.3751261
06-03-2037,221.4526052,0,700.8746397,5083.486317,3,-517.2202454,205.4168345,538.3737618,1991.566095,8194.491266,3924.508778,-42.30241366
07-03-2037,232.9468143,6.279488408,749.1093188,4857.139589,1,-160.4900103,-497.5339926,-203.9899391,651.4102337,5222.872542,9120.409059,-239.5986671
08-03-2037,0,174.4277442,-261.6810292,1147.766073,2,-943.9425205,-6645.405332,287.7649534,1311.63071,8208.221688,7627.676115,-1279.103011
09-03-2037,1864.488087,506.7271502,2110.640607,3946.246232,2,-290.3602274,626.9258758,299.5313644,355.877796,7051.281131,4439.283059,-2206.76594
10-03-2037,0,519.029609,376.4084748,0.8,1,-5819.337633,759.1693824,-4845.056918,11054.19888,15177.49119,49945.65153,-569.571047
11-03-2037,417.3511118,385.7264043,7.707806364,1707.498339,6,-3138.881851,-510.282405,-949.7586269,2558.573907,8453.527704,13398.94586,-500.6762507
12-03-2037,330.5985266,348.7215977,120.4537414,2211.818098,1,1902.864755,-393.2370263,83.17267617,1133.044234,3839.962179,745,-362.8621716
13-03-2037,712.1833812,1183.65622,364.8228663,7628.62233,2,-639.7421602,599.4008604,60.75981322,989.6579145,6979.131628,5484.895913,1705.485947
14-03-2037,785.3949071,539.2897649,409.2718977,625.5220744,6,-1028.540201,463.2125076,-52.37763855,461.8684783,6265.16268,4763.935519,-789.1857932
15-03-2037,0,328.5421552,-760.0508044,624.4233702,2,144.5368429,1750.308078,-1861.759114,2299.456757,2100.554731,17028.2805,2285.023473
16-03-2037,1281.706567,501.4764591,-103.6171715,5958.617228,5,1159.531644,4233.600666,-42.44071287,3272.600414,13487.486,11868.52566,-993.7185279
17-03-2037,3203.356811,1444.167446,1461.127825,9315.157337,3,701.6061474,2326.844327,521.4919948,875.2017083,9979.888854,4709.770615,-647.0691294
18-03-2037,176.0782709,0,40.33058863,2753.033139,2,-2626.332377,-1015.944248,-305.4573905,911.0276193,5295.726493,4100.125377,-38.26984839
19-03-2037,0,96.90563117,943.3845118,1524.787686,4,-614.6423823,481.588357,-244.1408408,1541.014954,1687.601498,6222.683788,-133.5606664
20-03-2037,2767.494879,0,2812.3071,11836.3642,3,1268.935197,165.5974707,1045.222273,1082.702306,7854.198034,3820.296863,1582.931428
21-03-2037,882.9522717,12198.24459,-11008.31159,0.8,4,-1932.616572,233.4762943,-2349.391999,4325.922313,5704.188375,23226.45591,727.3115081
22-03-2037,123.8874552,93.04008084,-585.320725,23596.23517,2,-57.5674167,-222.4897086,2647.934878,7609.675784,39951.37447,24324.84538,-552.7316243
23-03-2037,227.1633266,782.6935275,598.4205044,1050.321657,5,557.120721,-620.7867844,-180.220395,768.6753473,2892.164276,8520.86225,-971.388078
24-03-2037,52.24460912,277.5128858,189.7279486,2276.305842,1,90.12714944,-4389.236389,388.3868258,150.9908543,4141.246724,2092.551979,938.0684602
25-03-2037,644.5997348,611.8781128,4.963131503,1981.155995,5,202.0934978,-740.0472396,-336.8951061,916.7823461,1146.181601,7836.507703,90.84057054
26-03-2037,0,877.390454,-329.3934072,2733.532058,2,331.1639673,888.7863858,-204.1862249,663.0576372,3041.244735,4352.823731,-2347.927198
27-03-2037,373.9767571,664.4821349,-745.0097314,0.8,4,166.6045116,10868.94835,-1945.098112,4042.176248,4614.229708,17704.35328,-235.2405635
28-03-2037,0,5527.247286,-5539.583282,2771.063069,7,752.8212707,6191.19281,-538.4624572,2449.798358,6166.014861,10024.89081,1730.850418
29-03-2037,663.6779067,360.8122945,-1312.424455,2554.538986,4,-28.54295785,138.5290812,106.8654327,597.5365434,300,745,-32.85542418
30-03-2037,2015.092963,31.61651468,1037.564264,2457.748161,3,326.8038206,1438.995646,-657.1251131,2115.9743,9816.698007,17126.28174,-1006.135734
31-03-2037,2846.546781,157.606242,3432.403424,5987.342559,4,-1553.103309,-52.36927143,791.2833324,1607.626111,8051.251347,1272.758625,306.3915546
01-04-2037,0,5295.098864,-5550.308665,11406.07048,5,-462.7545064,-5192.250648,-736.8355433,2019.030676,597.3945195,7712.929474,-97.85163472
02-04-2037,3499.310508,293.4061106,3813.061664,3897.421745,5,-518.1804495,3984.714287,-65.44696346,1549.095976,2189.362654,3115.483339,-292.2140979
03-04-2037,182.5484269,941.7862581,-943.5430097,15971.34339,2,-1175.920851,536.8761703,-917.1579022,1700.598753,300,7822.913466,-768.2792953
04-04-2037,377.4555217,377.1858798,898.2657606,7198.529686,2,-281.4208489,-392.8042696,665.8303121,1992.343537,7236.792242,5277.538178,393.050198
05-04-2037,442.347895,520.89333,-303.8011807,22139.22238,8,918.690504,-684.6732268,-153.5115982,150.9908543,300,745,200.2995101
06-04-2037,1313.966866,746.7503471,-956.5037498,7155.363,3,308.4270482,1150.865201,505.8543015,538.2837254,6337.845157,4032.009156,1383.249867
07-04-2037,0,10268.12312,-10265.08685,3129.127813,4,10249.30071,319.2875921,240.8294677,5704.95144,12523.88483,12861.08555,-2602.541638
08-04-2037,5004.901971,5151.610304,-273.7548126,5791.090287,6,145.7582308,-315.3600502,944.0323667,2938.001208,14241.91868,11794.93921,279.3378918
09-04-2037,2269.967977,14325.51205,-13333.45425,13144.92528,7,18734.05247,426.2787261,1507.16634,8361.929238,50853.20595,41447.22364,44991.62497
10-04-2037,390.421676,0,-446.7635884,3067.220014,1,-145.9570192,-3055.299606,313.4485484,480.3489009,3421.043059,2273.484275,470.5146798
11-04-2037,998.0660628,2399.537019,-1141.419018,7503.791777,3,322.3821226,-3624.153955,-3873.299984,11308.45135,9079.854028,36603.86435,-5620.621137
12-04-2037,976.0007969,134.6998597,559.8458044,2231.708023,4,-510.750859,-102.3865203,59.7840913,378.4039313,4229.544461,2012.868977,3736.235247
13-04-2037,511.4170861,5378.961767,-5086.587883,0.8,12,1488.15793,-86.15834635,-241.2284646,2569.784854,7037.081255,7133.75912,1889.135267
14-04-2037,0,0,-393.679659,0.8,1,-3504.881348,1769.832277,-311.6427327,1885.967099,2727.839693,7095.289474,1358.840696
15-04-2037,398.5714965,479.9044681,-191.7784714,3097.569108,3,1199.596979,688.1879179,-586.7893623,2368.296587,9680.424444,10691.47649,-21.982594
16-04-2037,0,513.7277467,-777.789365,30268.95041,2,-27603.09,2679.687855,3264.04481,23502.00514,92665.16087,67490.43013,284.0936019
17-04-2037,0,505.7271112,-1568.895717,1260.179667,3,41.31337592,262.9167511,20.28228661,792.7707552,5029.203886,1878.637503,-377.0190672
18-04-2037,0,4814.097848,-5023.580507,696.909472,4,-198.7933306,-107.5603842,-261.3809747,2071.122125,9298.748231,8043.676774,462.748019
19-04-2037,2164.606422,886.5265062,619.8024935,3025.503565,4,-1075.440419,-435.367381,226.8216178,1056.365407,13605.35645,10659.92677,-497.3400845
20-04-2037,0,2204.20163,-2506.96034,0.8,8,17.38593713,-1222.902786,-598.7936742,2632.882376,6474.132745,11345.65032,1538.673072
21-04-2037,453.9169023,0,113.6942891,777.112937,7,-768.9611171,2129.858817,-279.9103392,1008.589966,1313.618625,5282.570659,3.162665852
22-04-2037,935.2679633,12971.2939,-11922.60745,819.0091078,4,-2004.242394,-209.0135331,-2125.519558,4581.524933,5391.701836,21211.0018,-826.6284294
23-04-2037,609.5726208,1779.056016,-749.7392712,2348.013534,6,-341.8156397,-440.1402813,-180.5383206,571.4527653,6930.995516,8744.807106,167.2766631
24-04-2037,494.2807738,254.1930865,-379.5284415,2194.044219,5,-194.8435945,153.0438333,-253.9674092,1487.84288,10403.69394,7073.851812,1419.462645
25-04-2037,7534.069458,13480.06885,-5271.674755,1575.290872,4,-705.0732867,-248.2803863,-4969.227368,10994.66317,16825.45715,48169.58275,-382.5802153
26-04-2037,189.8315942,563.0126953,540.986497,6552.895758,2,-105.0032371,143.6612612,500.4304586,2277.501278,9495.45925,4389.4108,-1025.779316
27-04-2037,1549.864759,604.1906596,-893.5176903,3704.343192,4,-2440.865388,81.54408922,282.5611148,1995.299297,7509.418704,6129.948168,126.0634023
28-04-2037,1416.62718,0,742.1034847,3234.538417,5,-5704.22039,-364.2788846,-506.1165627,1571.949917,8153.837021,8475.863303,340.7500422
29-04-2037,7501.256712,13152.23399,-5687.918823,267.0703326,4,-149.4645322,850.5919528,-4998.142857,10775.23081,15825.62405,50427.55253,-29.48827818
30-04-2037,1402.126567,0,110.7078371,1742.332501,2,877.2144098,1124.900543,-208.7860027,1735.318628,9020.399778,12072.29371,1764.751927
01-05-2037,2535.742582,0,1298.09537,6189.518302,5,-695.2319807,996.0592464,684.9562406,2238.147828,9242.336591,5053.179518,1934.408148
